Date,Close,High,Low,Open,Volume
,INFY.NS,INFY.NS,INFY.NS,INFY.NS,INFY.NS
2020-01-01,619.7404174804688,622.3898000008284,616.1238383690204,618.1844635143362,2112415
2020-01-02,617.93212890625,623.0626186809424,614.7360835711299,621.4646216807182,5658200
2020-01-03,627.4360961914062,629.1182304975495,617.2592041731061,617.2592041731061,7882938
2020-01-06,621.42236328125,633.9963258227109,619.4458762669432,627.5200993341153,6519403
2020-01-07,612.2127685546875,624.576413976731,609.8577395841436,620.7075258131158,7899363
2020-01-08,604.0545043945312,613.1380203550798,595.7279181521372,609.7317082867079,8639443
2020-01-09,611.9183959960938,615.240621512479,600.7742562352731,606.9981736921635,13521186
2020-01-10,620.8336791992188,624.8287477877989,614.3994955700625,622.7681231962308,9341405
2020-01-13,650.607421875,653.9296470691644,635.0056379899925,639.2109733409196,36952038
2020-01-14,652.3736572265625,653.4670340900385,645.2666306119829,647.5795649263063,11414418
2020-01-15,645.5611572265625,650.8598706326255,641.0194248790817,650.8598706326255,6047430
2020-01-16,645.0984497070312,649.7243186423489,639.4212469227776,648.2104081668134,5740586
2020-01-17,645.8134155273438,650.0608458665614,641.1034598393667,648.2104877981894,3762957
2020-01-20,646.3179931640625,651.3223524429509,641.6921243294809,648.9673236048908,3887680
2020-01-21,641.313720703125,648.042258100666,639.8418531474128,646.3180806594794,4448374
2020-01-22,647.7899169921875,654.3502303716543,644.2574247618087,646.3180495074183,9733935
2020-01-23,659.69091796875,660.6581656069394,653.25678585816,653.5931818762608,12528017
2020-01-24,658.3453369140625,661.4993388475377,650.6495516625163,652.4578666382421,7540490
2020-01-27,654.4343872070312,660.069547881193,651.3224795424171,655.2334113376766,3741610
2020-01-28,654.3502197265625,657.5462645174204,649.3038170037356,656.873421087976,5121009
2020-01-29,664.1907348632812,666.7980224796606,659.6069086547881,661.5833959122372,6832757
2020-01-30,656.6210327148438,664.1906358940819,654.350141494141,664.1906358940819,3859680
2020-01-31,652.6260375976562,660.195641626236,648.9673648497117,656.4949257895097,6092028
2020-02-03,645.4349975585938,665.2421200893305,642.995882115459,657.714558292072,6416745
2020-02-04,662.6347045898438,664.3589332396054,647.7057633307895,647.7057633307895,5771311
2020-02-05,659.8591918945312,661.0787494728322,651.3223915157496,656.8734139163893,6310409
2020-02-06,648.7571411132812,661.7516391580695,647.6217209675293,659.6910143244213,7341622
2020-02-07,653.7615356445312,655.0651795602332,648.4628224594617,652.6261154386838,2853344
2020-02-10,650.3131103515625,654.3502222786368,647.4114185076872,650.985953783631,3827682
2020-02-11,650.607421875,655.275333847597,646.9488006535574,655.1912476744426,4312817
2020-02-12,656.9154663085938,658.7658242465668,651.9111066586198,652.4998639117927,2948825
2020-02-13,666.33544921875,667.8073167304354,657.8827346328608,660.2377123846245,4387430
2020-02-14,661.457275390625,672.1808816342858,659.9012703505496,668.2278557324347,5321680
2020-02-17,663.98046875,667.3447373343718,658.8078852676626,664.6953552903132,2929629
2020-02-18,670.877197265625,672.0546604125798,659.102257788104,660.2376778467144,5083346
2020-02-19,673.232177734375,676.9328422135535,669.6155994322401,672.8536872683541,3985192
2020-02-20,670.3303833007812,677.9840722876686,667.6810017789678,675.5870519276694,4564569
2020-02-24,669.36328125,682.6100890694331,666.2513738141197,672.9378166933391,6627536
2020-02-25,671.508056640625,677.9001466709008,668.9848551021477,672.0126764144537,6996695
2020-02-26,658.3453369140625,674.073303489259,656.4529357539774,667.7652996223086,8760569
2020-02-27,654.2239990234375,656.6631140571616,649.4720008848509,654.3501796176391,5223386
2020-02-28,615.4088745117188,636.5196404921938,607.2925555769194,630.8003938548435,14123957
2020-03-02,623.2727661132812,644.1733144136376,617.1329865312487,619.866454614692,9821523
2020-03-03,628.2771606445312,638.3699664380177,623.4410245351523,635.0056978401889,7826587
2020-03-04,638.1596069335938,640.472541258559,627.0575119068291,634.0804523852453,11013444
2020-03-05,634.669189453125,650.607420670565,632.272168841398,642.3649736649388,7755293
2020-03-06,621.506591796875,625.7539707128719,613.2220494214494,623.2307692180619,9216022
2020-03-09,592.48974609375,610.4885517564255,586.2237857495801,609.353131672268,10308654
2020-03-11,576.9720458984375,585.3406740322644,562.7159479085041,580.8830285510021,16165009
2020-03-12,530.881591796875,563.5149867317193,527.769633095752,561.8328524429679,13965574
2020-03-13,540.2595825195312,560.9919128771215,479.4083813192792,497.9118627035321,16903113
2020-03-16,490.46832275390625,523.2699411824093,487.8189407315845,523.1437605776648,19140152
2020-03-17,466.750244140625,497.9117730484286,462.58695131188466,494.6315904961684,16059887
2020-03-18,449.38214111328125,486.1367836379627,444.0834286519798,477.72611264076613,15390183
2020-03-19,458.8441467285156,469.31544240392265,428.3134212261606,428.3134212261606,16583991
2020-03-20,492.1925048828125,519.3169203841148,460.90479673530757,462.16639745629834,21354894
2020-03-23,442.7798156738281,471.7966326299263,433.9065674223022,454.17626539979733,17146150
2020-03-24,496.0614013671875,505.60754444680555,439.0370581095472,439.0370581095472,20027097
2020-03-25,509.85491943359375,534.0776432214278,475.7916996690775,502.1170913436101,18339548
2020-03-26,540.8060913085938,547.4084468505824,514.8170999793414,517.256214859697,14843813
2020-03-27,548.9644775390625,567.6361764431037,540.1753165397977,559.3516351434106,13495283
2020-03-30,527.0968017578125,558.0480631150446,522.3867948402923,525.7510634950928,14624804
2020-03-31,539.5446166992188,556.786494551649,532.9843027101059,546.6936880038849,15175521
2020-04-01,506.9952392578125,536.1802779894242,499.59385902073404,533.5308960819646,13083824
2020-04-03,492.6130065917969,509.68665831119677,489.6272286788533,507.5839905788898,10221655
2020-04-07,537.44189453125,541.8574969511077,515.4900630349658,517.2562834690434,15145605
2020-04-08,531.218017578125,551.4457245999333,526.8024148230776,529.8723306056918,11806896
2020-04-09,535.1290283203125,549.0486807939698,531.6385787608582,544.0022773834835,11931114
2020-04-13,536.09619140625,548.1234406992095,526.5500489967274,529.0312072148263,8330276
2020-04-15,537.48388671875,549.4690921518867,534.5821951364273,547.8710955615969,11963447
2020-04-16,524.69970703125,533.9935398591708,507.5840115180687,521.419576034334,17783287
2020-04-17,528.8211059570312,543.3295180091327,526.5081707023484,541.6473832784543,8878320
2020-04-20,549.4691772460938,555.9454047851077,537.4419268648772,538.2829940430695,13322913
2020-04-21,532.563720703125,543.7499033433327,528.0219376355332,528.0219376355332,11660575
2020-04-22,539.8389282226562,542.488310271803,528.2322118512158,532.5637281957789,8266728
2020-04-23,571.3369140625,574.995587025574,536.6849366494273,544.2124980318446,14451289
2020-04-24,553.4221801757812,567.7203216088942,550.7307550508507,562.2954282688096,7319940
2020-04-27,558.9732666015625,572.7667898574003,555.9874881695337,555.9874881695337,7183306
2020-04-28,555.6930541992188,569.4024379327346,549.2588702234253,566.0381694663669,7296571
2020-04-29,569.0239868164062,573.6078131857772,553.4222009915563,560.15073838963,8639056
2020-04-30,601.7835083007812,605.5683102397799,587.1489202694552,588.7469682886748,16253821
2020-05-04,566.626953125,589.7562999093207,563.8093473522927,580.168113799409,9122740
2020-05-05,566.626953125,576.6356214781432,563.5149943816311,573.3975334622045,6393053
2020-05-06,560.0667114257812,573.1452971092436,558.5107061871496,569.3184513263835,7934250
2020-05-07,559.2676391601562,567.1736399581171,557.1649711817623,559.7722589411038,4779548
2020-05-08,567.047607421875,572.682768832296,562.2535133463026,565.407515851985,8400321
2020-05-11,574.3648071289062,587.5274779099074,570.243557345785,574.028359717549,7370186
2020-05-12,578.3599853515625,581.1775404479384,568.1409964870948,570.6641985440322,7356039
2020-05-13,583.8268432617188,588.6629798758297,575.0797234605891,584.3735061651205,8287101
2020-05-14,553.5482788085938,564.9867697273427,548.8803157877804,554.2631652405192,16888262
2020-05-15,548.6281127929688,559.1414525725928,543.9181571055639,559.1414525725928,9255353
2020-05-18,558.3844604492188,563.9775257855467,549.2168086529995,554.9780976739177,10435442
2020-05-19,562.33740234375,567.552028258066,550.8989111349637,558.4685144940701,5902208
2020-05-20,563.136474609375,566.0381664128967,554.8099410008298,562.25336440865,5794636
2020-05-21,565.365234375,571.4629699816402,559.6459891763926,560.5711423207796,7213225
2020-05-22,582.3128051757812,585.2565401219556,566.4587103566795,567.720311047897,11867731
2020-05-26,572.3883056640625,588.28449719359,571.0846616959029,582.859603174169,7099606
2020-05-27,593.3308715820312,596.4848736090092,567.7203648560363,577.0141472285978,8774636
2020-05-28,594.9708251953125,597.1575788940195,580.3362386434837,594.6343778564392,9440091
2020-05-29,589.0885620117188,597.4432084902894,575.4056904787728,590.3673360247687,28290128
2020-06-01,596.3776245117188,602.430520013001,589.5148803460512,595.6956220416533,12276438
2020-06-02,603.6666259765625,606.6930997401761,594.6725915821884,597.1875244687976,7059304
2020-06-03,598.0826416015625,606.9062141918644,593.3511877952305,605.8831844958719,11378568
2020-06-04,603.3682250976562,604.8175127670321,594.6299357196965,598.4662578856301,10782424
2020-06-05,599.78759765625,606.7356235946554,597.2726651490909,602.7287881465396,7718679
2020-06-08,614.5360717773438,618.7560359307533,600.1711995336993,603.2829034128403,10719105
2020-06-09,611.7654418945312,621.99563357861,609.5915365683536,613.8115010447252,10078029
2020-06-10,610.2736206054688,613.3427097414555,604.6044198419748,609.5490027442587,7263049
2020-06-11,600.128662109375,608.1849488973281,596.9743424317145,606.9914056570949,8825715
2020-06-12,589.983642578125,592.6264731974438,575.8745142565444,576.1302586304287,9795316
2020-06-15,586.1473388671875,600.5122640371706,584.1865625626119,590.793561263612,7857344
2020-06-16,597.7842407226562,606.9914032871766,596.0365932968477,598.4662431286489,10131760
2020-06-17,599.8728637695312,605.5420635672415,595.0561278809,596.6759289850708,7291916
2020-06-18,608.6112060546875,610.9129576764952,601.8763086992066,603.7518543454688,6670195
2020-06-19,601.49267578125,606.9061838028125,597.6137382435629,604.4338664974124,22438862
2020-06-22,599.9154663085938,604.1780459298948,596.7611469821425,602.8139892310129,7804096
2020-06-23,614.3656616210938,617.6478273297574,590.0262887724396,593.0953775196116,12157390
2020-06-24,608.82421875,619.6085130972523,604.7747684381621,611.1686373515903,10220838
2020-06-25,597.1874389648438,601.5352496128797,591.2198271550594,600.8958626332601,14945284
2020-06-26,637.8524780273438,640.7510011910102,605.2863566034009,605.4568702091336,26030458
2020-06-29,623.8285522460938,634.8686443085215,622.4218801020619,626.9402563060698,8954428
2020-06-30,627.4091796875,629.9667277652803,617.4347317774669,624.7237333924511,10411290
2020-07-01,623.9564819335938,632.8226171237593,622.1235517180992,628.5174217254794,5477468
2020-07-02,645.0135498046875,652.5583472155681,626.94025321164,628.6026176947248,17263756
2020-07-03,650.2139892578125,651.3222496948442,641.5183153080762,643.6496053921562,7796572
2020-07-06,651.3222045898438,660.6998803103781,649.1909146533586,652.3452341660457,8810958
2020-07-07,677.0255737304688,679.4126080233551,652.6435859361666,655.9258036181499,19362533
2020-07-08,660.444091796875,669.1397645634188,658.3128020027929,669.1397645634188,8476642
2020-07-09,666.4117431640625,673.4876152978444,660.6998757668727,664.9624556105299,6854166
2020-07-10,666.5396118164062,673.4024072228784,659.4211240508266,659.4211240508266,5206452
2020-07-13,679.4978637695312,686.573736125106,670.1201878195426,671.7826044173664,10804688
2020-07-14,667.7330932617188,687.4688575912256,666.1132922029575,676.0025080790534,8961822
2020-07-15,708.3981323242188,723.3171613073787,677.5796602113422,681.1602375739893,30060599
2020-07-16,776.64208984375,814.5790525199815,762.3624465892135,767.349644464732,90432109
2020-07-17,769.9498291015625,784.2294717842034,760.5721533099775,776.6420587394516,31682878
2020-07-20,796.5057373046875,805.6276694715315,773.0189304691123,774.5108335607263,18421053
2020-07-21,798.5942993164062,809.6343910427079,792.1578144363707,805.627555755542,12877784
2020-07-22,782.5244750976562,800.5125422953873,775.789577730354,800.4699269011028,14354201
2020-07-23,774.0419311523438,780.7341610993074,767.8185746099248,780.6063149163126,13051307
2020-07-24,786.7442626953125,789.2165795721606,770.0349721831532,770.0349721831532,18209580
2020-07-27,808.5687255859375,812.277148982619,783.1637618639511,785.6360267839249,16827870
2020-07-28,820.8449096679688,824.8517447859435,802.3879717392343,806.4800376334346,15818463
2020-07-29,813.4281616210938,818.4153594040835,804.4340762008848,812.6608764082735,11152710
2020-07-30,819.6514282226562,829.1996167764545,817.3496248697896,820.1203015642635,12492320
2020-07-31,823.5304565429688,840.9644191611527,812.7034929291409,826.3011335447954,12704346
2020-08-03,815.7725219726562,823.0189074464298,807.7162359510077,818.415300567361,8479792
2020-08-04,809.7622680664062,827.5372571462865,801.8338800032506,818.7989685101674,11133170
2020-08-05,805.371826171875,819.2252103215355,799.9157032934003,811.5951821831875,9614176
2020-08-06,827.6650390625,830.6915121282592,803.4962341587408,812.873909040169,10976491
2020-08-07,810.6575317382812,826.4716940391913,809.0377304319395,826.4716940391913,8010948
2020-08-10,811.0411376953125,815.6873606566592,805.8834259083017,808.9525149626409,5716319
2020-08-11,808.5687255859375,820.120305764603,806.5652819765306,809.8048840626453,6802442
2020-08-12,814.1101684570312,817.3923342591754,803.2405894056235,808.1851718223195,6908726
2020-08-13,810.9132080078125,825.6617240082926,808.398275468109,813.9822447126891,5097703
2020-08-14,812.9592895507812,820.972961284278,811.6379000717075,814.8774506752771,4663873
2020-08-17,816.2840576171875,829.0291820305367,813.3854824477792,813.3854824477792,9008210
2020-08-18,824.851806640625,826.2584787879165,817.3070612084666,821.7401546068832,6141761
2020-08-19,817.8185424804688,828.2618628941742,816.2414087823889,827.7077587453504,6622744
2020-08-20,814.2806396484375,823.1041590171701,810.9984219838175,817.4775744970283,5656501
2020-08-21,808.8671875,821.3565679775162,806.9490264594328,821.0155407569249,6513773
2020-08-24,807.6736450195312,811.5951976401286,800.6830037087991,807.3326178205901,5798574
2020-08-25,799.7451782226562,808.7392629683003,795.9088565131773,807.7588488291673,6233918
2020-08-26,810.5722045898438,813.5133952045035,800.0010373812659,802.4306871744709,5153601
2020-08-27,807.375244140625,819.22523701272,805.7981103994258,818.415336429356,6154280
2020-08-28,797.3155517578125,812.0214520709077,795.4400062387288,811.1263207194082,7593610
2020-08-31,791.6463623046875,810.3164841198824,779.7111379199654,797.3156147008101,12808355
2020-09-01,779.3275146484375,797.1024522625171,777.5798152386446,789.6429373349267,6907773
2020-09-02,787.7247924804688,789.7708517158751,778.7733743840998,780.0521483978669,5678118
2020-09-03,797.5712280273438,809.378604287557,787.7246799348462,789.8559696532847,8827948
2020-09-04,783.5901489257812,792.4136692384016,779.583313080231,780.0521865014927,8650342
2020-09-07,788.619873046875,790.7511629324314,778.3896815962045,783.3769311484731,6700385
2020-09-08,800.7681884765625,811.59515100272,789.0460946464286,792.7971854854484,12891964
2020-09-09,790.9217529296875,806.4801705971267,789.4298498656864,797.1024941948345,5528947
2020-09-10,801.4075927734375,803.0700092502301,788.406724789291,797.358142089851,5171884
2020-09-11,806.2243041992188,813.4280740249055,793.6923099511957,797.0171428041101,6671903
2020-09-14,834.1016235351562,844.885919046928,808.4408623049452,815.8577614521076,21871587
2020-09-15,837.5543212890625,847.4008702906807,828.3471592620098,835.0393887824163,11608203
2020-09-16,854.0078735351562,857.3327066338223,837.1706831160703,840.5807469984169,10059251
2020-09-17,861.8936767578125,870.4188367653081,848.2534207458194,848.2534207458194,15628241
2020-09-18,854.3489379882812,868.5432982973871,851.7487225378605,861.8936838435625,12897633
2020-09-21,860.955810546875,878.943874854181,852.9421404380291,853.3683983792776,14140637
2020-09-22,858.9097900390625,871.6975288485771,845.0137909394118,860.188563920014,12625762
2020-09-23,869.3532104492188,884.05911177822,859.4213780136444,869.6942376702272,13486204
2020-09-24,831.544189453125,860.1887083837423,826.9405818951735,855.0736120008855,14427432
2020-09-25,862.2772216796875,865.2184119557631,831.2030065659935,831.8850088826415,13311078
2020-09-28,861.3821411132812,866.2841078509341,851.2371804428481,865.133180092462,8554526
2020-09-29,860.1885375976562,876.3863395940442,856.0111889010009,867.8611806485768,8708463
2020-09-30,859.5492553710938,872.9337669524186,856.7785783763444,860.188642369882,8048817
2020-10-01,867.5628051757812,875.107549892408,862.5329406757368,870.0776853923636,5563358
2020-10-05,894.033447265625,899.3191086674569,867.903864263749,867.903864263749,14212509
2020-10-06,900.043701171875,903.666893906879,879.2422914798864,899.404314218639,9090819
2020-10-07,909.2509155273438,913.8970857638473,882.7802540190894,890.7939246516647,9284008
2020-10-08,932.3966064453125,958.227880070405,927.878334575502,929.2423392141828,21482613
2020-10-09,943.5647583007812,949.1061123470237,927.9210063167188,933.5902585774076,10567867
2020-10-12,965.1331787109375,971.8680747793629,948.0828616095453,957.3753052431795,14633537
2020-10-13,987.043212890625,994.0764709342654,968.0747290759584,968.0747290759584,17523825
2020-10-14,969.3106689453125,993.095885592969,964.280803851567,990.6235684383932,16649573
2020-10-15,944.8009033203125,1011.0840255699442,931.3737756620269,1005.9689293191688,44288251
2020-10-16,961.2117919921875,968.41551058036,935.1248231514991,949.5749277546903,18365685
2020-10-19,959.8478393554688,971.0157787720392,950.8111900591178,967.605714579688,12902123
2020-10-20,969.737060546875,975.8751348198377,946.2928678743132,953.8802819526327,10448776
2020-10-21,978.9866333007812,984.1017288071033,967.6055666125916,972.8485603199485,19811433
2020-10-22,962.533203125,987.2134989725573,958.0574942566011,973.5732433736274,11271335
2020-10-23,967.2291870117188,978.0001133704238,965.2042738932478,976.2767651530311,9069862
2020-10-26,958.5693969726562,973.3471301581686,950.555890230411,967.0138459886165,6309368
2020-10-27,939.9573364257812,956.1998750332847,928.152441251482,952.7531780265001,10172479
2020-10-28,927.6353759765625,951.934545658751,922.0344938341937,943.9640595330724,7608392
2020-10-29,926.1705322265625,932.3315240555805,913.4608372359711,921.9914332157773,6935616
2020-10-30,913.8916015625,933.7101074269049,906.7827896763548,923.7147081148677,8800386
2020-11-02,923.9732666015625,930.564989940065,905.7057108486894,917.683003004685,7183119
2020-11-03,915.5719604492188,930.0911496372978,911.2204636787559,923.7147395400722,7204782
2020-11-04,942.6284790039062,961.6284377922875,919.2341078775322,920.2680748764902,15702690
2020-11-05,951.2884521484375,967.6602642778038,946.9800805354464,956.3723516887378,9568890
2020-11-06,958.8279418945312,966.0229002463029,940.6896583675481,954.7349895476437,8807127
2020-11-09,979.3358154296875,987.4785942243576,966.0660122364769,973.0886777262612,10160320
2020-11-10,940.129638671875,959.7757464994585,928.884748758151,959.7757464994585,15622869
2020-11-11,967.2291870117188,970.5466112932344,936.6397561529963,944.3948231312639,12514800
2020-11-12,963.1361694335938,984.0317651470938,959.6894732334288,972.0544748145564,9180976
2020-11-13,968.6940307617188,976.2768053040325,962.4900189978855,965.075041430288,6363212
2020-11-14,976.6646728515625,982.0071165108313,974.6397593258476,979.7236586265789,1136144
2020-11-17,968.2632446289062,986.6169469384652,958.7418079462105,986.4015283910987,12813968
2020-11-18,956.9322509765625,976.0182488846101,949.0909322143051,972.3992595980534,9839468
2020-11-19,945.0411987304688,960.5082088719068,942.4993018609314,947.8416399393806,10092343
2020-11-20,950.7280883789062,955.5965680357107,940.172580751821,953.0115457596897,8063554
2020-11-23,982.1793823242188,986.4447330138761,949.5219068964183,952.1500554582732,10546363
2020-11-24,982.3517456054688,995.1475868529994,976.5784651675503,986.6169909596982,8515426
2020-11-25,961.3267211914062,985.3243236020288,957.5353341519498,979.7234420074393,8958701
2020-11-26,959.2156372070312,965.0319378135229,946.3767763124209,965.0319378135229,10962256
2020-11-27,947.8416748046875,965.9368340509589,940.0866065562856,963.3518113014916,25306145
2020-12-01,980.4559936523438,982.5240328246149,952.1931422474431,952.1931422474431,8933802
2020-12-02,983.0841674804688,988.7280706761666,965.936828962366,977.1385941510465,6741637
2020-12-03,970.6327514648438,988.3401963593363,967.40147357788,988.3401963593363,16212632
2020-12-04,977.6986083984375,979.7235216410278,960.7666900877274,969.383431702864,10564055
2020-12-07,985.3245239257812,993.5104294590518,978.8619669258308,988.5989282130283,7792141
2020-12-08,993.8120727539062,1005.5739484579302,986.6171130971123,986.6171130971123,12308330
2020-12-09,1012.6395263671875,1016.3447676789543,996.9570972484528,1006.47863968937,10039346
2020-12-10,1006.2201538085938,1009.5807045821114,990.9254351358449,997.3018459293411,9488782
2020-12-11,1002.2994384765625,1009.8390881110338,995.4491703111808,999.283578622774,10574009
2020-12-14,1003.4625854492188,1010.3989986374711,989.3741301844598,1007.6416836732305,6728187
2020-12-15,994.8890380859375,1002.7302524880982,992.6487061402976,996.095403036618,6905926
2020-12-16,1004.4535522460938,1007.2109727403913,994.027315677097,999.5420514808553,7788404
2020-12-17,998.8527221679688,1007.2110252833137,996.2676994861832,1004.6260026015282,6658153
2020-12-18,1025.2200927734375,1029.7007569220882,1012.9842549777642,1019.2313934611827,15995676
2020-12-21,1014.4490966796875,1042.4103829179542,992.6918227233508,1023.6689687179414,10858352
2020-12-22,1051.67333984375,1054.559927318439,1013.4149851000539,1018.4988838142667,10901851
2020-12-23,1079.7208251953125,1084.7184721056449,1060.333157009501,1066.752587290426,15878346
2020-12-24,1065.072265625,1077.0064303379504,1056.412399234346,1077.0064303379504,7313885
2020-12-28,1068.734619140625,1075.3694688214343,1065.0293777750744,1067.1404376231014,4607051
2020-12-29,1077.3514404296875,1080.9273046967264,1064.1677813079634,1064.1677813079634,6878105
2020-12-30,1074.3355712890625,1079.9364543014929,1066.8820674740116,1079.6779099346707,5194690
2020-12-31,1082.090576171875,1084.3309082075723,1067.614406551476,1071.0611035863476,7430470
2021-01-01,1086.09716796875,1090.448664611065,1082.0904672170202,1083.899961941162,4253550
2021-01-04,1110.0518798828125,1111.5598098574253,1086.700528170064,1093.4646501620718,7208454
2021-01-05,1114.834228515625,1119.3148927096533,1098.6778357224719,1104.6664299105278,8145280
2021-01-06,1104.75244140625,1121.8997785672482,1092.6459823290795,1120.1764302130741,7161715
2021-01-07,1087.562255859375,1118.1516939897044,1081.8321006374272,1116.7299103354087,10954918
2021-01-08,1130.6026611328125,1134.6525928560131,1101.435011419496,1101.435011419496,13186251
2021-01-11,1185.8358154296875,1191.9968060794633,1154.6432561072857,1156.452750620937,20528626
2021-01-12,1182.0013427734375,1187.3868054250388,1171.8766729884271,1187.3868054250388,8309868
2021-01-13,1195.271484375,1200.1399650362782,1171.8770069132547,1183.8111745128651,14442997
2021-01-14,1180.9244384765625,1192.5570396581995,1136.074256291206,1171.8768597797336,27521697
2021-01-15,1158.9085693359375,1175.7112147298128,1154.6433245021933,1171.8768069574498,15018441
2021-01-18,1130.5596923828125,1154.6434445439536,1125.3465213241816,1152.920096119261,8861765
2021-01-19,1134.5233154296875,1146.8883187154604,1130.5165095076513,1137.4099028583078,5585744
2021-01-20,1154.16943359375,1161.8814805840243,1137.883875806407,1137.883875806407,8225838
2021-01-21,1154.3848876953125,1172.7817160773957,1150.3350610151126,1163.2601740602263,6142421
2021-01-22,1155.3758544921875,1168.430239935515,1143.0539762822382,1143.4416876065104,9646591
2021-01-25,1141.80419921875,1161.450408541812,1131.3779648296363,1158.9515328985992,6542611
2021-01-27,1121.0382080078125,1143.915701597975,1107.3375662888109,1137.0653281460511,8133665
2021-01-28,1099.668701171875,1117.117605772038,1096.5236741202204,1113.1109044191408,4660690
2021-01-29,1067.657470703125,1112.5506759537004,1060.7209512469485,1108.32845129276,12183519
2021-02-01,1086.485107421875,1101.1765906055678,1069.3377684222917,1077.5667997697462,8880279
2021-02-02,1095.4031982421875,1115.3509746689713,1088.8113703485435,1102.9428466076697,6892490
2021-02-03,1106.94970703125,1123.6230806340604,1096.911182244754,1100.9179880401161,8182968
2021-02-04,1102.3828125,1114.4893764883388,1096.0926542603552,1107.251292527457,5032240
2021-02-05,1096.1357421875,1110.4826388299136,1087.4328536980415,1108.4577254721191,5477481
2021-02-08,1123.2354736328125,1128.7932302881572,1099.0654696431639,1107.682211859104,6921922
2021-02-09,1124.9588623046875,1147.7501042069305,1118.3239074502417,1126.1221015084686,7965949
2021-02-10,1117.16064453125,1123.924766232091,1106.0450258741864,1116.5575146413062,5951207
2021-02-11,1113.84326171875,1116.7298494747902,1105.5712097966468,1110.6981296088,4673317
2021-02-12,1128.62109375,1140.6414087312423,1121.5122804377938,1124.485014839865,5797875
2021-02-15,1128.4915771484375,1144.6479675405958,1126.2942659811706,1137.4098836079422,4363513
2021-02-16,1111.9044189453125,1137.194535910987,1108.113031393468,1132.2399092154096,6896421
2021-02-17,1104.0633544921875,1115.4374135061416,1098.6347641717502,1111.9045698112661,4575741
2021-02-18,1113.6708984375,1125.3466271870793,1098.6347240915209,1099.496398384926,6437551
2021-02-19,1112.6800537109375,1119.7457408210937,1100.1857764951576,1116.816027195596,5389696
2021-02-22,1090.1900634765625,1127.5437210322782,1085.7094000898064,1115.8679945367455,7371303
2021-02-23,1091.1812744140625,1112.4215678345515,1083.5986033677766,1095.3173533010224,6612942
2021-02-24,1098.031494140625,1100.013281724026,1078.8161170740752,1085.7526365780805,4537258
2021-02-25,1098.246826171875,1119.960972603115,1096.0495150230138,1110.2240126677355,8788221
2021-02-26,1079.9364013671875,1098.031560981931,1072.5690443072458,1093.4646452909378,15132388
2021-03-01,1091.740966796875,1106.8202619183787,1084.8475747413304,1088.5528150451116,5756286
2021-03-02,1124.053955078125,1128.793163014445,1102.2535564971179,1104.8817047902842,10461434
2021-03-03,1157.702392578125,1160.6751264405077,1127.0698332473528,1136.7205420391444,9056399
2021-03-04,1146.328369140625,1175.194457817251,1142.4939606291623,1150.3351756207683,12041941
2021-03-05,1134.56640625,1154.6434577003683,1124.5279857096573,1144.7342041454772,6486176
2021-03-08,1150.9813232421875,1159.8996302572925,1134.9972246111543,1141.5460327392925,5119392
2021-03-09,1159.42578125,1163.6479007526516,1136.33287023034,1145.5958680350614,6518173
2021-03-10,1178.8994140625,1183.94018639556,1167.5683788689837,1169.2055806586063,7925984
2021-03-12,1184.6728515625,1199.1920420055471,1180.5368781687152,1183.078775196619,9462061
2021-03-15,1183.5955810546875,1189.0241702261578,1170.5843225404135,1180.4935751787755,6658635
2021-03-16,1192.55712890625,1211.5139618801932,1189.5412691149409,1194.323603143668,9352771
2021-03-17,1195.1419677734375,1206.343730989771,1190.8335973056169,1199.6657567646491,7626744
2021-03-18,1152.1446533203125,1200.9585220891945,1131.809161445135,1200.9585220891945,10961755
2021-03-19,1158.477783203125,1167.740780430042,1135.6865437280399,1146.026633655761,12767112
2021-03-22,1181.18310546875,1185.6637695004824,1151.2829458450037,1163.3463853602702,4862758
2021-03-23,1181.8294677734375,1191.9110153467443,1171.5323964330696,1182.604890521496,7165335
2021-03-24,1166.491455078125,1180.8813722284217,1160.028898540296,1170.0242982818368,6134303
2021-03-25,1149.3009033203125,1165.4141661686415,1143.958461037334,1160.4595403235624,8749994
2021-03-26,1151.3690185546875,1169.0333395716661,1147.750029005632,1158.6932492202639,4922071
2021-03-30,1193.67724609375,1206.3438140675257,1151.3259404414841,1160.5889375852169,10546381
2021-03-31,1178.8133544921875,1196.0037115869577,1174.7204023091629,1190.83366672419,8220987
2021-04-01,1193.591064453125,1199.1058003917483,1181.3553328390126,1189.1104006694657,5675155
2021-04-05,1214.8746337890625,1227.8858948661118,1195.1422710030156,1198.5889682517625,9479572
2021-04-06,1215.865478515625,1228.7474663306377,1211.9016928634576,1226.162443610447,5793571
2021-04-07,1232.3665771484375,1236.4595301908835,1212.031084121887,1215.1762164441059,5879234
2021-04-08,1240.6815185546875,1250.8923363163185,1224.4389816715218,1232.1940491134949,5654434
2021-04-09,1241.7156982421875,1253.7360117447722,1232.23728165855,1253.7360117447722,6052712
2021-04-12,1228.5321044921875,1273.1668742622135,1219.2691059838298,1270.1078884948163,20384532
2021-04-13,1203.88818359375,1236.7179510500807,1184.8020781702567,1234.7791840130749,14855206
2021-04-15,1172.5230712890625,1177.3915511559262,1137.4098505247566,1148.0084843876693,25342491
2021-04-16,1166.491455078125,1181.226062947407,1160.3304634750934,1176.1852898848683,10879878
2021-04-19,1174.07421875,1188.851847075062,1148.0515948995885,1154.6434235411007,12508028
2021-04-20,1164.4232177734375,1188.2485265249893,1156.711277024742,1188.2485265249893,8560766
2021-04-22,1164.2081298828125,1176.0131309462072,1159.081209853302,1168.0426436425228,6622446
2021-04-23,1149.3009033203125,1161.8813235595494,1146.8881738783452,1157.2282625985106,7316262
2021-04-26,1157.702392578125,1164.380367507534,1138.271597645071,1147.9654322200197,7088606
2021-04-27,1161.9677734375,1165.8453077203837,1154.7728141940079,1159.8135877247869,3636115
2021-04-28,1168.43017578125,1171.4460353795055,1158.6070691956795,1170.1535241231102,4879234
2021-04-29,1168.7318115234375,1179.6320114831685,1164.4665661928148,1178.7703372600251,5412357
2021-04-30,1167.0084228515625,1183.8541954072941,1159.7273179909107,1160.0720087052553,8354677
2021-05-03,1165.0264892578125,1172.7384302483372,1152.9199262838172,1155.332655796906,4560337
2021-05-04,1145.509521484375,1167.5252307041808,1140.9426068721798,1166.706682417477,4887060
2021-05-05,1155.9359130859375,1158.0039521560068,1144.1310188875818,1155.5912223767866,3939788
2021-05-06,1173.2554931640625,1175.9266619728828,1152.403020957983,1158.951723413913,4810090
2021-05-07,1165.45751953125,1183.1218412109477,1161.9676968327874,1176.4438659417935,4991435
2021-05-10,1154.2557373046875,1165.7590670432264,1150.3782033354155,1163.130918612339,7195348
2021-05-11,1146.5869140625,1155.50522191954,1141.8045796830766,1151.9723783704771,6420988
2021-05-12,1143.441650390625,1146.0266729612142,1132.6707230131701,1146.0266729612142,5241898
2021-05-14,1134.307861328125,1143.3123140362059,1129.913344241812,1143.3123140362059,4824609
2021-05-17,1145.509521484375,1150.291749427704,1137.6683085405425,1137.6683085405425,5017129
2021-05-18,1154.6434326171875,1158.6071129160698,1145.5958534810081,1152.9200842102962,5620150
2021-05-19,1152.058349609375,1169.6795440720994,1148.8270715158558,1156.3667204007338,4435878
2021-05-20,1154.04052734375,1162.4848730700207,1150.3352854738976,1161.8817430841657,4490092
2021-05-21,1167.1375732421875,1169.7225955528013,1160.1149082613877,1161.1058545174217,4969733
2021-05-24,1161.580078125,1174.46206679099,1159.038075837983,1168.9904560421035,4225371
2021-05-25,1173.2554931640625,1178.7702287213629,1167.0945019989106,1170.153487283341,4099340
2021-05-26,1203.97412109375,1206.3437248389694,1173.6432352288718,1178.6840076135552,6850024
2021-05-27,1208.2825927734375,1220.346031032541,1199.1918882971079,1209.9628153141646,15365391
2021-05-28,1210.6954345703125,1218.4073769544673,1202.983387001314,1214.7452614296749,4261312
2021-05-31,1213.91796875,1220.6680058856502,1204.5550140134528,1220.6680058856502,4429904
2021-06-01,1208.213134765625,1220.2325990400163,1200.7663829103165,1219.361626449695,4791325
2021-06-02,1200.7662353515625,1212.3501055873878,1188.877439690679,1202.5952563024946,9272276
2021-06-03,1210.34716796875,1218.4907410067083,1199.372933809797,1208.9971178292371,5115645
2021-06-04,1206.8631591796875,1216.6616005621086,1199.895378641077,1214.09216769656,4194328
2021-06-07,1210.34716796875,1212.3939324384116,1199.5906769729504,1211.5229597857979,5154576
2021-06-08,1230.6405029296875,1238.3051031560915,1215.4856670818356,1215.8775621634632,7360630
2021-06-09,1232.6875,1241.1358912581513,1223.3680298666877,1231.0326308810106,5394317
2021-06-10,1240.5262451171875,1244.619773572991,1235.9100480756292,1240.2649108243102,3496575
2021-06-11,1260.2099609375,1264.303488605464,1245.0114290777753,1245.5775823901204,6140828
2021-06-14,1273.1873779296875,1286.4261146452136,1265.914674013074,1281.200280733317,7132294
2021-06-15,1283.7264404296875,1285.5554614889663,1274.2328185354727,1275.103791070357,5403104
2021-06-16,1289.5618896484375,1297.2699751733123,1278.1521709198764,1282.6811854881962,7661710
2021-06-17,1302.365234375,1308.7668610479423,1284.7715259128947,1284.7715259128947,7677951
2021-06-18,1309.3330078125,1320.2201641126776,1295.4845237346972,1314.2975085574267,13533974
2021-06-21,1306.7203369140625,1311.5106865902096,1292.6975918970525,1300.3621939068503,5454052
2021-06-22,1316.7799072265625,1325.141222942779,1308.287924356051,1314.90729486806,6427862
2021-06-23,1309.202392578125,1328.2331212813588,1305.283016154672,1328.2331212813588,5529809
2021-06-24,1358.020263671875,1366.3380934780537,1316.2135841582835,1321.2652671274627,10785137
2021-06-25,1371.0848388671875,1374.3945768272977,1343.9105399521675,1369.1687419344182,9780240
2021-06-28,1368.994384765625,1376.2669826374733,1359.239430635836,1369.9524330884065,5019178
2021-06-29,1361.3736572265625,1370.605944791992,1358.020327926008,1359.5881210099008,5913567
2021-06-30,1376.8333740234375,1385.7172510180376,1369.2123646290893,1369.2123646290893,6058722
2021-07-01,1359.0657958984375,1373.393254006681,1357.8900040402987,1373.393254006681,4814317
2021-07-02,1365.5108642578125,1366.9478839702683,1343.5622912761874,1357.8026718078984,5166064
2021-07-05,1375.22216796875,1380.4915948176224,1359.6318432156881,1366.686700133426,4058338
2021-07-06,1360.63330078125,1382.015719815571,1356.1913619563304,1370.6494852954324,4089574
2021-07-07,1362.7236328125,1367.9059832858584,1345.347772938037,1363.9866068041097,4797120
2021-07-08,1359.370361328125,1372.6526922653372,1349.1364342125682,1365.684912101554,3326813
2021-07-09,1361.2427978515625,1367.3396047081196,1350.8782049314407,1355.2330669718385,3436594
2021-07-12,1348.1348876953125,1374.3947322658926,1335.8541955721248,1367.9060290680072,4588982
2021-07-13,1345.6090087890625,1355.581708354052,1338.0751812303984,1355.581708354052,4456160
2021-07-14,1373.4365234375,1378.5752823277203,1339.6427487234016,1353.4912324038655,5657716
2021-07-15,1376.8333740234375,1390.812418891996,1355.2332134406452,1356.8880824588236,10021355
2021-07-16,1354.754150390625,1371.4768864021955,1349.6589824626813,1370.6929898779226,6265593
2021-07-19,1342.7781982421875,1352.533153580218,1339.1637475912771,1345.3911156206077,5669162
2021-07-20,1350.051025390625,1356.7138802520703,1339.5557637771587,1339.8170980665798,5069939
2021-07-22,1385.0203857421875,1387.3284840624563,1359.9364422808278,1359.9364422808278,7854575
2021-07-23,1385.2381591796875,1392.2495302773834,1380.5349927726625,1383.5833964986373,4179719
2021-07-26,1396.952880859375,1403.7029180573702,1388.4173074229864,1388.4173074229864,4586710
2021-07-27,1395.7769775390625,1401.6560417250942,1391.7269342802642,1397.9108175675212,5892859
2021-07-28,1398.4332275390625,1400.175172293426,1380.9267040216832,1397.9977413504716,4686788
2021-07-29,1408.3624267578125,1410.9753440616303,1393.6429713489965,1393.6429713489965,4660873
2021-07-30,1402.7012939453125,1413.9368611216748,1398.9125846109287,1402.2658076696387,6234257
2021-08-02,1421.035400390625,1423.822470206854,1410.2788036313543,1417.4643276437148,5553389
2021-08-03,1441.6337890625,1444.6387082912352,1424.5627475551084,1434.4918563493748,5513668
2021-08-04,1436.451416015625,1463.146744783546,1427.5675389174712,1453.7401991220645,6740391
2021-08-05,1440.19677734375,1451.0403436262031,1434.5354554748603,1436.6692958051754,5420536
2021-08-06,1437.27880859375,1446.380535210929,1431.8788215028985,1443.201464252009,3754855
2021-08-09,1448.688720703125,1452.3031718189327,1433.9692629808042,1446.6854412607183,5018477
2021-08-10,1460.8387451171875,1463.2339196881055,1446.7290319910098,1452.7822488331904,6846517
2021-08-11,1461.099853515625,1466.7175832036262,1452.7820242183186,1458.7046793150253,4899639
2021-08-12,1471.59521484375,1477.6049467665491,1458.0080641834384,1462.493594127551,5659579
2021-08-13,1491.2791748046875,1500.25023470125,1473.075933355373,1478.0404344197511,5612790
2021-08-16,1484.485595703125,1498.0291547007535,1472.030646043933,1487.3597412491697,4564109
2021-08-17,1516.92919921875,1523.2437495245933,1468.9386381583163,1484.0499890055655,9510390
2021-08-18,1509.787109375,1528.9920938969278,1504.1693797550522,1505.9113246071138,6686090
2021-08-20,1509.3519287109375,1519.8471910971896,1494.676061625354,1494.676061625354,6206972
2021-08-23,1514.4034423828125,1526.9454677131089,1508.5243779767254,1511.790524868996,6189051
2021-08-24,1498.8131103515625,1530.2987896960838,1491.7146627153454,1524.2019817690077,7602939
2021-08-25,1511.616455078125,1521.5019722788666,1496.330844263311,1496.330844263311,6153253
2021-08-26,1504.779296875,1520.718137753988,1498.072850479301,1510.2664667041324,5302248
2021-08-27,1488.31787109375,1504.7791665153063,1485.1822849945138,1502.427583260766,6698514
2021-08-30,1478.9549560546875,1496.8969690174113,1472.2919948958422,1483.3098187310713,6559667
2021-08-31,1486.27099609375,1493.7178535768544,1468.3289836646177,1480.783933076624,12255438
2021-09-01,1461.274169921875,1488.9275478953632,1457.267717526702,1488.9275478953632,7801974
2021-09-02,1471.15966796875,1475.688788882233,1448.1224872534362,1460.9257408190936,6830050
2021-09-03,1481.219482421875,1485.835573126243,1467.0661785417021,1477.2130299720811,5339139
2021-09-06,1507.130859375,1508.5243941333167,1480.0871202894011,1485.1388033981718,4876026
2021-09-07,1486.4451904296875,1511.0501627608223,1484.13709211518,1506.7823763845429,3520341
2021-09-08,1474.774169921875,1481.393539587416,1465.8031107394431,1481.393539587416,4584896
2021-09-09,1473.337158203125,1476.2114101731731,1465.1065100560027,1468.3726571492882,3331674
2021-09-13,1473.598388671875,1481.9597033775865,1459.0530841826737,1465.8467121859994,4662374
2021-09-14,1468.59033203125,1477.1257989130531,1462.0144469944478,1477.1257989130531,4945167
2021-09-15,1490.625732421875,1493.8048030758805,1472.117568164851,1474.7740766214572,4062344
2021-09-16,1482.6129150390625,1497.4194473085083,1473.2063696575788,1493.891966210481,3246568
2021-09-17,1473.075927734375,1496.3308524712506,1467.1096806648243,1478.0404287798092,7454864
2021-09-20,1470.0709228515625,1487.3597058300793,1461.4482737789863,1467.5886724736702,5660743
2021-09-21,1496.7225341796875,1503.951647897765,1467.2837297515794,1480.6531353271757,4672222
2021-09-22,1495.3726806640625,1514.5340753328271,1492.0194578610053,1495.4597566485802,4553892
2021-09-23,1517.713134765625,1519.8469748097546,1499.0307113119939,1508.5243325905415,3826090
2021-09-24,1536.264892578125,1557.2989006716446,1526.3357843635558,1531.1697244858785,8280446
2021-09-27,1499.07421875,1540.7502282501684,1496.4177103112731,1540.5324851427279,5045337
2021-09-28,1469.4176025390625,1489.3628929542976,1458.8788571335956,1489.3628929542976,6557197
2021-09-29,1473.9033203125,1481.8727405310417,1441.4595923280765,1445.1612257222725,7792548
2021-09-30,1459.0531005859375,1483.2661787983272,1454.6111620660795,1483.2661787983272,6914031
2021-10-01,1450.2998046875,1462.3191607744086,1446.9029908490702,1450.2562135367987,5733906
2021-10-04,1462.1451416015625,1470.2016375418839,1450.517679535455,1456.7015632635075,2947154
2021-10-05,1474.38232421875,1483.2226102398492,1448.4273005977032,1455.3950807569224,4373310
2021-10-06,1457.6160888671875,1488.492021865943,1454.524093924005,1482.4822902737767,4271698
2021-10-07,1472.8145751953125,1484.3113702738483,1460.3161404249604,1469.330685011527,5476108
2021-10-08,1501.42578125,1508.0887415105421,1479.2595757436197,1485.22571554193,4738376
2021-10-11,1472.77099609375,1506.7825168192749,1449.036994022464,1464.975834271688,8840633
2021-10-12,1467.71923828125,1471.0724609335527,1447.5562048973147,1460.6207915841135,7439300
2021-10-13,1488.6663818359375,1492.5422738448333,1463.2776146392214,1477.1259944483752,7104171
2021-10-14,1494.37109375,1553.4665576738048,1479.085483572147,1527.6857924741366,19655776
2021-10-18,1560.913330078125,1566.8794702210494,1515.4920945995696,1515.4920945995696,13438109
2021-10-19,1587.042724609375,1597.7992148215726,1552.334488195164,1579.9442767437083,10324260
2021-10-20,1569.7972412109375,1609.5571565198998,1562.5682333583247,1593.3570895202022,5876115
2021-10-21,1527.3809814453125,1579.9441517799685,1521.4583257794832,1579.9441517799685,8779629
2021-10-22,1497.8985595703125,1535.6986813056806,1486.7500689564513,1524.11481075835,7369809
2021-10-25,1487.2291259765625,1506.564672832556,1469.5047506520364,1499.8582271507623,5905209
2021-10-26,1497.0263671875,1517.1484199782562,1490.1726392111948,1502.6061429097938,5871709
2021-10-27,1519.2135009765625,1523.7827607577628,1494.785943644436,1501.77149758961,5090259
2021-10-28,1497.202392578125,1515.5230879740864,1486.789920282188,1510.7781326616437,5329972
2021-10-29,1465.4375,1504.8467856229756,1459.5503108556832,1492.8966047069405,5875091
2021-11-01,1493.8193359375,1500.1018935472132,1472.6867651673283,1474.0048022483252,3636806
2021-11-02,1491.9302978515625,1499.4430457112571,1481.7813682676247,1489.3820710857715,3471772
2021-11-03,1495.9720458984375,1509.1084388738689,1492.896626127134,1501.6835397594302,3530713
2021-11-04,1501.419921875,1508.713103252184,1498.1688066656807,1506.955720487767,483407
2021-11-08,1526.7261962890625,1529.8016159650406,1496.4113451972798,1520.1360112691098,5245903
2021-11-09,1531.119873046875,1537.710059014078,1516.621463919028,1524.3100142140984,4016134
2021-11-10,1529.0550537109375,1538.5448576686747,1513.0628038598095,1516.621547382803,4780368
2021-11-11,1523.0357666015625,1528.7032829292987,1501.6835237971957,1522.7281388179986,4731349
2021-11-12,1564.246337890625,1566.5748914793885,1527.20958236198,1531.559061749532,5069009
2021-11-15,1570.353271484375,1581.6444339073435,1560.1164957791602,1565.9158372510615,4354074
2021-11-16,1574.8785400390625,1589.5086651188797,1561.4345195600592,1572.8575070413654,6034233
2021-11-17,1570.616943359375,1583.401946486974,1564.6857762457305,1575.0983554327267,4732492
2021-11-18,1563.5433349609375,1572.374118249365,1545.6180108247017,1565.4764129337543,4326924
2021-11-22,1545.9698486328125,1568.815827663556,1538.7206437480575,1567.5856381094713,6621839
2021-11-23,1526.19921875,1535.2936539110958,1502.5623970170118,1524.6175312167047,8436160
2021-11-24,1490.2607421875,1529.362512840415,1483.231210384729,1528.923167102742,7333061
2021-11-25,1513.4580078125,1516.7969705965193,1491.0952485220696,1493.7753000534872,4476260
2021-11-26,1486.4383544921875,1509.8993723813282,1479.716343711144,1496.0161123736239,4494181
2021-11-29,1490.5682373046875,1504.3197801115232,1466.667872488146,1485.8672594442673,3942776
2021-11-30,1504.8907470703125,1520.0481727071376,1493.819257622796,1497.7733686584895,14808963
2021-12-01,1506.8680419921875,1530.5927119756113,1505.1985067261105,1506.9558896878457,5193264
2021-12-02,1536.172119140625,1538.1491746350146,1503.7483875802125,1506.9556323902027,5559574
2021-12-03,1525.0126953125,1569.913798309404,1522.3766214700738,1556.25010598798,6754012
2021-12-06,1489.645751953125,1523.607092825833,1486.3066813278726,1520.1363042844928,3991449
2021-12-07,1504.0120849609375,1515.6547454589877,1488.5031610337503,1494.741848225563,4202122
2021-12-08,1540.6534423828125,1546.3210658935589,1522.4205970441287,1522.7720950332034,3029169
2021-12-09,1549.5283203125,1554.7565985466379,1530.680432518433,1545.6181864523098,2082171
2021-12-10,1545.8377685546875,1549.7918796579963,1534.1951080838337,1546.4967870719056,1823469
2021-12-13,1533.009033203125,1556.470051607841,1527.8687097618824,1552.6917427954177,4040584
2021-12-14,1539.5992431640625,1549.1330239292365,1502.869897706602,1520.927049880741,4768144
2021-12-15,1523.82666015625,1535.908667518198,1512.4036713776811,1533.316570661763,3053149
2021-12-16,1556.6895751953125,1561.9617232986577,1544.7393942801555,1548.8253305126736,4481031
2021-12-17,1599.965087890625,1618.5494309854728,1587.5755615814348,1599.2182217120308,18887243
2021-12-20,1580.6778564453125,1607.697614867699,1570.4850584603494,1583.1381278143033,5773891
2021-12-21,1591.8372802734375,1615.0347541246067,1582.523173111217,1582.523173111217,5353584
2021-12-22,1603.3480224609375,1607.258263225774,1592.4962060182195,1603.6116727640501,4156428
2021-12-23,1632.257080078125,1635.771845585297,1605.3691454006876,1609.1035837520574,4112933
2021-12-24,1637.44140625,1648.2053757839751,1629.0938380399784,1645.744996985642,3780347
2021-12-27,1639.7698974609375,1647.1069488401015,1621.2295312790468,1634.3659241624905,2647733
2021-12-28,1658.96923828125,1665.910921270975,1650.5338229288552,1652.5547486394014,3340933
2021-12-29,1656.81640625,1664.0656093990003,1648.7763594868666,1655.0150461990365,3236635
2021-12-30,1663.23095703125,1678.1248402781916,1646.9751665027095,1655.893905461335,4584738
2021-12-31,1658.7496337890625,1668.0637408590383,1644.602724183878,1660.7266893716478,4619420
2022-01-03,1668.151611328125,1681.8592826976471,1658.7496564451544,1658.7496564451544,3329616
2022-01-04,1668.7669677734375,1675.3571539606305,1650.1826212731244,1668.1518193720126,3921999
2022-01-05,1620.878173828125,1672.061949815919,1616.7922372110065,1669.5137232070176,6995719
2022-01-06,1597.285400390625,1606.2480104983958,1581.6446492872608,1606.2480104983958,6449205
2022-01-07,1594.2098388671875,1613.2773992100788,1587.619653412898,1595.2202481604722,4834389
2022-01-10,1626.2381591796875,1643.065121465988,1593.0675577969869,1594.8249406516995,7857560
2022-01-11,1630.5,1643.1531796270988,1625.7111740123644,1629.9728065284858,5142287
2022-01-12,1649.69921875,1659.8481478952956,1634.3660958630228,1642.1864712150102,5362535
2022-01-13,1666.7017822265625,1680.4971934061439,1639.9455664762318,1673.907008333963,14277630
2022-01-14,1695.3031005859375,1698.510345401381,1652.8183961200198,1653.6970874523536,7688506
2022-01-17,1704.221923828125,1716.8751010955164,1696.3137014437718,1703.38720992574,5262464
2022-01-18,1687.7464599609375,1709.0547258227377,1679.5745872616628,1688.9326718657662,3690315
2022-01-19,1640.5609130859375,1683.5728166181689,1636.8703446421212,1683.5728166181689,5747770
2022-01-20,1602.4696044921875,1623.8218502987,1595.2643772820832,1620.3070843889625,5533463
2022-01-21,1569.0792236328125,1588.6740851767383,1560.5559597753802,1577.2510967324367,8252758
2022-01-24,1526.111328125,1554.0976288940496,1518.378800587523,1550.890383701955,7116712
2022-01-25,1513.2384033203125,1528.923023226851,1494.214713216816,1517.1485371127924,9137653
2022-01-27,1474.9715576171875,1502.2988423181387,1463.0213744494893,1495.5329605483666,11231734
2022-01-28,1481.6494140625,1517.9833897106614,1475.7622245146904,1477.0802616309584,10998502
2022-01-31,1525.5841064453125,1537.270746047761,1507.2634105184352,1509.591964395572,8788872
2022-02-01,1557.085205078125,1564.0707591029711,1524.265994070383,1551.856926666537,5119935
2022-02-02,1570.3095703125,1575.318176258429,1557.041350012565,1571.9791056278098,4253717
2022-02-03,1527.6490478515625,1563.1920737397209,1523.6509588896436,1563.1920737397209,3832922
2022-02-04,1529.8897705078125,1541.180934987661,1502.694311108858,1521.8936991988624,4700077
2022-02-07,1506.9559326171875,1521.8936882174746,1489.733600553992,1513.2824685548035,4310209
2022-02-08,1508.976806640625,1515.7426876167267,1490.2606366365032,1502.5623164200595,6053401
2022-02-09,1526.550537109375,1531.5590349384013,1515.7425905156294,1524.5295040838362,3867244
2022-02-10,1554.932373046875,1558.7107891978585,1536.6116777128484,1542.6746701881318,4334630
2022-02-11,1512.535400390625,1534.1511870988509,1505.1983487478708,1528.9230162412698,7551371
2022-02-14,1478.134521484375,1510.0750373354194,1474.663733614444,1484.9883568052496,7459637
2022-02-15,1527.38525390625,1534.8541304534688,1485.383764065274,1492.896618085269,4669915
2022-02-16,1523.0357666015625,1542.4986942805128,1517.368143011698,1527.3852458984643,5350642
2022-02-17,1515.56689453125,1536.8311824527893,1511.612783427169,1532.4377256704772,3937950
2022-02-18,1499.8822021484375,1513.5458959572875,1496.850759804493,1502.5622537515017,5602215
2022-02-21,1520.751220703125,1526.5506699725988,1486.3065594227182,1494.6541280390445,5120890
2022-02-22,1523.9583740234375,1538.5886069583632,1485.911101612414,1493.687498875911,8878515
2022-02-23,1531.4273681640625,1544.9592379110045,1523.1237768881938,1537.7100334675147,5478811
2022-02-24,1474.575927734375,1506.9117054360172,1467.8539173756792,1485.0762465850694,13592379
2022-02-25,1489.030517578125,1518.5106587861058,1473.565569428914,1506.9558447051804,9737281
2022-02-28,1507.4827880859375,1518.42255923894,1463.0210293083312,1478.134476916457,15076542
2022-03-02,1496.23583984375,1506.428639183248,1485.8672378574524,1502.5623753614689,6771489
2022-03-03,1512.09619140625,1523.563157969651,1498.6522763017938,1511.5250204995646,7344147
2022-03-04,1514.2489013671875,1525.408239012716,1477.0802130071288,1489.6015651994855,9074499
2022-03-07,1528.791259765625,1538.5886906416126,1490.260662094903,1491.139353523025,9742588
2022-03-08,1562.4891357421875,1581.6446527750986,1509.9873201847918,1509.9873201847918,10984500
2022-03-09,1593.375,1609.411117760778,1573.7362690166242,1573.7362690166242,10193515
2022-03-10,1604.402587890625,1620.9658987002945,1590.6070690763233,1620.9658987002945,6547182
2022-03-11,1600.975830078125,1609.2355512027455,1591.310224078751,1593.9462984422166,4758657
2022-03-14,1661.3416748046875,1665.1200904742025,1609.3671678167375,1609.3671678167375,10289724
2022-03-15,1616.17724609375,1659.27699787109,1608.0053726067936,1659.27699787109,7140443
2022-03-16,1660.1995849609375,1664.1975665515567,1624.7004302568198,1638.7594929307566,5233979
2022-03-17,1629.62109375,1689.9872589454178,1610.6853579171534,1689.9872589454178,17731459
2022-03-21,1628.2591552734375,1658.0028379594185,1617.7587285984619,1635.2447090569246,8362085
2022-03-22,1658.442138671875,1660.7267148165508,1615.9134542580089,1625.579059476518,5709382
2022-03-23,1645.2618408203125,1669.5137026271,1631.7299714623814,1666.877628359794,6192824
2022-03-24,1657.8271484375,1664.7688324815458,1630.9831884689734,1630.9831884689734,3784303
2022-03-25,1648.9083251953125,1664.2414466217965,1632.6085574568626,1662.4840638904113,3438588
2022-03-28,1646.579833984375,1652.7306737771728,1627.9076417562392,1639.6381504800765,4008555
2022-03-29,1657.2120361328125,1660.1996084457126,1634.8493821555994,1646.5798912876753,3917785
2022-03-30,1672.984375,1686.208722896825,1665.1201302185948,1678.3005006424887,7795839
2022-03-31,1675.5325927734375,1680.9365660718338,1664.4171256540967,1669.5135784299448,5399145
2022-04-01,1672.633056640625,1678.5642235880214,1650.4460988003643,1657.9588459097863,6171518
2022-04-04,1654.53173828125,1663.3626287396291,1645.7888027624538,1660.506882018338,7364074
2022-04-05,1635.3326416015625,1660.3753480101589,1631.8618532673324,1655.2790019404306,5472024
2022-04-06,1606.9947509765625,1632.169281125761,1601.107561481124,1629.9725526181892,5407453
2022-04-07,1591.3101806640625,1606.3797601498356,1588.2787381336382,1600.1410724456011,5797544
2022-04-08,1594.473388671875,1615.0347888286492,1588.6740468999988,1601.854417864324,5131446
2022-04-11,1552.2523193359375,1593.946182924903,1548.7375537727073,1593.946182924903,8248407
2022-04-12,1531.075927734375,1544.3002774245751,1518.1592058721535,1544.3002774245751,6456184
2022-04-13,1536.435791015625,1544.3000356322013,1521.8934063812078,1542.0593298022513,6257693
2022-04-18,1424.71044921875,1449.841005189607,1397.119514091803,1410.7392326254023,30523965
2022-04-19,1372.5159912109375,1438.110326839995,1361.9716942234015,1438.110326839995,17044923
2022-04-20,1395.098388671875,1402.6552210404843,1373.3947525064125,1383.9390500304542,10678747
2022-04-21,1422.42578125,1429.8067037193202,1396.4604056492583,1401.5128815545488,7766514
2022-04-22,1393.121337890625,1415.3082973438313,1390.4413932842554,1409.7286280030771,8134245
2022-04-25,1371.7252197265625,1382.0059741881291,1365.5743794932316,1382.0059741881291,7000570
2022-04-26,1389.211181640625,1398.8767875849937,1376.5141331003783,1385.8721112277144,5345435
2022-04-27,1364.4320068359375,1381.961856821622,1362.2791486149092,1381.961856821622,8819356
2022-04-28,1390.616943359375,1407.4878820528004,1368.5178339093395,1379.5454535287045,9245177
2022-04-29,1377.3927001953125,1403.5337684574995,1371.4615334467492,1397.1192785504973,9831395
2022-05-02,1354.0634765625,1364.3881007348616,1345.276562373256,1362.7625430622788,7072627
2022-05-04,1349.2745361328125,1379.5454100276122,1344.5295814229673,1359.5551819523712,6220959
2022-05-05,1392.8577880859375,1396.592226787759,1368.5179703073688,1370.8026539111372,6144870
2022-05-06,1355.6888427734375,1372.3839773751754,1348.835115031049,1361.9715069838842,6171472
2022-05-09,1379.8529052734375,1394.3074419742286,1337.5000261747937,1353.1846449249074,6832202
2022-05-10,1364.607666015625,1378.7985527649935,1358.5008040403675,1369.0011227639045,6212545
2022-05-11,1341.5419921875,1361.927588201104,1328.2297970447912,1361.927588201104,7846080
2022-05-12,1325.7696533203125,1342.201139918884,1321.8155419424827,1330.3388057853947,7034979
2022-05-13,1321.9031982421875,1343.7386553481426,1316.3674002098628,1334.9957199167382,6723761
2022-05-16,1308.4593505859375,1328.4495800627174,1299.2770683025562,1326.8240224148346,6145331
2022-05-17,1334.2489013671875,1340.0043728900273,1301.2541039526504,1313.555783441477,6516378
2022-05-18,1326.1209716796875,1361.70797213733,1322.694161149026,1337.3682641118933,6594126
2022-05-19,1254.0242919921875,1304.5929112137708,1245.6767247637058,1301.341796355947,16561140
2022-05-20,1278.6279296875,1288.8207294119443,1271.20292231775,1276.7387215514266,10488908
2022-05-23,1290.2705078125,1307.4928382619098,1274.1465416425442,1278.5838689742561,5887569
2022-05-24,1266.1942138671875,1291.2808943889067,1261.14173869041,1290.446073263294,5693167
2022-05-25,1239.3502197265625,1267.5123214901744,1229.5089191300704,1260.9221361098096,9630092
2022-05-26,1251.21240234375,1256.5285274802447,1236.3626055559514,1245.984232144746,13040065
2022-05-27,1284.075439453125,1289.0400664785568,1263.0308268759254,1268.7861902183386,8284860
2022-05-30,1341.5863037109375,1344.398073770826,1304.856953954037,1306.6143370570053,10904213
2022-05-31,1335.1925048828125,1347.9796856356543,1321.4729921530693,1341.49726302402,16033857
2022-06-01,1312.9482421875,1345.0936959690998,1307.220595475762,1343.539700941573,8738508
2022-06-02,1339.099853515625,1344.294615750505,1310.3287209249263,1317.7879195074188,7205840
2022-06-03,1351.26513671875,1380.835483354974,1347.9795908249841,1354.1067924628962,9395707
2022-06-06,1358.68017578125,1364.4964924732922,1325.7798357609638,1346.2037716099271,6624883
2022-06-07,1337.945068359375,1349.6222508666924,1334.3043022524057,1349.6222508666924,4904592
2022-06-08,1331.9957275390625,1349.9332266440192,1324.891750325521,1349.9332266440192,4697608
2022-06-09,1345.315673828125,1347.0472249005495,1315.5677694893513,1318.675759494895,4361061
2022-06-10,1311.3941650390625,1326.6232286366903,1308.5525092706785,1319.6524730579197,6516436
2022-06-13,1264.9517822265625,1281.912503994141,1253.585376766595,1281.912503994141,6987685
2022-06-14,1279.2044677734375,1286.619223049743,1245.9933493091928,1252.0761087251524,6090247
2022-06-15,1262.9093017578125,1284.3988943960317,1259.9345334598274,1278.8932479061086,4651958
2022-06-16,1240.70947265625,1282.0457799508679,1236.0919312149667,1276.93979675799,6641772
2022-06-17,1231.91845703125,1240.487542584052,1214.0252932515164,1235.2484462558373,9692047
2022-06-20,1255.760986328125,1263.0425184100573,1227.2118609371296,1234.3602801867664,4595194
2022-06-21,1287.5069580078125,1292.9237183901334,1263.397816167282,1264.5078124914492,6270787
2022-06-22,1276.27392578125,1296.1206407453685,1274.2759321593971,1275.208372542165,6253366
2022-06-23,1289.771484375,1294.699912173582,1272.4999822666275,1278.5384065605574,6254281
2022-06-24,1279.6927490234375,1303.1358968889983,1268.8592264937179,1294.6999234508755,6114340
2022-06-27,1309.4405517578125,1317.7877464947417,1301.049022203048,1303.6242355705597,4511097
2022-06-28,1314.3690185546875,1321.5617738738115,1290.2598739718783,1304.4678285372947,4412178
2022-06-29,1299.3616943359375,1311.5716538760837,1293.8117127267801,1300.6492467100306,5060038
2022-06-30,1298.1630859375,1316.01180739461,1292.035883778109,1300.9602987057103,9165177
2022-07-01,1313.703125,1318.6758878131434,1280.8027842377455,1291.1479736567749,4651635
2022-07-04,1321.3397216796875,1325.1137094600226,1298.2517964352844,1314.4577439626057,4800224
2022-07-05,1310.6392822265625,1340.831183761111,1307.1317370251647,1330.9301027704544,7379669
2022-07-06,1324.5809326171875,1331.9956869281368,1305.3557731895742,1316.1892947506883,5209162
2022-07-07,1330.84130859375,1344.3832653678094,1328.1773170972135,1334.7041829822008,3323472
2022-07-08,1344.8272705078125,1347.0472634324174,1331.9513115451052,1345.3157123104625,3652582
2022-07-11,1308.15283203125,1331.906752322399,1302.1588521446984,1327.555545243658,4702638
2022-07-12,1277.47265625,1304.1125702899615,1275.1638853794875,1298.0742548130895,4710356
2022-07-13,1282.667236328125,1296.4756331777055,1277.4724755049383,1287.5956630874473,5264025
2022-07-14,1268.814697265625,1290.215406752036,1255.6279613595361,1288.4838556808252,6157606
2022-07-15,1270.146728515625,1284.0439058847987,1252.6532276522264,1284.0439058847987,5620018
2022-07-18,1323.027099609375,1326.3126460134347,1285.8644370743764,1287.5959883201187,5835171
2022-07-19,1317.9208984375,1320.3184472133253,1305.4444960050953,1306.7321568201792,3418540
2022-07-20,1345.58203125,1354.9060006770792,1331.9956324398804,1333.105628800247,5079392
2022-07-21,1361.2108154296875,1363.475143060979,1334.7484577291702,1347.0916394538826,5008061
2022-07-22,1337.590087890625,1367.5155470877928,1325.0249071257533,1362.1875644368015,7020642
2022-07-25,1335.1925048828125,1347.224909731089,1314.3245716730378,1314.3245716730378,7859626
2022-07-26,1288.6170654296875,1329.0209351127858,1283.1558613643324,1329.0209351127858,7268273
2022-07-27,1306.2880859375,1308.019636802142,1283.1557197414088,1288.4837019687088,4517285
2022-07-28,1347.4468994140625,1353.7072142935083,1322.9825345301238,1328.7989592318934,6636841
2022-07-29,1376.1290283203125,1381.4570107879367,1356.8595350883038,1361.1219644216355,7009465
2022-08-01,1377.3280029296875,1388.8275224964943,1365.6508188965988,1388.8275224964943,2983249
2022-08-02,1370.71240234375,1373.731614384653,1357.170445576222,1373.332059019602,4374635
2022-08-03,1390.6922607421875,1394.1554711718493,1367.4267796780443,1375.5075317485316,6011955
2022-08-04,1420.70654296875,1424.2140880582285,1398.5509508931095,1409.6953575514096,7402209
2022-08-05,1435.58056640625,1443.6168753071975,1422.8378294078434,1428.2545901627868,5361971
2022-08-08,1438.0223388671875,1440.3311093480575,1417.2431877432182,1435.8911244240498,3763409
2022-08-10,1422.970947265625,1439.6208933320956,1410.2282102223699,1439.6208933320956,4423829
2022-08-11,1438.5108642578125,1448.6340529159374,1435.0033190587033,1447.4352785059941,3462090
2022-08-12,1415.5562744140625,1433.2274398690179,1412.0487289334715,1432.6058852060069,3562286
2022-08-16,1417.642822265625,1428.7872284070231,1412.8920598110092,1428.7872284070231,3004430
2022-08-17,1426.345458984375,1431.4514427285992,1407.475519060068,1417.643043330634,4067324
2022-08-18,1405.655029296875,1419.1969856808453,1397.7074982537147,1415.5562190867397,4635706
2022-08-19,1418.220458984375,1425.1468812486203,1407.5644914382176,1407.7421559361846,4739884
2022-08-22,1399.1727294921875,1419.907441241582,1397.7075125167294,1408.3634783046587,3950555
2022-08-23,1369.6468505859375,1380.391594615452,1361.2996555455054,1374.619613036166,5551574
2022-08-24,1365.2955322265625,1372.8435075266768,1359.5235511147102,1363.0755394912346,2888426
2022-08-25,1348.1126708984375,1375.240914283423,1344.20546240819,1374.61935974096,4331088
2022-08-26,1351.132080078125,1371.911126256518,1347.4912051170422,1363.2088193983936,3079136
2022-08-29,1298.0296630859375,1304.0680862700244,1287.595697947398,1304.0680862700244,8079050
2022-08-30,1325.7353515625,1328.5325643697543,1301.8038708297447,1308.108629152098,6725875
2022-09-01,1300.2054443359375,1303.6686550621423,1288.5283679870784,1296.520342709969,8140604
2022-09-02,1290.2598876953125,1312.459816939898,1285.8199018463954,1312.459816939898,5175653
2022-09-05,1297.6302490234375,1302.6917893036236,1284.3546268952266,1288.4838352280558,3669352
2022-09-06,1292.124755859375,1305.3559363496136,1283.5555608560994,1297.6304037590292,3428442
2022-09-07,1294.38916015625,1301.581915907194,1276.9844364483333,1278.7159876557116,3600574
2022-09-08,1310.594970703125,1315.212512366536,1299.6725627710948,1309.7957516157421,4061475
2022-09-09,1342.3409423828125,1349.7556970653623,1314.2358103004844,1321.33978765346,4816910
2022-09-12,1364.1412353515625,1372.7548731045804,1350.7769427256635,1354.9061513249576,5494819
2022-09-13,1371.9110107421875,1379.0594304149024,1368.669908200499,1378.0826553311847,4947158
2022-09-14,1310.1510009765625,1331.0632685678052,1307.1317890233854,1329.33171750544,14332197
2022-09-15,1272.3223876953125,1309.9733809599834,1268.9923983100107,1309.7958248853374,12784100
2022-09-16,1222.8165283203125,1265.3959486362396,1215.0908880161,1265.3959486362396,20464045
2022-09-19,1234.58251953125,1248.5240318620802,1225.9688818685945,1236.092071374122,6595241
2022-09-20,1233.028564453125,1255.2284946157747,1229.9649090518215,1250.255623540864,7219797
2022-09-21,1222.994140625,1233.2505516184503,1215.1353871043787,1225.3473548787024,7917054
2022-09-22,1214.7357177734375,1228.9436728727633,1207.676183442698,1213.3149439431238,9168498
2022-09-23,1212.5157470703125,1238.5785519030435,1209.4522000549628,1214.336184710104,10426200
2022-09-26,1225.658203125,1242.7077069492407,1203.2362725842238,1207.676258829922,9414587
2022-09-27,1237.4683837890625,1248.967902705002,1223.6599857287542,1237.3794973619085,8561254
2022-09-28,1238.489501953125,1248.3906912173352,1222.7719967699986,1224.5479909555759,7022098
2022-09-29,1241.9971923828125,1251.9427167580907,1236.9799869799815,1247.547174377518,6119965
2022-09-30,1255.1395263671875,1260.3343964051253,1221.884076510353,1233.3835962258331,8120130
2022-10-03,1237.64599609375,1253.8519436659194,1230.7640183576234,1253.8519436659194,4943169
2022-10-04,1269.3031005859375,1271.8338706895042,1255.6279233059583,1260.689463513092,6631341
2022-10-06,1292.169189453125,1296.2983982475762,1282.3567767134796,1283.155995899196,6180672
2022-10-07,1288.661376953125,1294.5665794796807,1278.8490738177404,1284.3546126015165,3994466
2022-10-10,1298.8291015625,1300.915873263201,1266.5947604561948,1266.5947604561948,5274677
2022-10-11,1264.330322265625,1313.9249389319289,1261.0446679361762,1298.8289881372887,12824774
2022-10-12,1268.6815185546875,1279.6927051868731,1255.2284480932105,1276.0519384547556,5481467
2022-10-13,1260.8671875,1276.8954711779975,1256.515979742123,1270.7239342833766,4821514
2022-10-14,1309.1297607421875,1326.6677039503666,1302.913780870934,1318.6757298301836,14990688
2022-10-17,1323.0714111328125,1327.5558404413687,1310.239894696481,1311.4831124808618,4286396
2022-10-18,1335.2811279296875,1341.7191065769207,1329.553590285518,1340.8755527341007,4692004
2022-10-19,1319.0753173828125,1336.3912617326525,1315.3902159447794,1335.54770780305,3553171
2022-10-20,1332.794921875,1335.5476913144482,1309.085333326775,1309.7957743941563,4583939
2022-10-21,1332.4398193359375,1337.323804011944,1324.314623149871,1332.2622632524126,3594485
2022-10-24,1347.8463134765625,1351.3539668962553,1341.7635553058506,1348.4235332441654,982837
2022-10-25,1355.35009765625,1361.2108571850185,1350.6881126041244,1356.9484274924105,3914341
2022-10-27,1368.052490234375,1377.8823898027329,1357.7738493894442,1374.201834673,6760137
2022-10-28,1358.447021484375,1371.6431919026134,1352.8363861734367,1369.892717518689,3053981
2022-10-31,1380.35107421875,1388.2059642832278,1373.70805956196,1373.70805956196,4542336
2022-11-01,1412.084716796875,1413.8801201240165,1388.8342217938466,1394.1756124417263,4542692
2022-11-02,1394.400146484375,1411.8604013679294,1386.949178263202,1411.1871250678016,2938906
2022-11-03,1374.1568603515625,1385.9616594777258,1365.9877968987141,1381.3384738631173,3174027
2022-11-04,1359.1204833984375,1364.9106159972587,1347.5850375397733,1364.9106159972587,4509682
2022-11-07,1353.2403564453125,1371.598421588422,1338.5629558638961,1365.7633606565107,4898592
2022-11-09,1356.6065673828125,1372.5856991457824,1347.5398034514983,1372.5856991457824,3334755
2022-11-10,1348.3028564453125,1357.3248012390143,1333.0868583597462,1333.0868583597462,3435763
2022-11-11,1409.4814453125,1412.5336530698069,1388.4303838615199,1388.4303838615199,7214098
2022-11-14,1423.12646484375,1428.602422973989,1408.0001044253945,1414.014771210018,4908813
2022-11-15,1430.936279296875,1434.3924083685972,1411.860121244768,1416.4383772607318,3497614
2022-11-16,1438.8363037109375,1444.4020103215976,1430.4876342122222,1433.7642672771042,4497697
2022-11-17,1425.01171875,1438.8363470236297,1421.0168803841925,1433.8091297730527,3469515
2022-11-18,1430.3978271484375,1434.5272328106976,1414.3289457404594,1428.8716685979427,3126064
2022-11-21,1407.775634765625,1425.4154934915452,1404.0502607137878,1420.2537091834579,3071764
2022-11-22,1422.9019775390625,1425.550153449475,1402.2099116423676,1408.4938228981273,3399329
2022-11-23,1421.196533203125,1429.141171694554,1417.7404034167669,1426.3583182139566,3245067
2022-11-24,1463.07421875,1468.639925244856,1422.6327148727294,1426.4479469523692,5282215
2022-11-25,1468.32568359375,1475.8214702395546,1448.710925020796,1464.5104516907584,4563255
2022-11-28,1457.3289794921875,1484.3497790755966,1454.276771758371,1461.4583854460668,3825766
2022-11-29,1462.4010009765625,1471.1086636498967,1449.8331771528563,1455.3539549520883,3131710
2022-11-30,1467.697265625,1477.3924872568878,1448.1274354474258,1454.2317409044451,11868134
2022-12-01,1487.5814208984375,1501.49579683449,1483.272518616262,1486.7734674759286,5407928
2022-12-02,1470.345703125,1491.800796645968,1466.799715499316,1486.5940827164045,4283343
2022-12-05,1472.0062255859375,1476.5844819133267,1457.2390778283009,1470.4352477571372,3824966
2022-12-06,1447.903076171875,1459.6629463817758,1443.100394052047,1458.765244692734,4822398
2022-12-07,1441.2598876953125,1457.6878704538565,1433.3600699527174,1443.504141646878,4898087
2022-12-08,1454.4114990234375,1457.7778805554876,1434.976234395189,1441.260146588349,4206837
2022-12-09,1408.7633056640625,1461.4583510232733,1401.4020860579217,1461.4583510232733,8880658
2022-12-12,1388.923828125,1405.7557325970877,1373.528333834033,1391.4374363592497,8037679
2022-12-13,1411.32177734375,1416.1244596167126,1383.4930240961316,1388.924053738368,6135067
2022-12-14,1417.8299560546875,1425.999018854275,1412.0846437883376,1420.163958342753,4976020
2022-12-15,1382.909423828125,1409.3916231159728,1378.1964900565588,1408.7632757795202,6443866
2022-12-16,1366.4814453125,1390.9887448634156,1357.369860981026,1368.9950538345975,9630453
2022-12-19,1353.1505126953125,1361.7236069848582,1342.108848537671,1353.6891117498556,6222740
2022-12-20,1353.1058349609375,1360.9157960258838,1330.797859741164,1347.4502703396117,7396259
2022-12-21,1355.1256103515625,1365.4042507201466,1348.662092527513,1360.0180406581342,6236361
2022-12-22,1366.3470458984375,1373.4388023348172,1357.1006736784477,1365.853266083518,6302640
2022-12-23,1343.9490966796875,1355.4397214479377,1340.268541890437,1354.3624137356346,6283822
2022-12-26,1348.70703125,1355.4397938764648,1343.2758922315616,1347.0013761347504,4115459
2022-12-27,1359.88330078125,1365.808109659706,1344.3081993200292,1355.4845408502367,4860076
2022-12-28,1355.664306640625,1368.9502266632046,1345.206059437163,1351.1308690136332,5029860
2022-12-29,1362.3072509765625,1365.673632332556,1347.4502440923538,1350.1433491771486,4624745
2022-12-30,1353.9136962890625,1373.8427403112848,1350.1883218006867,1371.688234257162,5060544
2023-01-02,1368.097412109375,1370.3416663943312,1350.188306748515,1359.1203949695496,3801140
2023-01-03,1366.7957763671875,1375.862541681665,1360.1078329075388,1364.3719160112378,4551130
2023-01-04,1341.8843994140625,1365.4041375693505,1338.5628377347775,1365.4041375693505,7059590
2023-01-05,1324.289306640625,1351.8488104729133,1318.948026154757,1351.8488104729133,9868404
2023-01-06,1300.32080078125,1324.109893788294,1298.5253975354353,1319.6213856737572,6443714
2023-01-09,1332.59326171875,1336.9920220213673,1300.0515746789345,1300.0515746789345,11498717
2023-01-10,1319.3970947265625,1332.0995959017448,1305.3032216437111,1330.3939407278556,7158624
2023-01-11,1320.7435302734375,1341.166242466281,1314.2351934207732,1319.6214032298747,6173092
2023-01-12,1329.1370849609375,1333.0869942679058,1306.1559438786553,1330.348960311909,6591385
2023-01-13,1349.8291015625,1363.9679024832087,1317.8260159746374,1331.7403914839063,11610426
2023-01-16,1369.4439697265625,1371.6882240197885,1348.617333718516,1355.5295931085607,6073063
2023-01-17,1382.01171875,1384.435469422026,1368.097342887301,1370.7904478929847,5922644
2023-01-18,1387.308349609375,1393.098482244262,1382.1016354639867,1386.7248215371396,5843098
2023-01-19,1381.4730224609375,1391.0335664749514,1370.0273269921345,1382.3707240663339,6165284
2023-01-20,1369.4888916015625,1386.9491460799632,1368.0974101138277,1380.6652340912512,6496429
2023-01-23,1389.6422119140625,1394.4000746897525,1371.777926420586,1377.9720899793838,4855020
2023-01-24,1393.143310546875,1408.3144914155778,1391.2132299470666,1400.414672506807,5200802
2023-01-25,1385.15380859375,1396.8239314140474,1381.3385761332681,1388.7446156153799,4158617
2023-01-27,1363.74365234375,1392.2905025981806,1353.1956566504216,1387.8469227136595,6209955
2023-01-30,1381.38330078125,1386.0513053859913,1364.5064664421677,1372.4062845546568,6964719
2023-01-31,1376.8499755859375,1390.450178190422,1358.2226654027863,1390.450178190422,9448126
2023-02-01,1392.4251708984375,1395.9711585819437,1371.733211185899,1384.43560335875,6194199
2023-02-02,1421.735107421875,1424.6077091096986,1393.233077644041,1393.233077644041,6916834
2023-02-03,1435.7840576171875,1440.4969913344742,1412.084711865144,1434.0784025458154,7040194
2023-02-06,1409.2568359375,1434.527157913661,1401.8507977317506,1434.527157913661,4570612
2023-02-07,1402.5692138671875,1414.822864476851,1396.0159473630506,1408.494023406654,4336238
2023-02-08,1427.79443359375,1439.0157038986365,1405.3518929839772,1405.3518929839772,7983338
2023-02-09,1451.5836181640625,1454.0522977867906,1423.79979497045,1432.9113793663391,6904911
2023-02-10,1443.9979248046875,1450.9551120711883,1433.1356479869482,1447.9477241027244,4786762
2023-02-13,1407.102294921875,1433.6294203908712,1405.8006714665648,1433.6294203908712,4001199
2023-02-14,1430.2633056640625,1432.7319854635768,1416.7080312269122,1422.5879119088431,5043736
2023-02-15,1433.67431640625,1435.424790610496,1414.7776547855797,1421.95926724642,3465747
2023-02-16,1437.9385986328125,1449.2944372484508,1434.3926112378667,1436.3226917714796,4290289
2023-02-17,1421.7799072265625,1431.8341218036317,1414.328939750233,1430.9364201598676,2857734
2023-02-20,1429.544921875,1439.0157179378093,1420.6128344582553,1422.8121596263827,2417716
2023-02-21,1417.9197998046875,1437.80391388057,1414.7778439330089,1435.1556281819492,2723288
2023-02-22,1402.0303955078125,1413.8800127338295,1396.1953351378,1403.1075935891906,3656244
2023-02-23,1392.0660400390625,1409.257050222941,1389.7769663588479,1409.257050222941,4766854
2023-02-24,1392.02099609375,1408.493798396826,1386.9489601804307,1400.4144840656777,2790986
2023-02-27,1354.901123046875,1382.4605194389667,1348.3478572709923,1382.4605194389667,4920268
2023-02-28,1335.3760986328125,1368.0972790929927,1329.7654634659286,1360.556563512157,9679811
2023-03-01,1343.0068359375,1347.315738873462,1329.94523077616,1339.7302024162723,5125043
2023-03-02,1321.5513916015625,1336.3185386330763,1317.1975608923722,1333.086834889281,4644499
2023-03-03,1327.9700927734375,1337.3959600849184,1322.3145285534606,1334.6579262232572,4615015
2023-03-06,1353.2403564453125,1364.8656589746784,1340.4032881447426,1341.6600924158531,6561742
2023-03-08,1339.999267578125,1342.961726985448,1329.585949900398,1338.0692966126087,4137080
2023-03-09,1328.95751953125,1345.0712200119858,1323.7508062262864,1342.0639414577045,5104656
2023-03-10,1321.012939453125,1323.481619051477,1308.5348642940003,1310.6444413069564,3699580
2023-03-13,1288.2916259765625,1327.0724033065608,1281.9179661287412,1314.4147222773474,8798403
2023-03-14,1274.7364501953125,1300.1862721963982,1266.6571346659055,1293.5881864305952,7402784
2023-03-15,1274.422119140625,1295.2487527671929,1271.9085107865455,1290.894921852731,7556182
2023-03-16,1260.4627685546875,1272.7613459697632,1255.6151580984792,1272.7613459697632,7323117
2023-03-17,1275.3646240234375,1295.2936653670802,1267.016064862061,1283.7132927675293,9090018
2023-03-20,1260.0589599609375,1274.4670058884406,1243.1821248798633,1274.4670058884406,8221829
2023-03-21,1248.43359375,1261.2707706940655,1247.80524645178,1255.8845609971513,8536755
2023-03-22,1247.13232421875,1263.2909578958688,1240.7586628515471,1259.4757249443269,8356487
2023-03-23,1233.935791015625,1242.3740984776875,1229.851204859829,1242.3740984776875,7607718
2023-03-24,1239.4117431640625,1255.8396167899662,1236.583961191075,1246.0098280458892,7559127
2023-03-27,1246.86279296875,1252.967208658463,1233.5319439925304,1244.4390420940674,4170193
2023-03-28,1236.6737060546875,1254.9868406676687,1235.102728249846,1249.6903792948028,6633366
2023-03-29,1242.0150146484375,1247.715397534525,1224.9586853177364,1237.9304287914233,8813966
2023-03-31,1281.873046875,1283.6684502024389,1251.3063709749888,1260.37313586201,8711975
2023-04-03,1266.5224609375,1288.201979583624,1261.405604921375,1288.201979583624,5242764
2023-04-05,1277.92333984375,1281.469217839355,1256.7824202977913,1256.7824202977913,7506334
2023-04-06,1276.44189453125,1282.2769547830226,1266.0733974815537,1271.1454333092524,6948465
2023-04-10,1281.5589599609375,1287.3042729141996,1270.2479401489488,1278.2823267500144,4993788
2023-04-11,1262.3033447265625,1286.7207886297933,1246.9077377115614,1282.7260596530837,6942255
2023-04-12,1282.1873779296875,1285.059979527605,1256.7823760661174,1268.4974270475386,5831169
2023-04-13,1247.0870361328125,1266.7019040302373,1241.5213299689306,1265.5348481010121,11267238
2023-04-17,1129.577880859375,1132.1363083074723,1064.045669063365,1122.3962686077575,53171705
2023-04-18,1130.5206298828125,1140.0362461201344,1124.909994178881,1140.0362461201344,12430884
2023-04-19,1106.14794921875,1126.0320630409092,1103.6344503031144,1126.0320630409092,11307230
2023-04-20,1098.2481689453125,1111.2199133454824,1096.452765729637,1104.801324932899,8621249
2023-04-21,1101.794189453125,1107.0906515432816,1095.1961036957662,1102.4674657463806,8691352
2023-04-24,1100.8516845703125,1104.1731371660935,1093.4007163156925,1102.3777336910266,8313774
2023-04-25,1099.5947265625,1109.110341734084,1090.7074586862907,1100.537247505562,6808576
2023-04-26,1101.9737548828125,1106.8661852668383,1095.6898430443146,1102.3776768107684,5680192
2023-04-27,1118.7606201171875,1120.152101431663,1100.0435636550399,1104.1729691026203,8020704
2023-04-28,1124.595703125,1130.2063382433646,1117.5935866641942,1127.2438790677813,10118277
2023-05-02,1146.7689208984375,1148.833678512012,1126.2116409241175,1126.2116409241175,8886401
2023-05-03,1139.3182373046875,1142.3255163545746,1132.989395915365,1136.4904547779106,5549783
2023-05-04,1143.267822265625,1145.2876506991165,1133.3481765702838,1139.1383075798776,4505401
2023-05-05,1130.296142578125,1148.1604275980321,1125.9423114267645,1148.1604275980321,5373791
2023-05-08,1136.1312255859375,1140.3504892363796,1126.7951061867552,1133.3034433741707,5260842
2023-05-09,1140.70947265625,1141.8765286648618,1131.7324559214633,1136.4903186239899,4969897
2023-05-10,1134.0216064453125,1145.8264050289897,1130.3410516063245,1145.8264050289897,6515734
2023-05-11,1127.6031494140625,1145.377687946898,1124.8652248185404,1140.3056511286572,6888461
2023-05-12,1117.818115234375,1127.5133374467855,1112.2973374345554,1125.1344060204995,8292212
2023-05-15,1129.622802734375,1139.0935985840445,1118.222036083044,1122.0372679380657,5534710
2023-05-16,1134.964111328125,1143.6268436028956,1133.572630095202,1135.5924585788403,5236469
2023-05-17,1119.34423828125,1131.9568810406574,1115.3494000856915,1131.6427073715677,10465667
2023-05-18,1118.536376953125,1130.7900277183155,1115.3494919176374,1129.8473970507112,6948732
2023-05-19,1139.093505859375,1143.0434145513507,1124.6405329839868,1127.558062988569,11094136
2023-05-22,1160.5487060546875,1163.0622048581356,1140.3054905530537,1142.7292411104354,7625947
2023-05-23,1167.0570068359375,1179.7145774568664,1164.3639020407309,1166.293872811124,7436031
2023-05-24,1165.800537109375,1171.500921977929,1159.202450384899,1163.690959664508,4824077
2023-05-25,1170.9171142578125,1173.2960455245018,1157.361841386736,1162.0747750049484,4334121
2023-05-26,1182.6771240234375,1188.0633345112276,1172.398482842331,1172.398482842331,5521606
2023-05-29,1179.93896484375,1196.3668378156449,1175.8543788695222,1196.3668378156449,4419365
2023-05-30,1188.42236328125,1190.7115464294097,1175.2261922392356,1180.477725221967,6274719
2023-05-31,1183.4403076171875,1194.930824721551,1179.7148232909426,1184.8316796350223,17800782
2023-06-01,1184.5174560546875,1193.4944735314186,1183.2606516913986,1187.2554902181837,4277841
2023-06-02,1181.7879638671875,1194.4337541289267,1179.1041942067427,1190.885638723748,10909311
2023-06-05,1186.7918701171875,1191.2951754512299,1180.241587621195,1186.3369863034209,5002553
2023-06-06,1163.5927734375,1172.3265202842344,1158.134167776339,1172.3265202842344,10008100
2023-06-07,1172.644775390625,1177.2391456905614,1166.7768194344242,1174.0549594386935,5397578
2023-06-08,1167.0499267578125,1175.4197442918237,1165.5032551977433,1170.1430477667195,5034942
2023-06-09,1151.72021484375,1166.7769126021076,1149.9462124982956,1166.7769126021076,5339073
2023-06-12,1175.3741455078125,1178.785773831074,1158.1340948031748,1158.5889785796096,4785588
2023-06-13,1187.1102294921875,1188.611368241848,1180.0141088524708,1182.6069242988215,4846587
2023-06-14,1183.061767578125,1188.7932366228665,1176.5113744554915,1188.474840185205,3457981
2023-06-15,1170.68896484375,1177.1937141878004,1166.9134071805377,1177.1937141878004,6161155
2023-06-16,1175.1011962890625,1184.0623838210365,1165.457683142132,1170.8707552652124,8536287
2023-06-19,1177.2393798828125,1182.2431021311552,1170.9165389185205,1177.2393798828125,4451787
2023-06-20,1185.7911376953125,1187.2467436756685,1174.6009515510648,1177.2392998592454,4009180
2023-06-21,1182.1065673828125,1186.1551000366512,1178.1491003379751,1182.6524057587176,4041529
2023-06-22,1165.9127197265625,1173.0543732215287,1158.5890460770524,1173.0543732215287,6676607
2023-06-23,1150.85595703125,1163.9110992338817,1149.354818354435,1161.27275111336,7239467
2023-06-26,1155.7232666015625,1159.0439406048426,1148.3541711369407,1155.6323120512568,3403244
2023-06-27,1163.729248046875,1166.322063496411,1159.2258317923613,1164.5025282959484,3240024
2023-06-28,1176.647705078125,1179.6954038137092,1165.7760285113764,1173.6000063425408,5662358
2023-06-30,1214.99462890625,1218.0878609550978,1186.7463005247835,1190.1579290222737,12821692
2023-07-03,1213.35693359375,1224.5471188494619,1208.5806539697087,1209.9908380904787,7732412
2023-07-04,1223.77392578125,1224.5472060405089,1211.2646211133026,1223.0006455219911,5797775
2023-07-05,1225.72998046875,1235.4189169481579,1219.9983999394044,1235.327962395677,5414936
2023-07-06,1222.63671875,1225.8663271465525,1216.4957873550766,1221.4085546821386,5963897
2023-07-07,1210.1728515625,1224.365315371182,1205.7605007879629,1213.6300129632032,6295647
2023-07-10,1209.2176513671875,1220.817188493727,1200.2564625432983,1215.9499539497926,3940315
2023-07-11,1226.91259765625,1229.0051076173486,1207.2616391546826,1213.129595917475,6126128
2023-07-12,1212.9932861328125,1229.914942685519,1207.2617053550714,1229.0961295664667,8102770
2023-07-13,1241.9237060546875,1252.5680534152623,1210.7641663190607,1214.4487694545699,9977644
2023-07-14,1297.2830810546875,1300.9676843031073,1256.0706748916025,1256.0706748916025,12833381
2023-07-17,1294.5538330078125,1327.3054684043354,1286.684431680645,1297.2831359575227,11569884
2023-07-18,1342.0889892578125,1344.5908499157708,1300.057774626354,1304.6066121862784,16743977
2023-07-19,1341.8616943359375,1363.559740717556,1328.8975058703597,1351.9146708665796,13687062
2023-07-20,1318.7081298828125,1338.2681331891117,1310.7021306189188,1338.2681331891117,8347221
2023-07-21,1211.4464111328125,1228.186155763225,1187.2466172377842,1201.075039161913,45548305
2023-07-24,1215.995361328125,1228.0953149237007,1213.8574296627578,1219.998361010124,8859789
2023-07-25,1214.17578125,1221.681363730559,1204.759709076421,1216.359245637285,6801982
2023-07-26,1227.139892578125,1228.186147433356,1218.5426339683336,1221.817774817035,5528885
2023-07-27,1231.0521240234375,1240.7411717559758,1225.5025635415454,1236.0103133187197,9191861
2023-07-28,1219.5433349609375,1240.7863838959101,1215.4493812068724,1231.6887088868766,6122735
2023-07-31,1233.3719482421875,1235.0095744205735,1212.9477090948283,1227.0491075504592,7902180
2023-08-01,1242.0145263671875,1245.4716872331724,1234.5544774108216,1239.1033148368012,6064652
2023-08-02,1234.4180908203125,1248.1555587567932,1226.7760211098619,1245.7447635687552,7419145
2023-08-03,1241.196044921875,1243.2430221271263,1227.2765555039189,1228.186323150697,6503741
2023-08-04,1253.978271484375,1260.847061956178,1239.1035919855417,1245.381011248576,5712345
2023-08-07,1267.3062744140625,1269.1258096249944,1252.7499927266074,1262.6664818373094,3729093
2023-08-08,1264.7589111328125,1267.8067215289614,1259.482325527499,1267.1698175564386,4161877
2023-08-09,1268.5799560546875,1270.0355619948482,1257.7536994683937,1259.1183508602219,4090828
2023-08-10,1263.7579345703125,1269.8534430800187,1260.5737485155037,1266.0323531808904,3873025
2023-08-11,1248.0645751953125,1270.8087636526227,1243.6977576448737,1266.396413303026,5783517
2023-08-14,1267.806640625,1269.1257591782453,1242.378570429603,1248.0646177377491,4304135
2023-08-16,1290.5052490234375,1291.8243675275844,1278.5873165202784,1283.5000834227826,7735313
2023-08-17,1284.1824951171875,1291.8699868845008,1279.1332405349353,1291.8699868845008,5618346
2023-08-18,1263.4852294921875,1281.5895150593437,1261.0743232513742,1277.0406772674733,5134103
2023-08-21,1278.58740234375,1280.04300828704,1261.9841437074754,1264.3495172472738,3032722
2023-08-22,1277.086181640625,1279.1786914005518,1270.626854331071,1277.9504163795991,2890714
2023-08-23,1280.9071044921875,1288.7766155616553,1278.814705879977,1288.230777273931,2559125
2023-08-24,1295.1451416015625,1296.4643712635414,1286.8207457961107,1293.2346518402169,5171963
2023-08-25,1291.9610595703125,1294.1445242124462,1284.046125180156,1285.50173125637,4307172
2023-08-28,1287.9124755859375,1296.236871016697,1284.0459634347399,1291.9608968278883,3133464
2023-08-29,1289.7320556640625,1295.8729869417455,1287.594124022955,1295.509057691945,3074444
2023-08-30,1305.6529541015625,1307.0176054605395,1295.5090234553786,1298.2383261733323,3070887
2023-08-31,1305.92578125,1314.523151204695,1299.739428562197,1305.6529176191962,9792735
2023-09-01,1313.5679931640625,1315.524015813637,1299.3301072963106,1301.8319683222358,3582133
2023-09-04,1332.9005126953125,1337.3583962271932,1305.243554943164,1312.794670582204,4609014
2023-09-05,1345.4552001953125,1346.5014550487228,1325.0763856474239,1332.8094095252152,5496840
2023-09-06,1344.135986328125,1349.0942859762029,1331.2628646848657,1348.1845184505673,5075786
2023-09-07,1333.901123046875,1340.4515159698167,1330.1256765994524,1337.90412243496,4411743
2023-09-08,1336.994384765625,1341.679709913553,1328.442547485381,1331.4448248574233,3125838
2023-09-11,1343.2264404296875,1344.6821575553772,1332.3547611267988,1336.9945540619674,4182226
2023-09-12,1365.6522216796875,1368.2905701230975,1343.8177976883615,1348.7305652975347,6793161
2023-09-13,1363.1502685546875,1369.2002453382354,1354.3255672096375,1369.2002453382354,4804686
2023-09-14,1370.97412109375,1376.068908054887,1363.878001064633,1369.200118850372,6444213
2023-09-15,1375.2047119140625,1381.3911761511094,1372.839338313645,1381.0272468920564,8657816
2023-09-18,1357.1912841796875,1369.1092169496771,1353.7341230453653,1369.1092169496771,3991916
2023-09-20,1355.7811279296875,1360.193478454991,1342.9988490854248,1342.9988490854248,4169337
2023-09-21,1366.24365234375,1368.791046342537,1342.8171339166804,1352.4152276362358,6779195
2023-09-22,1361.1488037109375,1370.9742270619945,1351.1867819544711,1357.282291448548,5455613
2023-09-25,1341.1339111328125,1355.417217832278,1338.7685376167728,1355.417217832278,4217863
2023-09-26,1328.85205078125,1346.3650768655104,1327.3509120486192,1345.682751173916,3996528
2023-09-27,1334.6290283203125,1336.994401796738,1319.2085123948889,1324.6215850268404,3863586
2023-09-28,1309.56494140625,1339.7237598799838,1305.51651996519,1335.4478965364908,5814602
2023-09-29,1305.92578125,1316.251731755555,1288.2308468786073,1302.8780821778992,6068968
2023-10-03,1304.606689453125,1307.3359921507258,1292.142918222993,1306.4717573853966,4181867
2023-10-04,1314.0228271484375,1319.1175035605104,1290.2323819022101,1296.4188460811952,4510406
2023-10-05,1331.3992919921875,1342.4985228636597,1319.3448718155562,1320.982497846701,7384621
2023-10-06,1345.2734375,1350.5501345192267,1331.2631039318392,1336.9036191822188,3598672
2023-10-09,1342.3165283203125,1356.4634585781648,1330.2621079137662,1332.7185470073355,3567552
2023-10-10,1360.239013671875,1361.9220614766054,1336.5395238912695,1350.0041284403374,5688951
2023-10-11,1359.556640625,1381.254574348816,1347.7750842911132,1361.9220140294271,7220129
2023-10-12,1333.264404296875,1368.654385789573,1320.982541821264,1357.2822909047482,11081662
2023-10-13,1302.013916015625,1308.2458018313064,1273.6746332154582,1278.2234711912276,17973439
2023-10-16,1304.7430419921875,1313.3403001791105,1300.9674847728108,1302.877974252616,4850745
2023-10-17,1312.29443359375,1322.2109241818564,1308.2915443778238,1310.292988985787,3923764
2023-10-18,1310.565673828125,1322.8020028156968,1308.5641186072812,1311.8847923385383,4264837
2023-10-19,1304.28857421875,1309.7471807908184,1297.41978319331,1297.41978319331,6795691
2023-10-20,1298.4656982421875,1308.7005828841384,1296.6461631947295,1300.9675589324422,3928622
2023-10-23,1281.5440673828125,1303.1055136577397,1278.4508355358098,1296.964582762976,2636516
2023-10-25,1262.560302734375,1292.5104566531788,1254.4967997562355,1289.2389333048216,6940777
2023-10-26,1252.7918701171875,1266.2003688015045,1246.9400932403355,1248.7371699932087,6357656
2023-10-27,1272.0521240234375,1276.3373223697179,1256.6623976967833,1256.6623976967833,4634358
2023-10-30,1269.01123046875,1272.0522558250557,1256.155634097897,1272.0522558250557,2667696
2023-10-31,1261.039794921875,1272.7894712580314,1256.0634389161826,1271.6835518717269,3451595
2023-11-01,1247.9075927734375,1269.3794791877367,1245.603735057758,1265.324779602583,3090672
2023-11-02,1262.6524658203125,1268.3199791238953,1254.819348447591,1262.5142118386507,3758060
2023-11-03,1280.0697021484375,1282.788209750896,1269.6562183795236,1271.775812861255,3349045
2023-11-06,1293.20166015625,1296.8417109189295,1281.6823697767961,1284.5391312922866,2736381
2023-11-07,1294.1231689453125,1295.5976155760281,1285.4145181543718,1290.1604881630135,2272209
2023-11-08,1281.8665771484375,1294.7681818070128,1277.6735106371746,1294.7681818070128,3550635
2023-11-09,1266.937744140625,1287.8567315630594,1262.5604135682283,1286.3822848162356,5498051
2023-11-10,1261.454345703125,1265.4170263311844,1254.2202543175401,1262.46802069147,2943649
2023-11-13,1265.7857666015625,1273.9874114709824,1263.2975323492624,1271.5914215374528,3462092
2023-11-15,1299.8367919921875,1303.0621934611509,1283.7097846473714,1289.2390443084512,8551860
2023-11-16,1331.537841796875,1339.3709592887674,1299.9288638617754,1304.9973516506468,6673907
2023-11-17,1324.7645263671875,1337.1592379171582,1322.4606682729127,1327.9899276991723,4901251
2023-11-20,1323.8890380859375,1338.0808269307881,1321.170530438921,1328.8653942384274,3584210
2023-11-21,1326.1007080078125,1336.2376835381015,1324.0272357402534,1328.8653376978914,3793135
2023-11-22,1343.42578125,1344.4854659823166,1323.520357257011,1323.520357257011,3108786
2023-11-23,1335.546630859375,1352.7334359458998,1334.1181937435772,1352.7334359458998,3186928
2023-11-24,1324.626220703125,1338.6797545299087,1321.3546973396635,1332.1368202960523,2973195
2023-11-28,1329.5103759765625,1331.6299704076575,1315.088314388403,1330.7084271755414,3755373
2023-11-29,1345.08447265625,1346.0981477081089,1336.0534165206054,1337.251355220777,3875778
2023-11-30,1340.983642578125,1346.0521303013406,1335.8230230312827,1339.2326879569457,10120867
2023-12-01,1338.3572998046875,1345.3610059685648,1332.6897863489253,1345.3610059685648,3489187
2023-12-04,1349.4617919921875,1356.4194883018783,1335.592634024112,1345.8677509348179,5511948
2023-12-05,1339.8778076171875,1351.8118605948976,1328.8654104130064,1350.7981854850148,5123039
2023-12-06,1358.63134765625,1361.1194695973477,1337.2054656873006,1342.4582175598755,5269178
2023-12-07,1350.8900146484375,1357.2946940153902,1347.1117105437224,1357.2946940153902,4424453
2023-12-08,1374.1591796875,1377.4305905862009,1351.2127312666094,1355.0371580856024,6323433
2023-12-11,1371.7171630859375,1380.4718241872586,1365.7271318060862,1373.0994779966725,3862018
2023-12-12,1360.243896484375,1373.0993792323097,1352.5029110424384,1361.5800891380788,6103494
2023-12-13,1335.3160400390625,1360.2438275366712,1320.7096034385588,1360.1977053814053,8549258
2023-12-14,1383.6510009765625,1392.4517835867966,1346.697140932601,1348.5863495012065,12489858
2023-12-15,1454.56396484375,1463.917651822094,1401.6673570114986,1403.5565657706456,18395389
2023-12-18,1441.6160888671875,1468.0183241638513,1437.88390638634,1444.9336219034078,6467243
2023-12-19,1436.0408935546875,1450.4629554436433,1422.1716226248461,1446.915036424613,4221721
2023-12-20,1415.859130859375,1459.2637972463308,1409.961231314737,1442.2613685718252,6592367
2023-12-21,1415.490478515625,1425.3049369492605,1401.8977151314416,1401.8977151314416,5319038
2023-12-22,1440.2799072265625,1443.1366686825568,1403.5103106025122,1414.522706978693,6741060
2023-12-26,1422.816650390625,1426.5489455360587,1403.5103643743007,1414.5688833319446,6878067
2023-12-27,1444.150390625,1446.8228885227966,1422.8627642542663,1422.8627642542663,4225849
2023-12-28,1440.049560546875,1445.8552154390939,1432.9997322913293,1445.8552154390939,5702253
2023-12-29,1421.8489990234375,1437.1004712006081,1419.1765012951132,1420.144166634131,4388990
2024-01-01,1429.635986328125,1434.8427277811138,1414.799163664711,1418.254950581332,2808451
2024-01-02,1414.015869140625,1427.6086309615123,1403.5102544550214,1424.7057474638627,5396313
2024-01-03,1373.0994873046875,1400.6996635455614,1371.2564007445471,1400.6996635455614,7550363
2024-01-04,1394.018310546875,1400.5152349032498,1375.7718232468026,1386.8763509676678,7056038
2024-01-05,1412.3111572265625,1418.9001014903272,1388.0745246781073,1388.5352963045564,8895403
2024-01-08,1403.3260498046875,1415.4903752195028,1394.52526712299,1408.9934505703893,4440136
2024-01-09,1409.3160400390625,1431.1565685607613,1406.1366485499625,1420.9274616897512,4412074
2024-01-10,1400.6534423828125,1414.983370728282,1386.9224270844938,1405.3071677486228,4096845
2024-01-11,1376.9698486328125,1405.3534251009314,1369.9661425866611,1405.261293276588,11296088
2024-01-12,1486.2188720703125,1491.056974118596,1433.3683893367258,1439.450552270239,26754401
2024-01-15,1522.4815673828125,1534.3233755421343,1507.6447436874366,1515.8925107048797,13228305
2024-01-16,1503.5438232421875,1519.1639351762556,1497.5076704042556,1515.7542704008683,6500917
2024-01-17,1511.51513671875,1518.2424471875822,1493.1303945709744,1493.1303945709744,9209876
2024-01-18,1513.7269287109375,1519.6248280436816,1500.5028054955274,1513.7730508709333,6375464
2024-01-19,1529.0244140625,1534.830181149936,1515.1552565650597,1522.0207083253042,4522736
2024-01-23,1513.3121337890625,1543.3082963711743,1509.2111992011553,1520.638356967558,9401255
2024-01-24,1543.953369140625,1548.1924450033323,1515.9384357324295,1529.6694507492252,8999681
2024-01-25,1538.147705078125,1548.6994420250173,1527.9185982399085,1541.6956238359799,8865304
2024-01-29,1526.62841796875,1547.5935254301967,1518.3345293026832,1534.5076571987393,4253785
2024-01-30,1521.88232421875,1557.407856111292,1518.9334312635722,1532.0192984301252,4995943
2024-01-31,1530.5911865234375,1536.4429635862402,1509.5799556993886,1518.93364206389,6763779
2024-02-01,1527.043212890625,1545.4279548337279,1520.8688059210901,1529.3470709031976,5760011
2024-02-02,1560.495361328125,1583.672198367883,1534.36963065611,1535.3372961411437,7858483
2024-02-05,1554.8277587890625,1567.3147150838886,1549.8975247974827,1561.785455468717,3634135
2024-02-06,1593.762939453125,1597.0344630098957,1542.6172887335351,1554.4130874102375,7694265
2024-02-07,1560.8638916015625,1593.3482914120157,1554.5052206294124,1593.3482914120157,4613877
2024-02-08,1559.3431396484375,1572.4751295193644,1550.7728558600897,1564.7802667251876,5919715
2024-02-09,1538.378173828125,1560.080561966992,1529.577503446997,1552.5238399589869,4600004
2024-02-12,1548.284912109375,1560.1267212932257,1539.2998647238455,1539.2998647238455,3555808
2024-02-13,1552.3857421875,1556.578696520759,1532.9872115852988,1550.957305138598,2696481
2024-02-14,1535.475341796875,1538.470357405494,1507.1840085834583,1529.9460822117326,3768579
2024-02-15,1544.8287353515625,1555.3343490688874,1531.235974783489,1545.4277608582577,4834391
2024-02-16,1568.14404296875,1574.917363137815,1555.5188333576436,1556.486498735968,4880654
2024-02-19,1566.39306640625,1577.2211990906292,1555.2884257624896,1571.2311682439513,3690993
2024-02-20,1553.0306396484375,1561.3245282446908,1537.825177221973,1552.800253854097,3706389
2024-02-21,1525.6610107421875,1542.663439133254,1516.2151921931338,1542.663439133254,4300508
2024-02-22,1549.4366455078125,1552.4316609246032,1515.3856690741432,1534.3694366019563,5841277
2024-02-23,1545.2896728515625,1565.194983220865,1540.728079066558,1563.8587905950133,5373072
2024-02-26,1529.89990234375,1543.5386736406174,1515.9385009458492,1543.5386736406174,2782438
2024-02-27,1533.0792236328125,1539.9907975363865,1523.1266247075048,1530.683233844853,5159088
2024-02-28,1540.129150390625,1555.380736114235,1531.6509975218291,1538.9772213327412,3188916
2024-02-29,1542.5711669921875,1550.2660301238518,1523.5873997921522,1534.369410109207,7814722
2024-03-01,1524.8773193359375,1540.7739377771939,1521.4676548703967,1538.055430635186,6387291
2024-03-04,1508.7503662109375,1533.862416483001,1505.4789555979346,1527.7802543285623,4445156
2024-03-05,1480.4591064453125,1508.8886908149464,1476.3121621695554,1505.8015436860508,4596579
2024-03-06,1490.6422119140625,1493.0382016771937,1452.352047887815,1477.049450044554,6420684
2024-03-07,1489.6285400390625,1500.6870590284748,1478.3396352373709,1489.7667940250446,6348359
2024-03-11,1475.02197265625,1487.186409973432,1463.4105512344881,1481.9796685740168,6752895
2024-03-12,1486.403076171875,1497.5077168540815,1472.303532549028,1474.4691365947879,4614222
2024-03-13,1484.9747314453125,1497.046924837975,1473.1329238521018,1486.3570462420234,5688997
2024-03-14,1523.5875244140625,1527.6883469444472,1481.8415695289827,1487.7394689212454,8803799
2024-03-15,1505.801513671875,1516.6757678865583,1491.3793408128192,1512.3444475668186,11809997
2024-03-18,1476.911376953125,1504.5576756669025,1473.4094674521489,1502.11556344857,4958904
2024-03-19,1438.9434814453125,1473.5474711208267,1435.764202630549,1467.4191867817187,6870411
2024-03-20,1432.9534912109375,1451.3843544053573,1430.5575014942751,1440.371958643916,4759059
2024-03-21,1432.7232666015625,1453.2276042120811,1422.309895221054,1441.2936639483573,11062497
2024-03-22,1390.470458984375,1408.9474454626866,1380.6560012352104,1401.6672315575609,14673890
2024-03-26,1375.54150390625,1389.1802760076575,1371.164173630106,1374.9424783172167,8351081
2024-03-27,1367.4320068359375,1381.3934103666109,1365.312524736159,1378.6287804592728,6857402
2024-03-28,1380.5177001953125,1393.188917951044,1370.472857803067,1370.472857803067,12499530
2024-04-01,1378.1217041015625,1409.9149438246613,1375.6797046680076,1405.3533500790074,6580002
2024-04-02,1366.5103759765625,1376.0023163808078,1364.6672894897633,1368.353462463362,7279400
2024-04-03,1364.4830322265625,1377.799287158803,1359.2762903783632,1362.9624633692197,8736248
2024-04-04,1370.058349609375,1378.306229462609,1352.825535267705,1373.6063812324333,11186915
2024-04-05,1363.054443359375,1370.0581487632178,1360.2438042627782,1363.9299768430176,5072482
2024-04-08,1360.8427734375,1373.9747637962018,1358.4467836601393,1366.6485404880466,6610887
2024-04-09,1377.5687255859375,1395.0320353978589,1370.6111424492417,1373.099263903387,9423230
2024-04-10,1388.5814208984375,1391.3920603288602,1368.0770834855082,1382.6373994109804,6744595
2024-04-12,1368.26123046875,1388.581302495331,1363.4231287950938,1386.0009366054892,12275616
2024-04-15,1352.9637451171875,1374.8964069734686,1346.420810540168,1363.884010132131,8531224
2024-04-16,1303.476806640625,1340.983684459676,1302.1867360834249,1337.159257468646,16173541
2024-04-18,1307.9000244140625,1331.3532509485221,1297.071893156803,1309.6048566240418,22107945
2024-04-19,1300.52783203125,1314.903883353496,1270.5776782377934,1276.3373231980736,20603621
2024-04-22,1320.3409423828125,1324.1192467826613,1302.1865874045059,1308.4991354557612,5859087
2024-04-23,1329.23388671875,1333.334708815105,1320.5713584494295,1329.7867901203954,4856174
2024-04-24,1318.498046875,1330.985003306902,1315.0883817387778,1330.985003306902,4268213
2024-04-25,1325.59375,1331.5377710414832,1308.5913232271268,1308.5913232271268,9089398
2024-04-26,1318.0372314453125,1331.9986341616486,1315.0422158870554,1326.7457701482465,8062444
2024-04-29,1322.18408203125,1326.8379201034072,1316.1940513407444,1317.7606297548816,5055957
2024-04-30,1309.0982666015625,1323.8429581264434,1306.3336369406475,1322.1380131744238,6936588
2024-05-02,1303.476806640625,1312.2775896866656,1301.08081668616,1302.1406139236367,10076354
2024-05-03,1305.1817626953125,1313.0148803966708,1293.109456008172,1310.5266461015717,8842345
2024-05-06,1314.0284423828125,1332.2749298443393,1305.9188174045357,1308.5913151241766,6445422
2024-05-07,1327.897705078125,1330.1094313833817,1304.536606119083,1313.1530130338447,6080661
2024-05-08,1315.3187255859375,1326.7918940500197,1313.7520345652563,1322.6449494254493,6234983
2024-05-09,1326.607421875,1336.1913801730982,1313.060670734901,1315.5489046143746,6088406
2024-05-10,1313.10693359375,1323.289918499904,1302.1405469699123,1322.460619610937,8777481
2024-05-13,1311.7706298828125,1313.1990668474873,1300.481725623948,1313.1990668474873,3735954
2024-05-14,1312.922607421875,1321.2626187308836,1306.7944348778417,1314.489298423798,3463230
2024-05-15,1308.545166015625,1319.4655424641765,1307.255095585117,1314.120547134986,4327544
2024-05-16,1339.32470703125,1341.5364330774394,1315.0420676637514,1321.4467475230538,9249145
2024-05-17,1330.9849853515625,1342.6885398437046,1326.33114685659,1342.6885398437046,7542860
2024-05-21,1321.631103515625,1331.3533160495845,1316.3322305136044,1317.8066770242508,6752663
2024-05-22,1340.6611328125,1345.406990441256,1315.963729310014,1316.6548867308702,7173285
2024-05-23,1356.8802490234375,1362.17912249703,1336.2376585581328,1340.5688666610595,8641428
2024-05-24,1350.1529541015625,1359.737026123514,1345.4531061608475,1353.0558377538796,5277938
2024-05-27,1355.9124755859375,1363.5152064855856,1345.6833692377497,1356.3732471556132,5821844
2024-05-28,1351.9500732421875,1360.1978403527887,1345.7296562893546,1359.7370687266528,6186922
2024-05-29,1337.1131591796875,1350.521658721026,1336.237738072663,1350.4295268928772,7401634
2024-05-30,1315.4566650390625,1336.09925316506,1310.0196506941504,1329.6024417469166,9663150
2024-05-31,1322.4598388671875,1350.5182603744363,1315.9739443356261,1325.1858078435043,37113815
2024-06-03,1321.519775390625,1353.5731158092904,1319.7337879140582,1353.5731158092904,10589244
2024-06-04,1310.005126953125,1330.0737072910483,1276.823736979712,1324.4338187795668,13736134
2024-06-05,1344.2672119140625,1351.6930870098186,1316.1148183429186,1316.1148183429186,9233424
2024-06-06,1383.8875732421875,1385.8145809499692,1351.2232206049546,1358.2260359203012,12660930
2024-06-07,1441.5552978515625,1447.2891608293014,1388.5873745776473,1392.1123044504961,24075302
2024-06-10,1409.7369384765625,1437.9834221145236,1407.434030215548,1433.753506313127,6810606
2024-06-11,1405.9771728515625,1416.0349278896924,1404.2851604414927,1410.0191387512723,4853054
2024-06-12,1396.060302734375,1418.1969101793593,1393.7573942458623,1416.5519427607585,9564320
2024-06-13,1404.28515625,1414.6719965407349,1399.961264790733,1405.2721826102318,7307565
2024-06-14,1399.5382080078125,1413.4498626747718,1396.8592841989566,1413.4498626747718,4237727
2024-06-18,1408.280029296875,1416.5519111720494,1405.6481503320965,1407.152097561087,5420939
2024-06-19,1420.640869140625,1424.682835067257,1406.8701186508476,1414.6720101859473,5493456
2024-06-20,1424.44775390625,1426.4216917830183,1409.1260120772156,1425.2937600659554,7927010
2024-06-21,1440.709228515625,1464.2558049305671,1432.2493971920012,1452.2710438887668,17301941
2024-06-24,1435.4925537109375,1437.325471461373,1424.4477727552649,1433.0486251290843,5564989
2024-06-25,1449.4041748046875,1451.237207255743,1429.1006009006553,1434.4115183965616,4551525
2024-06-26,1448.2291259765625,1455.889996430208,1442.8712785271127,1448.5111662607692,4851004
2024-06-27,1478.9195556640625,1483.6665071274144,1440.0983968135813,1446.1141853395814,14757754
2024-06-28,1472.7156982421875,1493.1602914681441,1470.3657449978248,1478.1676356666337,8197544
2024-07-01,1495.3223876953125,1503.8761950899986,1465.900925341744,1465.900925341744,6801771
2024-07-02,1523.7567138671875,1535.7414752975033,1491.2803144467298,1500.3980870491325,10493173
2024-07-03,1529.7255859375,1537.809402144264,1509.609963229638,1527.4696078755678,7269965
2024-07-04,1551.5802001953125,1560.3690026530594,1530.2896001922775,1530.4775505601317,8008311
2024-07-05,1548.5721435546875,1565.8678223873435,1535.3184302011182,1552.3320687468383,7065022
2024-07-08,1561.9200439453125,1566.008939897241,1541.5694246287367,1544.483343885064,5880533
2024-07-09,1557.6900634765625,1566.7138611771477,1551.9091554243114,1560.2750121000736,5191182
2024-07-10,1549.32421875,1573.5287378659184,1539.2664644712022,1557.5490553427878,9852770
2024-07-11,1553.507080078125,1565.0688961998292,1543.4963708254108,1556.6090643284788,8857679
2024-07-12,1609.012939453125,1616.532789615605,1566.6198071109059,1579.1685341207829,17078316
2024-07-15,1604.59521484375,1624.2877782953476,1600.4592739409936,1622.5957659620963,6942230
2024-07-16,1622.454833984375,1633.593589888385,1597.9682742375035,1615.4519041715741,6886281
2024-07-18,1652.5343017578125,1659.4431419133819,1615.827983176718,1615.827983176718,11248896
2024-07-19,1685.3394775390625,1733.3255702708213,1679.2295989019908,1733.3255702708213,29819116
2024-07-22,1702.1651611328125,1713.5859571917674,1685.3394724496927,1692.1074068427617,8462126
2024-07-23,1726.6517333984375,1729.5186076175692,1676.2217119382558,1701.3662125939957,7113056
2024-07-24,1723.8787841796875,1731.7746506207213,1710.3900744958235,1727.2157639340674,6002845
2024-07-25,1715.324951171875,1721.0118842620095,1703.246213719811,1710.7660645530111,5815599
2024-07-26,1766.1309814453125,1769.9848820315087,1715.7949342558115,1715.7949342558115,11369047
2024-07-29,1758.7991943359375,1788.784624281326,1752.12534926978,1779.9487760733678,4635931
2024-07-30,1764.4859619140625,1767.1178407699306,1748.365259289592,1758.7990290172347,2721265
2024-07-31,1756.1199951171875,1772.0057014153294,1753.1121009722237,1764.344831170861,5004209
2024-08-01,1741.409423828125,1755.7911843622094,1734.3595637121655,1744.699358548906,7475014
2024-08-02,1711.8939208984375,1747.895251074617,1707.147084115294,1732.3855594141,7400938
2024-08-05,1646.7532958984375,1689.6164211011132,1615.4049418548652,1677.8196096487513,10736703
2024-08-06,1646.0013427734375,1689.0994653436978,1640.126459251215,1654.5551502330297,7690163
2024-08-07,1684.11767578125,1689.9925594528395,1656.341179884447,1688.2065718679119,5094329
2024-08-08,1638.5284423828125,1673.1196857214622,1623.4416964698462,1673.1196857214622,6227910
2024-08-09,1664.471923828125,1673.8717370362467,1650.6071993461458,1664.9419144885312,4258524
2024-08-12,1689.5225830078125,1695.2564465708763,1661.9810822256,1666.634058979033,4315329
2024-08-13,1689.5693359375,1701.366147109179,1681.673584839887,1701.366147109179,4176918
2024-08-14,1713.821044921875,1715.4660123309595,1689.5694795075585,1693.8464406687062,7450718
2024-08-16,1747.378173828125,1750.1041425189478,1719.6957707243737,1738.9653871768742,7335657
2024-08-19,1752.877197265625,1755.4621458747317,1738.2133969970967,1748.3652410685681,2585989
2024-08-20,1759.8330078125,1772.5227558229078,1756.0730824760828,1767.1649081160394,3870333
2024-08-21,1760.3028564453125,1766.2247842698705,1755.0389843478197,1762.5588344138969,1966902
2024-08-22,1767.39990234375,1779.9956751616294,1757.4830533776285,1770.9248323444356,4300287
2024-08-23,1750.339111328125,1769.6087274887373,1745.5452297686368,1765.4727869250148,5015935
2024-08-26,1763.546142578125,1775.3898853769442,1752.1253455156184,1757.7652339668489,3728589
2024-08-27,1786.05859375,1788.5495673509674,1761.431127538951,1763.5460856398784,3830679
2024-08-28,1822.7177734375,1833.903574209478,1783.5205978872887,1792.450420519267,6514531
2024-08-29,1817.3128662109375,1833.4335688344042,1805.610144647818,1816.9838956969513,7228284
2024-08-30,1827.041748046875,1832.9636765918535,1812.284086394407,1821.6839001205192,13466759
2024-09-02,1846.59326171875,1857.1680513315453,1826.1957134298164,1826.7126342979332,5573739
2024-09-03,1824.73876953125,1848.9432889467964,1820.2268132183985,1848.9432889467964,4694322
2024-09-04,1807.0670166015625,1811.5319278069883,1786.0115271331308,1805.7980647866775,4778310
2024-09-05,1817.1248779296875,1823.5637269032381,1794.9882723576418,1810.638983993486,4081810
2024-09-06,1787.7034912109375,1820.2738676395406,1783.00358450389,1806.6441381891027,5848106
2024-09-09,1780.9356689453125,1805.5631341580754,1775.6247514250556,1776.564732765143,4772612
2024-09-10,1797.5262451171875,1818.8637742456988,1782.204504377181,1790.5703607061942,6909600
2024-09-11,1795.50537109375,1810.4040523138208,1790.6644442667855,1799.7822173243185,5312946
2024-09-12,1833.3865966796875,1838.9795546148218,1796.1164275717779,1809.464116978717,8555092
2024-09-13,1827.417724609375,1841.0474542218399,1819.4749280775688,1833.3865832495185,3843127
2024-09-16,1833.1986083984375,1834.8435757434945,1817.0309752474043,1828.9686923682912,1570181
2024-09-17,1835.360595703125,1840.9063937669002,1825.584766901514,1830.8486394119768,2793127
2024-09-18,1778.5855712890625,1822.388675234394,1768.386797525358,1822.388675234394,6385468
2024-09-19,1780.5125732421875,1809.370068657787,1766.036952686509,1795.9282898631557,7976570
2024-09-20,1791.3695068359375,1800.0643345616268,1755.3212440246816,1790.664520804125,15242974
2024-09-23,1782.62744140625,1803.7300898565159,1765.7077784721005,1794.424252293972,3636672
2024-09-24,1784.6484375,1796.2102531560402,1759.0809925494216,1774.6846588682515,7277616
2024-09-25,1781.5467529296875,1787.4685667691454,1764.1570974239128,1773.1338507441149,4268341
2024-09-26,1786.199462890625,1802.8370859804254,1779.3845984749128,1783.896554606288,8952803
2024-09-27,1792.309326171875,1856.0870338017216,1789.0664366162493,1816.1378289440818,14908931
2024-09-30,1763.0289306640625,1787.1394743316184,1758.2350489085036,1767.1648713969455,6986955
2024-10-01,1790.0533447265625,1794.3772357071236,1762.464916843665,1762.464916843665,4029072
2024-10-03,1779.7607421875,1797.1033525009973,1768.104950294741,1776.0947919095763,7503887
2024-10-04,1803.025146484375,1836.8174281895435,1772.8047248589348,1776.141704358394,10001483
2024-10-07,1818.2059326171875,1825.4437429610623,1801.0512733437376,1807.772048058558,6112575
2024-10-08,1831.6005859375,1840.4363182559603,1791.933306709296,1821.5897622643915,5637391
2024-10-09,1835.5484619140625,1858.3430081700687,1828.3575821051584,1835.3605115538048,4857163
2024-10-10,1803.82421875,1846.1233796899428,1799.2182871655539,1840.3895163779584,4782119
2024-10-11,1818.9578857421875,1830.1436867455332,1795.4583520140732,1802.8842276209207,4709431
2024-10-14,1841.3294677734375,1851.2932470173037,1815.1979406537325,1816.1849669571325,3751378
2024-10-15,1841.70556640625,1871.9258760220825,1834.6086610794148,1842.3635074756771,5353705
2024-10-16,1804.858154296875,1841.9404871358424,1801.3332242595482,1837.6635261263593,3111512
2024-10-17,1849.9771728515625,1859.2830106666543,1814.304928428157,1819.0517651449982,8162822
2024-10-18,1766.788818359375,1820.6027474745542,1757.0600349091483,1780.1366215888147,10526196
2024-10-21,1741.5504150390625,1784.8366013292746,1727.6856903747387,1777.5986762175419,4654601
2024-10-22,1740.4693603515625,1765.0969393741664,1736.098424337156,1746.6732140121014,4125240
2024-10-23,1760.961181640625,1772.804924358305,1733.325705470156,1734.5006822227795,4311910
2024-10-24,1751.51416015625,1770.9247972575436,1748.3652457001226,1749.6812424897346,2906475
2024-10-25,1750.292236328125,1763.7339001545147,1735.581505943881,1751.60811836117,4689120
2024-10-28,1753.394287109375,1768.951025226307,1745.5454653432146,1748.0833692337449,7018940
2024-10-29,1748.5933837890625,1760.2867290719619,1738.8012907344037,1754.9629211020826,4621252
2024-10-30,1713.2276611328125,1748.3079249245552,1707.76122797984,1741.653136738328,5919715
2024-10-31,1670.5897216796875,1699.7282140714156,1660.369867072741,1699.7282140714156,7395236
2024-11-01,1674.011962890625,1678.9080088899161,1665.6460129974564,1677.4819828348002,371966
2024-11-04,1676.674072265625,1679.8588408591163,1633.2753189564019,1639.454765739415,7336722
2024-11-05,1667.68994140625,1681.2371893406507,1658.9436944231081,1673.2039554066878,3160880
2024-11-06,1733.762451171875,1737.0898453384439,1675.723259696614,1677.0066599508023,10421494
2024-11-07,1714.1309814453125,1735.6638830746192,1698.8724555004114,1723.5426610222241,4550965
2024-11-08,1739.704345703125,1749.829154713953,1723.7329222391422,1728.3437169759088,4210960
2024-11-11,1768.367431640625,1775.8778590726738,1732.669314114394,1738.8011800020988,3804234
2024-11-12,1776.638427734375,1788.2367269114475,1769.223045604574,1778.8249314544848,5012450
2024-11-13,1776.258056640625,1780.821270333326,1764.7548031409274,1769.3180168336285,4257495
2024-11-14,1772.5980224609375,1783.4833086013102,1764.469627272938,1773.5961711004963,4311431
2024-11-18,1722.11669921875,1758.005024675079,1706.477991896976,1758.005024675079,4839244
2024-11-19,1734.7607421875,1767.987103735295,1730.7679155470983,1735.4737552340218,4669769
2024-11-21,1743.6021728515625,1774.9271666789355,1730.8154024223286,1751.16006482196,5436504
2024-11-22,1808.4388427734375,1819.6569616576032,1743.554652462339,1762.6633798054363,6301486
2024-11-25,1796.507568359375,1824.647908539123,1789.187347735094,1821.5106048142616,12764638
2024-11-26,1829.2587890625,1842.9961275482167,1803.7329448177684,1811.00558516297,6850495
2024-11-27,1829.591552734375,1845.6581372544963,1817.4703304442407,1834.9153604909611,4447143
2024-11-28,1765.087646484375,1820.4649949645564,1760.3342260139732,1820.4649949645564,8468790
2024-11-29,1766.2283935546875,1784.4340168837268,1754.0121263454853,1759.811276019277,5244346
2024-12-02,1787.095947265625,1789.9479994533772,1744.6953452341356,1767.3216723437565,2868263
2024-12-03,1798.789306640625,1806.0620629902432,1778.8725217831325,1793.9408410909798,4715792
2024-12-04,1796.0799560546875,1819.56180716774,1782.5327074778559,1791.0888644737497,4705573
2024-12-05,1839.4310302734375,1853.7388717964993,1795.7946087095554,1806.2997139926326,9050038
2024-12-06,1827.594970703125,1842.3780374823932,1818.0881305684336,1837.4821076532628,3573331
2024-12-09,1828.783447265625,1835.0103583375276,1803.6377838079438,1829.3062538776032,4274645
2024-12-10,1852.45556640625,1868.664660829215,1836.721697987323,1843.3764867481466,6174921
2024-12-11,1876.79296875,1880.4530791874988,1855.7352935156714,1858.5873457085745,5025612
2024-12-12,1889.0091552734375,1900.227273174294,1873.370449502188,1877.791037372581,6462130
2024-12-13,1901.0830078125,1907.5001256882165,1857.4466990978751,1872.6100645470372,5362693
2024-12-16,1882.4019775390625,1900.9877808683423,1880.072732013709,1897.0424188970678,3119221
2024-12-17,1879.1221923828125,1884.2559097971648,1861.439491111427,1870.9463322304846,5811050
2024-12-18,1881.5465087890625,1887.060407082662,1864.861955978867,1869.8055830579622,3064095
2024-12-19,1850.2213134765625,1863.1031292043601,1825.3134369549032,1838.623014099366,5323592
2024-12-20,1827.3575439453125,1882.3070176382269,1816.9950636033855,1877.7438033938301,11056720
2024-12-23,1829.4014892578125,1844.3271834459897,1814.855975875461,1834.867922920088,2781793
2024-12-24,1814.903564453125,1846.2285597653754,1749.2587795923225,1832.0158786013108,2360544
2024-12-26,1813.3348388671875,1825.0757640546135,1808.4863732653307,1814.9034908105154,3623321
2024-12-27,1822.2237548828125,1829.25884045684,1810.007487366256,1815.236249934069,3937500
2024-12-30,1812.0037841796875,1821.5106246003575,1793.4654453593812,1821.2253729676181,7789055
2024-12-31,1787.2861328125,1803.4477627368683,1754.0597694763478,1798.9795938249597,3613063
2025-01-01,1789.662841796875,1799.597444352464,1781.5820268405544,1781.5820268405544,1838368
2025-01-02,1861.296875,1865.8602051810894,1792.3248119514092,1793.9409285299619,7083645
2025-01-03,1843.138916015625,1856.638584673474,1827.2149563285784,1856.638584673474,6218003
2025-01-06,1842.283203125,1875.6997732327457,1832.9189877307317,1855.7354066651392,7164403
2025-01-07,1835.6282958984375,1861.9623140172655,1828.7834170796311,1849.08049857111,4294832
2025-01-08,1837.81494140625,1842.9961231909604,1795.6045452981161,1834.8202633622047,5482050
2025-01-09,1822.74658203125,1855.5926464465324,1816.3294646707038,1838.6705399259386,6833503
2025-01-10,1869.9478759765625,1880.262890374542,1836.9591870921913,1841.4749361612496,8036913
2025-01-13,1865.432373046875,1885.0165591706927,1852.8833888192748,1859.5381777991286,5804152
2025-01-14,1844.374755859375,1874.5589763818855,1835.8660634362316,1871.7543886244132,5792162
2025-01-15,1853.501220703125,1861.4869901029845,1841.5700892018165,1850.981884706997,2985439
2025-01-16,1833.3466796875,1869.948017007702,1822.3187674971882,1868.9973329214629,7533579
2025-01-17,1725.9193115234375,1766.3709642563163,1722.6394979722525,1759.7161759087412,16409953
2025-01-20,1723.87548828125,1737.8029172097529,1704.7191808636662,1733.0494968108637,4333011
2025-01-21,1711.896728515625,1741.3204695981628,1704.6240883474466,1729.3418737355341,7169109
2025-01-22,1764.8974609375,1773.7864501626696,1716.1274359637641,1718.2664752007781,8373913
2025-01-23,1773.45361328125,1786.8583519719805,1761.3323909696403,1766.3710631349807,5907471
2025-01-24,1782.96044921875,1801.4513245969808,1772.312833717117,1773.501188842313,4887027
2025-01-27,1732.1463623046875,1771.1244088768565,1722.6395216773292,1757.577160982871,7652371
2025-01-28,1739.5142822265625,1771.5998715284597,1734.9034874184256,1739.7519532584283,6999495
2025-01-29,1788.4744873046875,1795.509572949861,1749.7341097059282,1754.0121882137666,5145155
2025-01-30,1768.224853515625,1794.1309953598945,1753.0614884709362,1780.7739533235829,7336056
2025-01-31,1787.095947265625,1803.875428129993,1778.729881094765,1778.729881094765,5820470
2025-02-01,1760.049072265625,1797.3634250338325,1754.9629352894476,1787.5714479503238,1701402
2025-02-03,1771.40966796875,1784.0062318529979,1742.0335070965566,1745.4559465267448,4823228
2025-02-04,1805.158935546875,1816.947325024505,1782.5326085489075,1795.8421853594061,7334787
2025-02-05,1803.4952392578125,1825.0281403385413,1800.88085809743,1812.0038151596648,4996744
2025-02-06,1821.1781005859375,1829.1162899648602,1806.2998705474192,1822.4615009681065,4765255
2025-02-07,1809.769775390625,1828.8309215990796,1796.2699917999128,1824.648004479721,4126260
2025-02-10,1787.5712890625,1811.0531389851265,1785.9550565261386,1811.0531389851265,3828734
2025-02-11,1783.150634765625,1809.1518213900456,1777.7792464526458,1790.2331848086437,4411601
2025-02-12,1771.26708984375,1801.1660581275596,1755.9135185424811,1792.0395140512057,5633947
2025-02-13,1752.348388671875,1781.1065814060805,1745.1232130462338,1776.353161119435,5237744
2025-02-14,1764.849853515625,1767.606860408019,1738.1831200991312,1762.5681886374266,5292961
2025-02-17,1751.4453125,1761.3799146336082,1732.2890052365772,1747.880247229523,4428956
2025-02-18,1760.619384765625,1769.8410902296603,1746.977091046225,1751.445375977347,4365260
2025-02-19,1721.498779296875,1758.004955145868,1716.840404092615,1756.2937934312417,4611411
2025-02-20,1735.14111328125,1740.7025920720746,1716.5077280780874,1716.5077280780874,2218020
2025-02-21,1725.4915771484375,1739.6092122968646,1717.1255109603246,1731.956275207461,3379879
2025-02-24,1677.1016845703125,1718.8367369576058,1663.9347338827708,1711.2788452920981,7594720
2025-02-25,1680.524169921875,1690.744023588038,1659.0863139546623,1659.0863139546623,5092963
2025-02-27,1677.2918701171875,1688.2722009652173,1664.7427713690586,1668.640552657757,5757079
2025-02-28,1604.469482421875,1668.5456129045258,1599.478390980019,1668.4981483304996,12182167
2025-03-03,1624.3388671875,1643.3525496222132,1608.8427856333933,1608.8427856333933,7504969
2025-03-04,1605.0399169921875,1615.212189837081,1587.642352576766,1611.4094536632444,6759673
2025-03-05,1627.0958251953125,1647.4879525703643,1608.9852468032536,1608.9852468032536,8180782
2025-03-06,1631.231201171875,1637.3631829139892,1607.7017709749155,1630.4231429408271,10610547
2025-03-07,1602.853271484375,1620.9162680194895,1592.8710891886537,1619.109945155919,8019331
2025-03-10,1617.5413818359375,1634.225933863566,1593.5366088108908,1602.8533592169706,7558981
2025-03-11,1579.6566162109375,1597.1492261839649,1556.3173920894415,1597.1492261839649,12671234
2025-03-12,1512.395751953125,1556.174800445261,1486.6798171088662,1556.174800445261,14870008
2025-03-13,1501.938232421875,1526.8462251444753,1492.8592690164621,1520.381526929375,7822888
2025-03-17,1511.63525390625,1515.3904095675546,1468.949515897204,1468.949515897204,7526032
2025-03-18,1511.63525390625,1511.63525390625,1511.63525390625,1511.63525390625,0
2025-03-19,1508.3079833984375,1523.9466912333276,1495.2360763463737,1523.9466912333276,7387068
2025-03-20,1535.8778076171875,1551.4214700841842,1513.4891497172634,1513.4891497172634,7186750
2025-03-21,1514.0118408203125,1524.8020809404113,1486.537050188091,1500.1317616699203,10074677
2025-03-24,1514.2021484375,1527.844442496362,1495.140885206093,1519.1456594946171,8857726
2025-03-25,1548.1414794921875,1555.46181670782,1525.84798372026,1525.84798372026,9890140
2025-03-26,1520.571533203125,1556.9827781599724,1516.3410356679321,1545.8122407498795,6651302
2025-03-27,1524.469482421875,1540.0606082841557,1507.7849306219216,1516.8640098840594,9426573
2025-03-28,1493.19189453125,1519.620840928022,1483.0670864043914,1511.5876072967835,6799047
2025-04-01,1451.21923828125,1471.0885586286036,1442.9957978349414,1463.3404602190724,12680733
2025-04-02,1473.703125,1478.931888061539,1459.4903266843542,1459.4903266843542,6193478
2025-04-03,1422.69873046875,1458.9673514518697,1411.8134441365378,1458.9673514518697,10459504
2025-04-04,1380.060546875,1399.4069443976105,1376.5905268259103,1388.4740776445042,9590254
2025-04-07,1327.8680419921875,1336.5668248830998,1242.5441423903983,1285.3249277060586,21715252
2025-04-08,1358.3375244140625,1384.671428260199,1345.218037067066,1360.4289830692378,12805001
2025-04-09,1334.4752197265625,1339.9416532809853,1313.7503760547593,1335.758736096975,8546854
2025-04-11,1339.941650390625,1367.844321400648,1328.1532604606723,1341.652928180614,12567440
2025-04-15,1355.675537109375,1376.3053358191778,1339.513907284088,1374.3089224037624,10178530
2025-04-16,1343.41162109375,1357.10149475882,1327.915540556106,1354.724784610381,12022740
2025-04-17,1349.49609375,1359.2881865002564,1310.327954849587,1329.0563853909828,14264227
2025-04-21,1379.442626953125,1399.2169026224717,1340.4645789137878,1340.4645789137878,15648970
2025-04-22,1352.6334228515625,1368.985143422317,1349.3060284057444,1368.985143422317,9399738
2025-04-23,1402.1639404296875,1414.4277879886072,1368.6047467603623,1374.6891479419496,11136642
2025-04-24,1398.836669921875,1409.7695375562273,1389.4248737048488,1397.4106437086987,7114292
2025-04-25,1407.20263671875,1427.6423460063365,1391.3262577852609,1402.7344676201928,8329979
2025-04-28,1409.0087890625,1416.1389193452367,1393.0373668593481,1407.2024661808139,5886253
2025-04-29,1423.6494140625,1435.3428747016321,1401.4033833138335,1408.9138107783806,8056743
2025-04-30,1426.1212158203125,1434.3922372400868,1409.4842438297574,1422.9840278751349,7704183
2025-05-02,1432.5859375,1448.082019175758,1422.4135476873855,1425.740942139582,7402310
2025-05-05,1434.2020263671875,1447.8919007730015,1428.6881281546378,1440.2864278864722,4282493
2025-05-06,1436.958984375,1440.856765886036,1425.170478593818,1431.7302219442606,4270530
2025-05-07,1433.916748046875,1443.8989302169214,1422.7936754272177,1426.0260242923393,5691799
2025-05-08,1436.864013671875,1441.7124795125974,1427.1669659401214,1433.631664427957,8424409
2025-05-09,1433.2513427734375,1436.8639888159648,1420.4171072727893,1426.6915991963783,4478653
2025-05-12,1546.6678466796875,1551.5163119444549,1456.4479104772702,1461.2013305506293,11372857
2025-05-13,1491.2430419921875,1532.6928451513845,1487.4403056280353,1529.6507024801845,12846210
2025-05-14,1513.8692626953125,1516.3410179471107,1492.0985753404327,1496.3766534474935,4870057
2025-05-15,1533.4534912109375,1538.7772990924948,1493.524758023796,1511.3976659657826,11151167
2025-05-16,1511.49267578125,1533.0731584594146,1503.5069061207216,1533.0731584594146,4576751
2025-05-19,1482.8770751953125,1506.8342676039738,1478.9791776249906,1498.7534529196623,8855798
2025-05-20,1483.637451171875,1505.4081383338412,1481.1656959419795,1492.573904126385,7143998
2025-05-21,1491.1480712890625,1493.5247816353951,1475.5568282070587,1490.5776840160047,4157309
2025-05-22,1471.18359375,1483.8277382618005,1464.0534632471729,1478.789066286349,6158990
2025-05-23,1487.6304931640625,1508.9257236923431,1473.5603223754533,1473.5603223754533,5038421
2025-05-26,1502.55615234375,1505.693456152503,1485.6339297061554,1489.3416207391451,3170102
2025-05-27,1492.6690673828125,1504.8378701621398,1479.6447417622219,1501.985817890451,7775714
2025-05-28,1494.2852783203125,1509.4010623010483,1492.5740005619675,1503.0315254066693,3623370
2025-05-29,1507.4046630859375,1529.555648703017,1498.8485063145804,1510.6370121874,8609500
2025-05-30,1506.5369873046875,1515.5027951891782,1499.2101525439637,1514.5387348868949,13148092
2025-06-02,1497.9569091796875,1503.9340358386107,1483.6887699715526,1503.9340358386107,4374509
2025-06-03,1487.5450439453125,1510.9717563250315,1480.410974183671,1502.9700087561519,6853403
2025-06-04,1495.4503173828125,1501.3311794658816,1486.0025968815146,1487.545069852834,4548307
2025-06-05,1498.43896484375,1511.3572786610305,1486.195328477135,1492.2689554139665,6948539
2025-06-06,1507.5975341796875,1512.5142181403369,1487.641415492617,1498.8244913615613,3960020
2025-06-09,1516.3704833984375,1530.9277705261318,1514.5387452749073,1521.2871674371763,2903202
2025-06-10,1538.6402587890625,1549.726952383094,1520.8051430073597,1527.0715350387688,8591925
2025-06-11,1572.4786376953125,1575.8528485433976,1532.9521677606,1532.9521677606,10597410
2025-06-12,1550.7874755859375,1569.4902701551284,1540.6648417796544,1558.8856061675938,10483574
2025-06-13,1544.4246826171875,1551.1731050755648,1513.7675163758718,1519.3591134860721,6968315
2025-06-16,1565.441162109375,1576.0458254086714,1539.7006814911979,1542.4964798976407,5591842
2025-06-17,1580.962646484375,1588.193099360836,1557.535932091381,1562.452616510744,7622083
2025-06-18,1574.214111328125,1585.589952431105,1562.7417700471647,1562.7417700471647,5629707
2025-06-19,1560.2352294921875,1571.4183055533617,1553.5831898154863,1565.5375611980423,5147760
2025-06-20,1564.573486328125,1572.0930860674746,1551.076642111549,1560.8136276168789,9202821
2025-06-23,1527.071533203125,1543.4605584963404,1518.7806380620095,1543.4605584963404,7943676
2025-06-24,1524.7576904296875,1551.172965207259,1519.9373891083474,1543.4604830931148,8083992
2025-06-25,1556.8609619140625,1561.6812632899293,1528.1319186406413,1532.8558375256184,7813533
2025-06-26,1557.9215087890625,1565.6339915058402,1548.8593180602195,1550.9803214172216,6519233
2025-06-27,1550.208984375,1571.0326636135578,1544.8102701550988,1560.8136478253264,8912268
2025-06-30,1544.2318115234375,1556.9573602116636,1536.8084767193552,1556.9573602116636,6294505
2025-07-01,1549.0521240234375,1559.5602870581276,1542.978497111504,1551.1730095922587,4178937
2025-07-02,1552.619140625,1589.735462831807,1545.7743359105034,1559.8495930029494,8653641
2025-07-03,1560.5244140625,1573.7321112354073,1556.9574379034102,1560.331649069145,5259695
2025-07-04,1581.7337646484375,1584.3367981958825,1554.3545449332526,1566.5980642699803,4411273
2025-07-07,1568.526123046875,1584.91514830305,1564.669881810128,1581.058907066303,3294523
2025-07-08,1579.8056640625,1587.0361167588558,1563.2238729521173,1569.4902652889589,4590681
2025-07-09,1574.9852294921875,1579.1307357618878,1565.248244218562,1578.937970779495,4580828
2025-07-10,1557.7286376953125,1579.998406486553,1549.341242702206,1579.998406486553,5330179
2025-07-11,1537.579833984375,1549.3413228616234,1506.8262861181436,1522.3476337948875,11391755
2025-07-14,1513.8638916015625,1534.5911874414394,1503.7412587495296,1534.5911874414394,9173426
2025-07-15,1528.614013671875,1545.967099361679,1507.790334380739,1508.8507771918205,7614807
2025-07-16,1550.112548828125,1554.0651724422496,1521.7691530397587,1522.2511831800944,6223491
2025-07-17,1526.5894775390625,1552.1370753633664,1523.3116489985612,1540.5683518202854,7374814
2025-07-18,1529.0960693359375,1541.8217363306167,1523.2153248462614,1534.8804313290245,5161833
2025-07-21,1527.36083984375,1531.8918763569468,1510.4897839367352,1523.2153333190533,3682661
2025-07-22,1514.4423828125,1528.806905141675,1508.7544033781517,1508.7544033781517,8473741
2025-07-23,1517.9129638671875,1534.6876368616054,1494.2934861823694,1519.648319505044,8035026
2025-07-24,1496.70361328125,1525.14339208434,1492.558106924831,1523.21527148752,14169664
2025-07-25,1461.2261962890625,1493.8114825426642,1456.9844249801497,1487.930738061539,10851259
2025-07-28,1461.515380859375,1464.6968268487494,1429.2193615593824,1459.4908778130184,6439855
2025-07-29,1459.2979736328125,1462.6721845547067,1442.3305365336291,1458.5267960319763,7070448
2025-07-30,1464.40771484375,1467.0106307922656,1451.8749299240865,1465.2753927209724,5719051
2025-07-31,1454.76708984375,1472.21655890233,1443.198365471235,1455.4418850255533,6851407
2025-08-01,1416.782958984375,1444.8370894973941,1412.83033538686,1440.2096707795008,8702978
2025-08-04,1427.291259765625,1429.5086455065348,1398.8514812022438,1408.9741142502269,8610216
2025-08-05,1407.8173828125,1425.5559991895734,1402.7078158601623,1425.5559991895734,10213323
2025-08-06,1385.0654296875,1403.768223634903,1378.895537719122,1399.8155998166778,10566934
2025-08-07,1385.25830078125,1390.1749848888187,1363.3740608530718,1378.6062610201184,9892020
2025-08-08,1371.9542236328125,1381.6912093691872,1366.169861688454,1373.785961785155,10048009
2025-08-11,1376.8709716796875,1381.8841562074572,1363.1813615156616,1368.8693412283471,6625368
2025-08-12,1372.918212890625,1389.2108550605094,1369.9296495773656,1376.8708364780418,9899184
2025-08-13,1375.328369140625,1382.4624387348806,1371.279363046038,1373.7858962323605,10318063
2025-08-14,1395.6700439453125,1417.1686356270611,1374.9427475738962,1374.9427475738962,12902347
2025-08-18,1384.1978759765625,1412.05912550974,1378.2206312900619,1412.05912550974,7254561
2025-08-19,1388.246826171875,1397.3090164904586,1381.2091389381637,1381.2091389381637,3986094
2025-08-20,1442.427001953125,1445.1264179190935,1388.921654258322,1388.921654258322,10413061
2025-08-21,1442.619873046875,1453.802949118853,1430.9547668193538,1453.802949118853,6565539
2025-08-22,1434.0396728515625,1450.2359327005538,1432.6899649169563,1444.258688328196,5543397
2025-08-25,1477.0367431640625,1483.6887826854402,1452.549588321255,1452.549588321255,10694531
2025-08-26,1474.6265869140625,1483.1103644867733,1464.021923789744,1468.2638125760993,15994798
2025-08-28,1446.1868896484375,1474.6266696224122,1444.162386475055,1474.6266696224122,5443364
2025-08-29,1416.782958984375,1447.922152992462,1414.951220922169,1447.922152992462,8169075
2025-09-01,1445.511962890625,1449.3682038919694,1423.145694472945,1423.6277245981132,4546057
2025-09-02,1444.837158203125,1458.4305028963795,1432.8829043510907,1445.5120710387366,5218763
2025-09-03,1425.941650390625,1447.9222736017668,1420.0609057500144,1446.09053538698,4623483
2025-09-04,1410.420166015625,1430.6654315565193,1407.6243677138264,1430.6654315565193,5787724
2025-09-05,1392.6815185546875,1419.771590084351,1381.4984423486478,1417.1686742864704,5466487
2025-09-08,1381.4019775390625,1405.5998666589085,1376.9673238557784,1398.8514448025214,3811567
2025-09-09,1450.2359619140625,1453.0316426482493,1419.5787971834648,1427.7733097648295,13072640
2025-09-10,1477.518798828125,1479.7361846012639,1455.056264347903,1455.8274419814547,7281071
2025-09-11,1455.4417724609375,1472.6020926929066,1452.3568266067848,1469.1314991861996,8003662
2025-09-12,1470.7703857421875,1487.4486761823323,1466.4321143461764,1481.7606968153777,12856963
2025-09-15,1454.1885986328125,1472.6021270614033,1447.2472937742573,1470.7703889313757,6167414
2025-09-16,1456.9844970703125,1459.5874130189484,1449.4647790449067,1454.18869843609,8923112
2025-09-17,1467.685546875,1471.830935901443,1459.58741614181,1462.3832147820146,4795698
2025-09-18,1485.2313232421875,1499.1138155530703,1483.2068200825713,1494.2935138953433,9331945
2025-09-19,1484.845703125,1495.546867150236,1465.4681136380061,1489.0875921991392,12988129
2025-09-22,1445.6083984375,1460.2620677071914,1428.7373434373958,1429.4121385641438,15655204
2025-09-23,1443.6802978515625,1458.6232324870878,1439.3420265057648,1439.3420265057648,9832164
2025-09-24,1440.884521484375,1442.909024606748,1429.4121802134027,1433.7504516255494,4937004
2025-09-25,1431.4368896484375,1448.6934761875953,1423.4351414751138,1435.4858961438838,9491867
2025-09-26,1396.8270263671875,1425.555953399892,1389.4036912657584,1421.9889772759154,8597058
2025-09-29,1389.982177734375,1412.3483294621576,1384.872611107433,1407.5280279964163,10513117
2025-09-30,1389.982177734375,1400.0083106366037,1386.4150840398418,1391.1390030128964,7556305
2025-10-01,1393.8385009765625,1397.405477197979,1376.0997670015454,1394.0312659732858,6250692
2025-10-03,1394.609619140625,1396.2485922754322,1381.6911874663804,1387.282784330546,6877533
2025-10-06,1422.9530029296875,1425.6524188431904,1390.4642178899833,1394.6096065704758,4630590
2025-10-07,1406.0819091796875,1429.6050033943986,1401.743637948074,1424.5918193613172,5570320
2025-10-08,1441.2701416015625,1444.1623224877194,1402.707729786136,1404.6358503769075,4657192
2025-10-09,1455.0562744140625,1459.5873108023447,1433.557682406266,1448.0185870707542,7028753
2025-10-10,1460.4549560546875,1467.0104954131987,1444.933608930849,1455.7310370996563,3738353
2025-10-13,1439.5347900390625,1450.6214834671307,1430.087069727637,1443.1982662450723,5859355
2025-10-14,1436.353515625,1459.9729938155936,1433.075686951717,1445.1264411305913,5600789
2025-10-15,1421.4105224609375,1435.1001315764527,1414.75848288892,1430.5690952632847,6986098
2025-10-16,1418.61474609375,1421.5069270236047,1408.0100826842827,1420.9285143742625,8005748
2025-10-17,1389.3072509765625,1405.9855409539045,1382.462446500531,1402.6113299617484,16959378
2025-10-20,1408.395751953125,1414.276496397426,1397.8874708768014,1401.4544470050912,6994246
2025-10-21,1419.482421875,1432.5936185349226,1417.1686535978035,1424.881136066363,1698704
2025-10-23,1473.566162109375,1490.4372172856354,1451.8748054541832,1455.7310466373283,20358624
2025-10-24,1470.57763671875,1487.5450748262833,1463.4435668090073,1484.1708637038648,8652257
2025-10-27,1472.633056640625,1483.2043487095048,1466.3685916918344,1478.0165606695539,7273211
2025-10-28,1468.4241943359375,1474.5908017388306,1458.9296979699484,1467.9347848431598,8211019
2025-10-29,1478.408203125,1488.0005573851865,1465.1941469679696,1468.4241778932897,4884976
2025-10-30,1462.1597900390625,1476.2546872805226,1457.5592692997866,1475.0801523386458,5608867
2025-10-31,1450.9034423828125,1465.3898918009988,1449.3372364048548,1458.4403008415877,4819814
2025-11-03,1454.0355224609375,1459.8105780526128,1442.974820743242,1450.9033496746388,5470600
2025-11-04,1436.808349609375,1450.511814804534,1431.9142548968182,1448.3583414401685,8691330
2025-11-06,1435.6336669921875,1451.58846323567,1430.9354078512456,1447.2816360762577,7944752
2025-11-07,1445.5198974609375,1449.533031326473,1418.4065403991735,1438.8638806951196,8765759
2025-11-10,1481.4425048828125,1487.8048281611332,1458.4402591842686,1458.5381171839108,9787975
2025-11-11,1497.88671875,1500.9210336624128,1479.0933228205395,1492.6989304110698,13692989
2025-11-12,1518.8333740234375,1526.1745164244364,1505.5214596999074,1507.3812396717751,14635417
2025-11-13,1509.14306640625,1524.5104757353395,1497.8866487683968,1524.1189242683809,19655689
2025-11-14,1470.9691162109375,1497.59294295853,1457.2656513734084,1487.8047537888665,9739549
2025-11-17,1475.66748046875,1478.212385937251,1460.8873376663598,1464.3132041198487,7910354
2025-11-18,1454.91650390625,1474.1013313334302,1451.784211591062,1474.1013313334302,7525119
2025-11-19,1508.4578857421875,1510.317665675936,1458.9296699222182,1458.9296699222182,10981126
2025-11-20,1503.955322265625,1522.0634729079381,1501.5082748815287,1522.0634729079381,7387584
2025-11-21,1512.2752685546875,1518.6375916910017,1493.9714020948772,1498.5718033380108,9186302
2025-11-24,1515.2117919921875,1551.4280945139647,1508.3600590826622,1530.4813442936104,19270381
2025-11-25,1498.1802978515625,1517.7566773334454,1493.5798964672151,1516.1905908718425,8107952
2025-11-26,1524.902099609375,1527.251289037942,1499.6485223505715,1499.6485223505715,7575038
2025-11-27,1533.2220458984375,1540.954739594805,1519.3227449478784,1530.8728564928056,7552252
2025-11-28,1527.055419921875,1535.179665000364,1524.0211050739736,1531.8516566735827,4453221
2025-12-01,1530.872802734375,1540.6609920101703,1523.042251313739,1529.4045743430058,5341800
2025-12-02,1527.9364013671875,1546.4361036663386,1523.1401645511503,1533.8093151456649,6335969
2025-12-03,1545.261474609375,1552.406900951154,1521.182551618934,1522.1613705980963,12895312
2025-12-04,1563.7611083984375,1565.1314788059085,1534.7880917871573,1534.7880917871573,12609619
2025-12-05,1581.9671630859375,1597.2368345243183,1566.1103436503722,1575.8985332981872,10344725
2025-12-08,1576.681640625,1595.4749170068917,1566.306063981828,1582.8481284293375,7550413
2025-12-09,1565.1314697265625,1572.8641631737528,1548.883099378693,1567.2848235795727,6957599
2025-12-10,1551.2322998046875,1573.9408513587562,1549.2746619298632,1573.9408513587562,5116140
2025-12-11,1564.1527099609375,1573.3536321517727,1547.023378030827,1564.1527099609375,5159319
2025-12-12,1564.348388671875,1567.8722324584342,1549.0788370408115,1567.4806809838458,4633912
2025-12-15,1572.766357421875,1576.6816332735752,1551.4280562362142,1551.4280562362142,4190558
2025-12-16,1559.1607666015625,1569.0468143358012,1552.0153403019585,1566.1103574156468,5499258
2025-12-17,1568.0679931640625,1572.8642300238714,1552.4068896118622,1553.5814245843821,4817628
2025-12-18,1592.3427734375,1595.4749463972676,1572.6684162407605,1576.3879761796316,6577293
2025-12-19,1603.9906005859375,1619.847539612933,1595.2792073285575,1615.0513027562847,13149023
2025-12-22,1653.8125,1657.3362243784013,1628.7547583833573,1628.7547583833573,23098923
2025-12-23,1632.9637451171875,1643.4370603643276,1621.3157754082474,1643.4370603643276,6593060
2025-12-24,1628.16748046875,1632.2784723030877,1617.4983299175808,1625.8182910699556,4271167
2025-12-26,1621.0220947265625,1633.453167508233,1616.7152673020842,1628.167521100225,2006491
2025-12-29,1609.863525390625,1637.6620082639456,1602.4245250544589,1622.8818655924697,4062817
2025-12-30,1587.2528076171875,1612.9957941560388,1582.554548282334,1612.1148331917736,9395937
2025-12-31,1581.1842041015625,1594.1045668429529,1575.1154547350545,1586.6655664923117,6538656
