Date,Close,High,Low,Open,Volume
,RELIANCE.NS,RELIANCE.NS,RELIANCE.NS,RELIANCE.NS,RELIANCE.NS
2020-01-01,672.216064453125,680.0087281455684,670.390410387018,675.9565477815083,14004468
2020-01-02,683.6602783203125,686.1762083080744,673.2849207275859,673.2849207275859,17710316
2020-01-03,684.4840698242188,686.4878962665452,678.1831277621862,682.6360622006584,20984698
2020-01-06,668.6092529296875,680.3649817308929,667.0507082361115,676.8471984455604,24519177
2020-01-07,678.8955688476562,683.3039746836643,673.9527657511211,676.4018734988883,16683622
2020-01-08,673.7969970703125,683.2817317108661,672.3943304886236,674.6207976476823,16047902
2020-01-09,689.3154296875,690.2059926741842,681.8567565985553,685.1296647498189,14982742
2020-01-10,689.15966796875,693.7461870259668,685.5972965193916,691.0521443605163,12478359
2020-01-13,687.4007568359375,694.0801585291999,685.0407051379933,688.0019166618636,18282382
2020-01-14,681.0330810546875,690.2061193009722,677.6711159879618,685.7531846503401,15816535
2020-01-15,678.5616455078125,685.708622508407,676.068009361063,683.9052024938248,15817859
2020-01-16,684.8179931640625,687.244866778881,680.4095869331176,680.8549279318096,12847975
2020-01-17,704.0101928710938,705.7690846391494,691.6310096398801,691.7645940988411,29463471
2020-01-20,682.3466186523438,716.4784286658733,679.6971043882497,716.4784286658733,32545850
2020-01-21,683.0369262695312,688.3581898620575,677.7378970312928,680.6768744071713,18922720
2020-01-22,682.7918701171875,688.7588206739724,681.7899569992577,687.5342668020733,10322817
2020-01-23,679.8975830078125,686.621513138243,677.1590121473655,684.1946393801801,11247739
2020-01-24,677.5374145507812,684.1277590740176,676.2015106061541,679.9642284408451,14628445
2020-01-27,670.8580322265625,678.8288097703885,670.1678160991427,674.5762817936037,13387750
2020-01-28,655.3617553710938,672.3942783497732,651.7326219117568,671.7708247894806,24532236
2020-01-29,658.9686889648438,665.4476838598071,651.9330029814765,656.385937187332,24746565
2020-01-30,642.8935546875,658.9018717010598,641.2237192109507,658.5901746274501,22402689
2020-01-31,628.599609375,647.1238564671794,626.6180767993984,647.0125063572486,34750310
2020-02-03,616.9551391601562,623.3896651574961,606.9583015760081,610.0085691432375,30712290
2020-02-04,635.1676635742188,637.8839401729988,622.4322559797637,623.4118752792756,25383901
2020-02-05,645.0086669921875,646.9234370233874,636.9043647870463,638.9526598272524,18472100
2020-02-06,649.1499633789062,653.2466727335321,641.268301219584,647.5024215657478,15538577
2020-02-07,638.3961181640625,646.7231209827357,636.0137726868787,646.121961162775,12209212
2020-02-10,639.2644653320312,643.6728717218461,628.0653070065835,635.8802065407942,15142476
2020-02-11,646.9013061523438,652.8904923206876,643.472518918896,644.518960407984,13999816
2020-02-12,654.7161254882812,656.742245701073,647.9031394730254,648.4152429768247,13533565
2020-02-13,656.430419921875,658.0334927711046,651.2872699744411,658.0334927711046,13565659
2020-02-14,662.4197387695312,668.5870368609382,647.0570496970056,657.8109261027595,21227841
2020-02-17,658.2562255859375,670.6799378673376,656.4973336908605,663.0431510030807,13149130
2020-02-18,653.4246826171875,657.2096942768698,648.9717487058438,657.2096942768698,11127161
2020-02-19,669.6334228515625,670.8134485862718,656.8534867255756,658.7459628812005,14084409
2020-02-20,661.6849365234375,671.5036613641485,660.7275515499585,666.605445844099,16892268
2020-02-24,643.4279174804688,657.699577615814,641.0233376549481,654.4711971958799,21370214
2020-02-25,630.7147827148438,646.3000526686237,627.8648619763386,646.3000526686237,27745062
2020-02-26,619.849609375,628.911356956024,617.779020325235,627.8649155292255,29362748
2020-02-27,617.2891845703125,620.6511494965837,609.6078101962304,618.0683975689975,25054993
2020-02-28,591.64013671875,604.264254045817,590.014829470249,603.329103417816,39315769
2020-03-02,586.0740356445312,609.6077893226085,579.3723403742132,603.4181975497225,29500495
2020-03-03,597.96337890625,602.8838887991839,588.6789907987993,592.1077777316948,27398798
2020-03-04,596.5607299804688,602.8393785511545,582.400359715697,602.0378717145262,22105261
2020-03-05,583.8475952148438,604.6873667976507,581.5543059975552,602.1269086434213,30510390
2020-03-06,565.9689331054688,573.6057788366949,552.654658716733,565.5236515774449,33734039
2020-03-09,496.1245422363281,552.6101067897556,487.5971635409846,552.1870596312644,88187018
2020-03-11,513.669189453125,524.7569973633897,493.3860202311153,493.3860202311153,59578576
2020-03-12,473.3477478027344,490.26892105164063,466.98004375854214,483.14423842846696,55970485
2020-03-13,492.1837158203125,507.6354013912499,419.64530200918597,444.40363928088584,73297403
2020-03-16,452.28533935546875,480.7841591374453,447.5206784786443,472.2567802513006,38482258
2020-03-17,448.8565673828125,472.0118595343903,446.7191567142074,466.3343420099244,45445979
2020-03-18,431.2674865722656,461.28032501489446,427.9277857781092,456.5601919681001,44730415
2020-03-19,408.64654541015625,430.5995508438921,397.29153849959346,409.715250893795,61404010
2020-03-20,453.2872314453125,460.83496091441367,414.12359413052815,418.3538872632153,63360475
2020-03-23,393.66241455078125,423.0295668803202,389.92193040058896,407.9786036891489,40670949
2020-03-24,420.090576171875,431.9353918898189,398.8945807634273,414.1236252972025,45734887
2020-03-25,481.9196472167969,512.7785178891949,428.9296612692312,429.17456609975056,73130298
2020-03-26,474.7727355957031,497.34916518213845,464.1524728836179,487.95345651457,45744488
2020-03-27,474.50555419921875,493.0743302616386,465.86685415365895,487.59721846033517,41657940
2020-03-30,458.8534240722656,478.6022243792753,454.2001132600208,463.37318015277566,30229866
2020-03-31,495.9464416503906,503.09338839129396,466.6683494310366,478.2237318418846,44292810
2020-04-01,481.1181640625,500.7778787446454,465.42154418897144,499.7314374197435,41597459
2020-04-03,479.7822570800781,505.1640473665368,470.36428521360847,505.1640473665368,41367807
2020-04-07,537.0693359375,540.5871191109118,489.8236031363708,490.7587239777516,54373624
2020-04-08,530.8574829101562,547.2666119015739,516.5412959187852,525.4471639311407,49880330
2020-04-09,543.2366333007812,548.9586489969397,531.2359703282597,540.5871192951221,33032857
2020-04-13,529.5216674804688,541.0325221376103,525.4471928092958,536.1120125498173,23673784
2020-04-15,512.0216064453125,550.3837133914021,508.97133852649563,533.0394909756521,35321842
2020-04-16,520.1259765625,528.7646769192855,509.8619687316648,512.0216140957893,37455706
2020-04-17,545.0401000976562,547.7119081332823,531.0801379395491,541.477788467049,33269335
2020-04-20,553.85693359375,559.7347681895708,535.2436321732976,545.9306852340615,36030932
2020-04-21,550.9848022460938,557.5083250081677,518.3224819342147,538.8059664932713,61371628
2020-04-22,607.2031860351562,616.6879797457742,578.8825082607582,587.7883765401166,142683366
2020-04-23,610.4539184570312,617.1110859522549,602.6167250854138,608.8731391707544,65464502
2020-04-24,630.9819946289062,665.692673747736,599.9004494609227,601.2140598103026,134986308
2020-04-27,636.659423828125,656.8089776563307,633.6536843523593,638.5519000387314,58482901
2020-04-28,635.947021484375,648.1035053145215,619.9164097345322,645.6766910891598,78453401
2020-04-29,635.4126586914062,647.3020336819599,632.3178625081999,643.4057306477636,37494672
2020-04-30,652.8013305664062,665.6926172797448,640.3553848329962,647.4355395070829,71345899
2020-05-04,639.0863037109375,652.3560500195231,631.1822890196224,641.2237145072914,53456868
2020-05-05,650.4190673828125,658.5902520124664,644.4298814250894,647.3243306346986,44903763
2020-05-06,650.4635620117188,661.2396721044524,643.6728107196592,651.9107566845831,40489094
2020-05-07,671.0361328125,674.0196380436263,643.4501981639638,647.9031324834183,50026966
2020-05-08,695.4606323242188,703.520407322856,684.4618205288415,687.9796639330426,84262770
2020-05-11,702.1400146484375,719.1502462326481,700.1361881322265,703.5649156731971,67085063
2020-05-12,658.7015380859375,698.3773161288631,652.3561269036683,696.796477334206,100683202
2020-05-13,672.677001953125,686.4096865474885,653.5950534044931,686.4096865474885,66430125
2020-05-14,645.4813232421875,672.7893884091039,642.8291930409412,660.3377943598729,49266771
2020-05-15,656.0225219726562,659.3039915320402,636.1089830747022,649.0999689371046,62152260
2020-05-18,647.6389770507812,666.181474909855,641.9076865534937,660.7873261418357,62796089
2020-05-19,633.3219604492188,657.0564195102567,630.7822503273412,654.9436803175768,42315854
2020-05-20,644.4700317382812,650.381159852501,626.174724606367,633.8165059493211,55320985
2020-05-21,647.86376953125,656.9439458804737,640.5591310175457,645.054274887475,39167981
2020-05-22,643.5034790039062,655.3931503743523,641.233434844536,652.6061872445827,37828973
2020-05-26,640.132080078125,651.6621368125705,636.6483020759156,650.9653812121286,33216635
2020-05-27,649.7966918945312,653.5950802585778,634.7154397533718,643.2562252592883,35667956
2020-05-28,661.7987060546875,665.1700639694456,651.3474905739236,654.0445650157022,40126278
2020-05-29,658.2700805664062,661.6863829805953,652.9882921441282,659.8883134336163,40022527
2020-06-01,683.4203491210938,691.5116310071569,663.4618696555066,665.2824110523774,39943702
2020-06-02,690.3204345703125,692.2533963499591,683.622663148201,685.9601831154127,22153960
2020-06-03,692.9951171875,701.243705152625,689.2640858781962,694.5009892228203,25381289
2020-06-04,710.1441040039062,714.5044150378368,692.7029193183236,694.0514268333575,34202350
2020-06-05,710.9981079101562,727.3155053046211,707.4019692570653,716.9766512645857,33076685
2020-06-08,705.5140380859375,727.495369555277,703.4912471731864,727.495369555277,31414953
2020-06-09,690.9722900390625,711.5825840206448,689.1068040465735,701.3785617206731,25857161
2020-06-10,706.7053833007812,710.0317972109347,692.2759415871488,693.6469213591369,22132647
2020-06-11,691.219482421875,704.8172743086072,688.2077385143969,703.9407414982666,20385805
2020-06-12,714.1898193359375,716.0777776124157,672.9242842139472,674.2728513186369,38548899
2020-06-15,725.7647705078125,731.3387563203479,701.7381741898191,703.4912994111404,53107403
2020-06-16,727.1806640625,741.0481806936685,712.6163324095153,738.5534152661882,51187003
2020-06-17,726.1243286132812,735.159560417052,720.1682571993283,722.9327480146142,41782053
2020-06-18,744.3521728515625,748.4427585087822,721.74156125064,722.3709004133316,40471557
2020-06-19,790.8770141601562,804.0927203501327,747.0942467519249,750.6903261392612,105804173
2020-06-22,784.9209594726562,811.0152901303186,779.90883714488,797.1702444845414,60198705
2020-06-23,773.5706787109375,792.83240486235,771.4129953643138,786.6515522559022,37962078
2020-06-24,776.6947631835938,796.855553260014,769.4351285440347,780.313374152456,51586221
2020-06-25,772.22216796875,786.2021069841788,770.0420123108671,776.3127539840192,39679374
2020-06-26,782.898193359375,787.5507022967831,771.8176374387796,777.1219577715511,30921913
2020-06-29,774.5821533203125,782.0440974489501,771.165850862043,776.7847811125145,25621946
2020-06-30,766.0188598632812,782.6059245493964,762.1754677566296,780.807914512527,30276420
2020-07-01,781.0775756835938,786.2020588284339,767.7943931621406,773.1661294381369,28464103
2020-07-02,794.524169921875,797.7964291606368,783.1051378323464,786.6933471641555,28789533
2020-07-03,806.9585571289062,809.2604618203259,797.976813096841,803.3026575689476,29434266
2020-07-06,835.799560546875,838.5978646000791,808.8542664677218,814.6766299428286,47016185
2020-07-07,823.0040283203125,841.4640390934211,815.2635191046126,839.5007072874031,35189589
2020-07-08,811.5173950195312,828.1945237391301,807.9066216942804,823.2748823910197,26204095
2020-07-09,823.3650512695312,828.2170013060332,806.2139692943585,816.4820787561033,36418942
2020-07-10,847.6473999023438,850.6037089763864,823.3650271392274,825.2832912510764,43759967
2020-07-13,873.3515014648438,879.0835514065949,857.5544142629645,859.066414273634,69608392
2020-07-14,865.2272338867188,876.3754426124376,851.8223070969156,872.9001111198423,67331128
2020-07-15,832.2791137695312,893.1203699369507,811.5173183412455,874.6829238098223,139669773
2020-07-16,832.00830078125,843.5627139468717,818.039164673242,833.6331186808312,60961724
2020-07-17,862.8350830078125,866.5812371594936,829.5709675982371,832.7304085156393,49726765
2020-07-20,866.5361328125,871.9974193757844,857.3964422325445,865.5883422314392,36592938
2020-07-21,889.84814453125,892.3079949125722,874.0285529843062,875.1569121232839,42173371
2020-07-22,904.4942626953125,907.202312550526,884.9510213382299,895.0159986639695,59771457
2020-07-23,928.7764892578125,938.6608971636242,898.7846324946036,904.4715545647441,58333751
2020-07-24,968.6528930664062,976.2580205169854,928.7766226694645,928.866877074322,120597372
2020-07-27,973.1888427734375,992.4161339989756,960.4158156178775,983.3892613715004,80304827
2020-07-28,982.8927612304688,990.2496888244225,970.6838835389933,973.1888610354255,55114422
2020-07-29,946.3113403320312,985.1946329524699,934.4861032246416,982.9831015871683,72663399
2020-07-30,951.8176879882812,965.7416374844678,935.1856290159112,947.3719425825504,72857444
2020-07-31,932.9740600585938,960.9122737981927,926.5198556854664,954.3678150249528,74958061
2020-08-03,906.7509765625,928.4154946857375,904.0879942280135,925.8428264432459,46715383
2020-08-04,970.6613159179688,978.0633706821992,902.8017056351508,911.9865832893145,92041055
2020-08-05,959.7612915039062,991.1522713264957,956.0828280071764,978.9660179222315,74549993
2020-08-06,963.2140502929688,978.379235802318,951.3436873807514,973.549849744725,49322975
2020-08-07,968.7882080078125,973.9109808198931,956.9404677314833,961.2733354792168,32984416
2020-08-10,956.7824096679688,977.1606220933874,951.479128353328,974.4976996368632,26958997
2020-08-11,963.0787353515625,974.9039718853056,947.9812395926484,963.5300670431569,46828306
2020-08-12,960.2803955078125,968.1338417220617,950.8924453804724,957.3015226996713,30264617
2020-08-13,957.7754516601562,965.3805786775785,952.3367286962583,960.4609378961798,24830322
2020-08-14,954.0518188476562,973.5498723174301,942.9713010071719,958.0010455824508,33224635
2020-08-17,943.9192504882812,950.0800687191717,934.328167937496,950.0800687191717,30979066
2020-08-18,956.1957397460938,963.3044077157676,939.8570673079405,941.0531171539242,30547672
2020-08-19,962.0631713867188,972.1958989128857,957.4594807962734,966.3284079855683,34087543
2020-08-20,946.4918823242188,958.6105063624732,942.4072137744096,956.8502469568803,22537845
2020-08-21,939.6314697265625,957.7529668720355,937.4424422009146,955.9475802688171,25280895
2020-08-24,945.9050903320312,949.854317250222,934.5086218851164,943.9417586729289,32717218
2020-08-25,939.744140625,952.9234309193323,937.893627107895,950.5312716600185,19388008
2020-08-26,964.6585083007812,969.4653315021213,923.9021368360374,941.0532201142951,59870421
2020-08-27,952.6075439453125,970.3905257659359,949.2901575537568,969.4878026998181,28085062
2020-08-28,955.112548828125,962.6725488024437,950.6442396447251,956.8501848269598,27166900
2020-08-31,939.1123046875,981.2227244337602,929.9274278526689,981.2227244337602,62076132
2020-09-01,942.0686645507812,957.9333821236513,930.8527051045198,947.8232778251647,38616258
2020-09-02,960.5512084960938,964.9743904615849,941.0531538410881,944.2125354209737,26949439
2020-09-03,953.2845458984375,965.3128543894694,949.177314241105,960.4609045761807,18586429
2020-09-04,937.5552368164062,946.4467283078576,935.275954940486,940.3987281070342,28475945
2020-09-07,939.9924926757812,950.4185474757394,922.6608419794579,940.6018292728933,21926473
2020-09-08,951.0278930664062,957.3015291324416,939.0220876589311,944.2125515075138,27397082
2020-09-09,975.5132446289062,978.4244265500107,939.4508218895586,941.053135941398,55310877
2020-09-10,1044.410888671875,1058.3800235694275,981.83194598064,985.3299004503288,140304404
2020-09-11,1047.00634765625,1055.1756852691165,1032.2700464158145,1043.5085116113075,59470807
2020-09-14,1039.2431640625,1065.1729199258552,1029.9679721043801,1049.3758922384438,44063445
2020-09-15,1046.5999755859375,1049.7142296990357,1032.743657881546,1043.485721472839,27178393
2020-09-16,1049.172607421875,1069.3928153950412,1042.8538446608136,1047.1189617708817,33952295
2020-09-17,1037.52783203125,1053.3022921709116,1034.4134589674702,1047.118792617936,25828669
2020-09-18,1040.664794921875,1046.8707395543606,1027.5080681415218,1044.52376716858,33074915
2020-09-21,1018.1654052734375,1054.3405874780703,1014.3288768661703,1038.0921685931473,33627381
2020-09-22,997.990234375,1027.7112111815643,993.6573068799258,1027.7112111815643,34792254
2020-09-23,1006.8590087890625,1027.5982979767925,995.3497831191984,1020.0382988528453,42988708
2020-09-24,984.4724731445312,1004.6926220511629,982.1480045429355,996.5233454684201,29826318
2020-09-25,993.7249755859375,998.7349303522368,978.198771791248,987.9929259452438,28374935
2020-09-28,1000.2921142578125,1010.1088922605071,996.1397551110359,1005.1440644113056,19666849
2020-09-29,1013.290771484375,1021.8436888287242,1000.2920490892888,1004.2413355722142,25842539
2020-09-30,1008.4614868164062,1023.1977860425367,1004.2413772750692,1020.0384044786468,24465159
2020-10-01,1004.3541870117188,1021.7534684542669,999.2765413206039,1021.7534684542669,20783227
2020-10-05,998.464111328125,1015.1412378353376,995.665807141331,1012.8168289308439,18922799
2020-10-06,997.6292114257812,1008.2583389587751,993.7024882079692,1004.3542390342081,18412175
2020-10-07,1018.91015625,1042.154366526615,1001.9847094184659,1008.7548642742527,53170865
2020-10-08,1010.6729125976562,1023.6491310362912,1002.9324042401191,1019.5869668804303,21077808
2020-10-09,1008.05517578125,1016.8789756571788,1000.6756850189712,1008.754766738928,18545499
2020-10-12,1009.679931640625,1018.1200304282671,1004.8054782196958,1008.754704748335,14226473
2020-10-13,1029.38134765625,1031.6606295627953,1004.6250177214829,1006.7689180188713,23112012
2020-10-14,1032.450439453125,1039.8976215416956,1023.8748385588287,1028.5689032035948,26742011
2020-10-15,995.8915405273438,1033.578784334854,990.7010764378003,1033.578784334854,20036197
2020-10-16,982.0352172851562,1007.6263990747995,980.6134716986062,999.7279451318866,21583600
2020-10-19,982.2157592773438,1005.9113606750328,972.7149909324551,988.466891534098,31200385
2020-10-20,973.053466796875,989.798344269808,971.40602552376,983.4795214556434,18482288
2020-10-21,958.9263916015625,989.3470196032074,946.8077683832299,978.5147603722606,34082321
2020-10-22,950.9600219726562,962.4918709189672,943.7611001149209,960.190025787683,30802210
2020-10-23,953.7133178710938,963.6202899304686,946.1984454833869,950.5313131498879,23422125
2020-10-26,915.822998046875,948.7034169019341,911.0387387404159,948.7034169019341,37324416
2020-10-27,918.26025390625,929.7017897460652,904.9455811340416,918.4407627043238,36478896
2020-10-28,907.8567504882812,928.7314227324945,906.028800472741,921.5550042670169,29924017
2020-10-29,914.830078125,921.6454200593237,898.6268451751743,901.3348952521129,30655304
2020-10-30,927.287109375,932.0713684328344,912.5281277212341,917.8088456567091,34021563
2020-11-02,847.3765258789062,914.8750522428184,839.1169357264764,914.8750522428184,99366895
2020-11-03,835.167724609375,861.6165021715815,828.2621884933044,853.0409611809424,88691623
2020-11-04,863.51220703125,870.6434990617774,829.1197861195681,829.1197861195681,80180117
2020-11-05,882.37841796875,885.0639044213495,871.9974897863348,882.355854367001,37205373
2020-11-06,915.8455810546875,920.7426584675038,892.8270071314915,898.175475948344,66674086
2020-11-09,925.5720825195312,933.8316740433519,918.9373091013578,930.7174194435053,35838510
2020-11-10,940.8499755859375,943.3098257434691,921.2842310899437,937.4423348777667,36934242
2020-11-11,901.425048828125,945.5665526357731,892.8043809348467,942.858502861752,56724780
2020-11-12,893.6619262695312,906.502703689629,886.8917719189561,894.1133176465529,40046527
2020-11-13,901.0640258789062,919.2306494130244,894.4518760870695,894.5646940909385,45388670
2020-11-14,903.7269287109375,909.5944198559474,900.5901107359409,909.4139110537326,5226220
2020-11-17,899.6422729492188,941.0531655438715,895.9186819311539,941.0531655438715,46542562
2020-11-18,896.9116821289062,905.6226647867821,884.6802404612616,899.6422957138947,30402290
2020-11-19,890.5701904296875,907.4053210540029,888.3360360257459,896.9115763734393,27796343
2020-11-20,857.3287963867188,895.377116449163,855.297714134409,891.4052660410506,57471248
2020-11-23,880.4375610351562,889.148483349999,869.4021701299365,880.5729426320072,45327567
2020-11-24,886.4629516601562,890.9538240299142,871.9973571487645,886.4403880618394,30936268
2020-11-25,879.128662109375,899.5068761620935,876.6011807335245,893.6619486348033,32637879
2020-11-26,881.295166015625,886.891834503416,871.1173701719107,881.4982981188252,25838637
2020-11-27,871.0044555664062,882.8748194602481,867.2131737985623,875.8338420233673,47336811
2020-12-01,882.3331298828125,887.4559022346997,871.1172310966299,875.7660485140731,19750687
2020-12-02,883.8001098632812,885.5378055525415,873.3514915114731,883.9580550659119,22188887
2020-12-03,886.4629516601562,894.1583922194357,884.0256651975251,890.0511607131228,27785372
2020-12-04,878.6547241210938,888.6971374121213,875.6081607043218,888.6971374121213,18464552
2020-12-07,883.8226318359375,886.8917588790096,875.8789913444388,875.8789913444388,18242188
2020-12-08,899.8679809570312,909.1205496272892,880.1216664908698,885.1541851802805,43403061
2020-12-09,914.8526000976562,917.9443506509773,902.3503953551077,907.1797819467947,29175254
2020-12-10,905.8482666015625,915.552166728337,903.1402167199674,912.437912349106,16065507
2020-12-11,905.306640625,919.8399265746882,891.0666814664153,908.556276462948,26944202
2020-12-14,898.7621459960938,909.4590234227397,896.5279914527346,906.2770186070177,17312747
2020-12-15,891.1119384765625,898.0400384687348,885.1315694222841,898.0400384687348,18551265
2020-12-16,892.1047973632812,900.40957493361,887.2077202532149,897.272697360613,18561011
2020-12-17,896.189453125,904.9455622584525,892.3756079246118,895.6929942485893,20252358
2020-12-18,898.875,904.9004961820984,886.8918178223723,893.7071594170455,18466344
2020-12-21,875.4727172851562,912.6183705411303,837.3567098855556,907.2022710782971,44135540
2020-12-22,874.1187744140625,884.13862467934,852.3413781920493,879.6703154945026,28140001
2020-12-23,877.345947265625,880.7761519150498,866.8747051215936,871.0948148980669,19501410
2020-12-24,900.048583984375,902.147297408828,878.2711864494689,878.7676453803593,20776988
2020-12-28,904.1782836914062,910.8130563627905,900.5675108718648,905.7128472166959,17221499
2020-12-29,898.1979370117188,908.2403499939302,894.8128003282234,906.7509137300159,18611939
2020-12-30,900.6577758789062,905.9384938821528,891.6534670154136,900.5449578807359,22043630
2020-12-31,896.0540771484375,908.0598221912284,893.0300772883096,899.7551043755919,18781189
2021-01-01,897.047119140625,901.3348599535196,894.5647051802756,897.27275515116,10015175
2021-01-04,898.55908203125,902.1923588792536,888.2458453983129,900.4772865018267,24513534
2021-01-05,887.3882446289062,895.2867576296607,882.8296217394585,888.6971124168427,24123091
2021-01-06,863.9861450195312,887.3431733969305,859.8789129484342,887.2980461940915,46401468
2021-01-07,862.5869140625,877.8649187321673,859.8788642012053,866.8069639014568,32325918
2021-01-08,872.7647094726562,874.8860460383853,863.0156822176616,865.678604878862,27540187
2021-01-11,856.313232421875,875.0665690475399,854.1693322211945,875.0665690475399,33307825
2021-01-12,883.3036499023438,884.6350813991116,857.5092762592445,858.9084582491231,41161546
2021-01-13,875.0665893554688,891.3826993524976,865.8817711258671,886.2373626282811,26619458
2021-01-14,884.9059448242188,887.7494361349055,875.1794806347706,877.8649670437152,21553242
2021-01-15,874.4572143554688,890.86357691647,866.6038285437963,884.9058318391973,20593268
2021-01-18,895.4447631835938,901.3348178565226,868.093322463363,879.7154269171596,35100458
2021-01-19,910.0908203125,916.6804055030773,900.2740437805934,900.2740437805934,32006615
2021-01-20,927.3773803710938,928.8668167227358,903.3207030552749,912.3476352561834,30924537
2021-01-21,947.5525512695312,956.8502475441711,936.5397824840384,939.6991642832317,39087742
2021-01-22,925.0756225585938,954.7515344001,918.5536671571999,952.7881428838759,30532660
2021-01-25,876.0595703125,918.4633817134077,871.9974654980874,918.4633817134077,54207104
2021-01-27,855.297607421875,868.837975005022,852.1382261241113,868.837975005022,42370131
2021-01-28,846.9703979492188,868.0707665841978,844.0140887864603,848.5952159319003,34067814
2021-01-29,831.3538208007812,863.4669551342889,825.9602253530458,854.9816691410504,43712383
2021-02-01,855.43310546875,859.8111004411335,834.084477925657,839.2298143671649,34180952
2021-02-02,869.1991577148438,875.6082351731134,837.2214015345261,863.9861301874793,41470034
2021-02-03,871.3881225585938,881.024271808645,857.5543678212887,870.3274543100903,30301696
2021-02-04,868.5220947265625,875.6081993096957,859.8111124753323,868.3866534338506,25626981
2021-02-05,868.2738037109375,877.7069402051127,866.5812949964159,871.1172947571725,20248046
2021-02-08,880.776123046875,888.6972004305863,870.6660182415897,872.4713450669083,21183400
2021-02-09,882.8973999023438,897.9948961529354,881.1597638793062,885.5152551213864,19604141
2021-02-10,891.0892333984375,895.8058015904561,869.8760478719553,881.8141615916637,21234156
2021-02-11,927.8286743164062,931.6651427302581,890.1639989701773,893.6618940174507,42539278
2021-02-12,921.46484375,937.8937722721672,909.6396062888572,927.7385398005773,30497029
2021-02-15,917.402587890625,930.3561823841347,913.9723837609447,924.3758738322135,15791099
2021-02-16,929.5438232421875,938.5255683500038,918.4858688517324,920.6297689320974,21421660
2021-02-17,940.2632446289062,945.9952940995148,925.5268269442237,929.7694401272191,23742994
2021-02-18,933.2448120117188,951.6145059493895,929.3632164892342,941.0530705612548,18646877
2021-02-19,938.9317626953125,950.0574077634237,926.7454493980867,928.4154541842837,23403483
2021-02-22,906.3446655273438,943.2646823971752,900.4095436576987,938.7963735267837,23804335
2021-02-23,913.2728271484375,926.5649358038843,908.8270818640342,924.3533449611235,25644108
2021-02-24,930.2208862304688,932.1390906998175,914.4914901976813,916.2291858661802,10807663
2021-02-25,967.8403930664062,971.2931609562635,935.6369439506498,936.9909986645049,34855693
2021-02-26,941.4142456054688,963.123891576847,934.5989040579532,955.4962007136306,37481215
2021-03-01,948.590576171875,953.2394537638484,930.897848571293,952.4269850885058,17680764
2021-03-02,950.5313110351562,961.3635697154016,942.9036206682259,957.752856616694,17150760
2021-03-03,993.9055786132812,1001.9395335212855,951.0730007855624,957.3241328149178,31924461
2021-03-04,982.0577392578125,988.4216890350315,973.865839474236,983.9308164628377,21435754
2021-03-05,983.3440551757812,998.3512962856287,971.7670781260525,973.0985692708165,25511666
2021-03-08,988.9407958984375,1007.3556183257853,978.5147413680846,978.7403773670584,19506841
2021-03-09,988.9180908203125,999.1861993021838,968.8558884914019,992.9576314805555,15154484
2021-03-10,984.8109130859375,999.7730267712369,979.5301951697431,996.1171267701603,11519358
2021-03-12,964.7938842773438,995.8463528292266,958.6104430105866,990.7010162557301,16864952
2021-03-15,951.8402099609375,969.8939539882846,939.0219967848262,965.899600131311,16698099
2021-03-16,948.0941772460938,959.5583372131907,945.7923317505264,954.1421774953259,13873801
2021-03-17,927.6707153320312,949.177286837256,918.5309656400523,946.94313243389,19210236
2021-03-18,906.7960205078125,940.9627994148021,903.1401207256077,935.5917677310513,20647480
2021-03-19,939.6990966796875,945.9502287147974,894.9257507304794,898.6267780925764,41787429
2021-03-22,930.8527221679688,936.088313055874,917.6734905482226,934.7343179799378,18572478
2021-03-23,942.1815795898438,952.2014305220086,927.9642420903879,930.6497285616952,17421165
2021-03-24,924.0374755859375,938.6835805295864,920.9232211318065,938.6835805295864,16822814
2021-03-25,898.829833984375,927.0614339788925,895.9186520687285,927.0614339788925,22001648
2021-03-26,900.274169921875,908.8722746334809,890.818529006779,908.1049928320286,20180202
2021-03-30,915.9132080078125,924.7595715908199,898.8749446091667,906.2995626603248,20441701
2021-03-31,904.0879516601562,925.2108826971944,902.2374380883726,910.8130382876154,16250796
2021-04-01,912.55078125,916.2292452262719,904.1106213459858,910.813145160988,11723312
2021-04-05,899.348876953125,913.9724170012217,885.5828730456216,913.9498534023671,14875099
2021-04-06,895.6028442382812,904.9231041323316,888.6972479019207,904.4943360038118,14009194
2021-04-07,903.9751586914062,923.8569132620463,899.6648545655975,902.6888544411458,24266353
2021-04-08,905.1035766601562,912.6184496390974,899.5294718287386,907.6536814191865,15369188
2021-04-09,894.5872192382812,905.5548598128081,893.661932570132,901.9892738152234,14037885
2021-04-12,862.5869140625,885.2669734194948,857.6672732350632,884.1837415365642,20901482
2021-04-13,871.9071655273438,875.8790157297038,865.6109063786529,868.3866470158723,19411189
2021-04-15,877.5489501953125,885.0863863250735,863.421868505896,869.4247410901053,19723716
2021-04-16,872.0425415039062,880.0764962565872,869.492436882543,874.0736236379038,15656948
2021-04-19,858.32177734375,864.9565510152671,853.0410586066881,859.359882147361,18478808
2021-04-20,858.073486328125,866.129945192319,853.244099852856,862.2935362093694,17203668
2021-04-22,860.4430541992188,864.0763909126439,847.038126173648,854.0565402952617,14490954
2021-04-23,859.517822265625,866.0848449417196,855.4557174605446,860.262540485022,11828857
2021-04-26,874.6376953125,885.5377038035335,862.7447691348887,866.5812373706732,20846778
2021-04-27,897.566162109375,901.4251348981196,874.8184105130574,875.6082559520604,19992524
2021-04-28,901.47021484375,906.2996013229371,893.7297060704715,901.7184741400474,17122437
2021-04-29,913.543701171875,922.7737059327087,905.9837012820783,913.0246189844161,17412606
2021-04-30,900.2064819335938,918.9372550182458,897.0696639164535,906.5253048610995,19828769
2021-05-03,884.206298828125,893.2106078294329,877.0073762854873,887.3431167617707,23640186
2021-05-04,865.0466918945312,888.1555786981006,862.5192105636345,880.1216239409943,21849830
2021-05-05,866.62646484375,874.9311830141904,861.1877417678091,868.0933376376232,12393609
2021-05-06,871.5460815429688,873.351467984722,860.5332540943049,867.4162861727356,14624666
2021-05-07,871.8846435546875,882.6717759114722,869.2894115930914,874.5926935213764,12288548
2021-05-10,869.3796997070312,878.6773959888417,867.0101633558089,875.1569368648484,13941237
2021-05-11,872.5166015625,874.9538287863412,862.0679225288771,864.3247006246831,13478264
2021-05-12,863.489501953125,872.4035558387152,860.7137615341056,871.1398152651564,13177961
2021-05-14,874.3895874023438,876.5108642766377,860.2625054108522,870.2146050700743,13291616
2021-05-17,884.7930908203125,886.1922131252846,871.2752855358857,874.3895996285223,11873078
2021-05-18,897.2501220703125,903.8623311241566,890.2768357355067,894.1133042302491,12064918
2021-05-19,901.357421875,910.1135316770341,890.0512670062741,893.661980396703,16317002
2021-05-20,896.0992431640625,907.6085298258828,894.1133478678807,901.7410386469029,11422532
2021-05-21,903.8397827148438,907.0217278069957,896.3700373777015,899.0780871843959,10785605
2021-05-24,896.2119750976562,907.1119838096187,894.5645936578591,906.2995151967815,8551760
2021-05-25,886.0568237304688,901.3348284850034,884.6350781454706,901.0640055897504,14780102
2021-05-26,889.171142578125,893.4363796423949,887.0273019371077,891.4052973188182,7480204
2021-05-27,891.9017944335938,899.5294855338184,885.6506620923865,889.2839988316376,26819294
2021-05-28,945.476318359375,950.0800090423911,898.1754320907405,898.1754320907405,56469931
2021-05-31,975.039306640625,989.2115150434242,941.0756583298827,948.7259121956556,59124142
2021-06-01,978.9208984375,993.8603885283871,968.8107347954659,977.611970938607,28013832
2021-06-02,993.52197265625,997.2455637461187,973.5499623771119,973.5499623771119,24630162
2021-06-03,997.313232421875,1015.5249829566307,991.197541606595,1002.4359457378657,23974257
2021-06-04,988.6700439453125,1000.382403586374,985.8491162192327,999.6376853522006,14468646
2021-06-07,1005.3245239257812,1011.9141694726093,986.1875471509084,993.8604245557929,16336573
2021-06-08,999.54736328125,1005.2117222594065,992.1227450436447,1004.9635226595291,9674735
2021-06-09,981.674072265625,1002.4358661639994,973.9786315641471,1001.5332028305284,11409161
2021-06-10,985.284912109375,1006.4980988117626,982.8250618353879,989.9788572705107,14155653
2021-06-11,1002.3753051757812,1009.1011952964063,987.4063735342977,988.6745798453265,13762778
2021-06-14,1016.75537109375,1022.8018129970553,994.1773836624807,1003.2131430271446,20332436
2021-06-15,1019.0654296875,1030.3430744105387,1014.6721115736523,1024.047566478528,15174215
2021-06-16,1001.6732177734375,1017.7291568032897,999.0689384128791,1016.7554197633551,10797349
2021-06-17,1003.5075073242188,1012.2714997953356,987.315715260484,996.4193416411849,15745975
2021-06-18,1008.0367431640625,1012.2715649781592,989.331239663787,1007.9688163777718,29369026
2021-06-21,1013.29052734375,1017.9329096042337,996.4873342427861,998.0046053152495,12186448
2021-06-22,1008.0820922851562,1024.047523693767,1005.1834033496904,1020.877007795391,12871913
2021-06-23,998.842529296875,1019.3370107371757,997.1893446925246,1019.0653035968686,16653951
2021-06-24,975.3587036132812,1003.0319792586279,969.2443347205035,999.5218896905816,91461975
2021-06-25,953.1431274414062,975.3587813357442,942.5675134722279,975.3587813357442,55355022
2021-06-28,944.7867431640625,963.129909816626,942.5221576464701,961.0918068108575,20277042
2021-06-29,945.6019897460938,955.2038659394034,943.9262228096128,946.3719464304492,27144063
2021-06-30,955.9512329101562,961.3862145219897,947.0740283906408,949.4291830957576,19762858
2021-07-01,950.19921875,961.6127163035006,948.863085632743,959.2802038142157,12534407
2021-07-02,964.284912109375,966.0286658416347,947.9345627995748,949.7688855828178,14086620
2021-07-05,973.8641357421875,975.3814069298204,965.3945518663345,967.6364952540457,11702287
2021-07-06,962.3599243164062,973.2752309763289,960.2765368506975,971.486252797126,10070124
2021-07-07,955.679443359375,963.6961219133111,950.2218196134942,963.6961219133111,10454892
2021-07-08,947.7760009765625,958.8045791709611,942.5221577829742,958.8045791709611,11185460
2021-07-09,938.0836181640625,947.3684433649398,935.7737479702222,945.692616426164,9037675
2021-07-12,943.9262084960938,951.8069732106677,939.5781755914345,941.9559723923293,8585292
2021-07-13,950.9918212890625,952.5090925159022,945.7152754895722,951.1276748675257,6717133
2021-07-14,944.7867431640625,954.2300635744198,942.6353689523012,951.2860904215172,8532544
2021-07-15,943.1336669921875,948.8630578642602,941.3899132919198,948.8630578642602,9448356
2021-07-16,956.7438354492188,957.808201493028,945.5114761829108,945.5794029707818,8828185
2021-07-19,950.6520385742188,961.9976083202988,947.6174964042133,951.1275859545519,8354449
2021-07-20,948.3195190429688,954.7509997157346,943.8809767465054,950.9011562369292,6741464
2021-07-22,960.5029907226562,961.9523350417173,950.289713605715,959.7330340406753,7972397
2021-07-23,953.7092895507812,966.7306870173245,952.0561048845019,966.7306870173245,9937030
2021-07-26,940.6425170898438,960.6388076986129,938.03823784701,954.7509215019033,12389668
2021-07-27,930.7462768554688,943.745031435626,924.8583903750485,940.6199201537044,10824523
2021-07-28,922.7522583007812,932.1050093559254,913.1956670017476,932.1050093559254,12897848
2021-07-29,929.9536743164062,939.5329082786225,925.4924300252735,930.2933681370648,13765738
2021-07-30,921.8239135742188,936.6116474595756,919.9216040760916,932.1051183084293,11350608
2021-08-02,938.6724243164062,941.7975357253354,924.4734496016514,930.4293230086479,10925104
2021-08-03,945.579345703125,947.0513322851771,934.9131634487219,946.5984271599676,11817299
2021-08-04,952.8260498046875,957.4684320780918,945.2396345210956,948.5912282263394,13169800
2021-08-05,966.64013671875,975.9475444073931,953.0525626247831,957.6043762856963,21252078
2021-08-06,946.168212890625,972.3921457790564,941.5031281309346,964.6925186543999,16620987
2021-08-09,940.7783813476562,946.5078316871239,935.9548011334763,942.5221349162108,7494143
2021-08-10,945.7152099609375,957.0155553586313,939.238504866793,942.9750770172923,11919198
2021-08-11,958.963134765625,960.1859966454768,943.6092248291548,949.7462363911606,9184963
2021-08-12,955.8832397460938,962.994047792915,953.3921717385531,962.4052292074406,8137612
2021-08-13,971.8032836914062,973.7282353115995,955.181228214771,958.9630848706249,12780901
2021-08-16,984.4170532226562,997.7781437654177,963.8772277608733,973.4791039346753,21935444
2021-08-17,980.2276000976562,989.716205298415,972.7997402220516,982.3110475847799,12658169
2021-08-18,984.0321655273438,990.4409443539315,974.9511803260805,984.6436264377176,10075860
2021-08-20,972.98095703125,983.7377088016336,967.8856094241049,970.6031001945055,9426282
2021-08-23,979.3671264648438,984.6436123486905,965.756910089194,984.6436123486905,9854395
2021-08-24,989.036865234375,992.7960796490014,976.3098177521405,980.5899239821464,11864472
2021-08-25,997.5969848632812,1005.4778098902966,987.4063495975512,989.8068486851395,13380559
2021-08-26,1010.2107543945312,1016.7554463089577,998.6839861429403,1000.0427614622415,18589616
2021-08-27,1008.829345703125,1015.7817181947378,1003.6887734868195,1013.1773788430729,10480636
2021-08-30,1028.23681640625,1030.7732288164937,1013.0867479284576,1019.0652631807153,14027062
2021-08-31,1022.756591796875,1034.3512267943545,1015.5551545716548,1031.2487577395646,26485463
2021-09-01,1026.8101806640625,1038.495504793424,1024.9532755584123,1029.482446811587,11145486
2021-09-02,1039.1748046875,1045.2438888621152,1021.32982832915,1021.32982832915,9956770
2021-09-03,1081.79443359375,1084.7384068201698,1042.8435137983438,1046.2403322593964,30664428
2021-09-06,1098.5977783203125,1123.2365131929273,1092.4380047519112,1092.8909697996994,33641710
2021-09-07,1105.52734375,1113.272195169168,1092.4379602260194,1100.5904921516135,17349882
2021-09-08,1101.201904296875,1111.460525484485,1090.01483063056,1110.5547152662286,14301651
2021-09-09,1098.5977783203125,1104.145971203985,1094.2950296674799,1099.6394421897962,8963249
2021-09-13,1074.117431640625,1101.9492019199529,1072.5322338327235,1101.9492019199529,16311160
2021-09-14,1072.71337890625,1084.2853708994928,1071.6036685532943,1075.6799942004575,8908356
2021-09-15,1077.1746826171875,1085.0780298856923,1072.7360805602518,1072.7360805602518,9071075
2021-09-16,1099.7755126953125,1103.6479393265681,1072.0569454711606,1078.6469233245236,13448882
2021-09-17,1082.722900390625,1112.2984866148895,1075.9517858407112,1107.837242193017,34882133
2021-09-20,1084.4439697265625,1095.3139316833478,1073.415392150155,1074.3664868663025,11779819
2021-09-21,1089.1317138671875,1094.521410709491,1079.756260196694,1089.2675674362638,9915736
2021-09-22,1100.817138671875,1106.0255780999046,1086.210482648724,1090.6264428510565,10995912
2021-09-23,1127.720458984375,1130.936139610999,1107.6108943355246,1108.4714201510762,15748397
2021-09-24,1124.459228515625,1134.7631343059459,1119.613065939266,1133.9026086017536,15192163
2021-09-27,1143.3685302734375,1145.8370159244848,1121.1077134942575,1126.4068411721403,15373834
2021-09-28,1154.0574951171875,1161.689135216267,1138.092065214608,1147.6939414575027,18035258
2021-09-29,1144.90869140625,1163.9991145771864,1141.3758992926414,1163.9991145771864,9719875
2021-09-30,1141.0133056640625,1147.965677369511,1132.4532137255203,1143.6176447212324,13590654
2021-10-01,1143.0289306640625,1150.320936930379,1130.0302358504632,1133.1779894261922,8958928
2021-10-04,1157.7261962890625,1166.1957202690803,1149.0754144086845,1156.2994941506686,10918552
2021-10-05,1181.7532958984375,1183.0215020120208,1153.7402689056823,1157.25041807704,13533634
2021-10-06,1159.4019775390625,1186.6222902143543,1155.4389825506435,1186.6222902143543,10258881
2021-10-07,1165.0860595703125,1177.0204479976474,1162.9573276219362,1175.3219190109808,6336665
2021-10-08,1209.85693359375,1215.8128063604343,1169.2074879845059,1170.9058970806193,15772493
2021-10-11,1201.4327392578125,1231.9367793726578,1198.1264896541243,1223.512539721895,14768666
2021-10-12,1208.29443359375,1215.1788796176056,1196.2694750157295,1197.9680041586355,6682011
2021-10-13,1220.5911865234375,1231.7103344750674,1208.9737889938256,1213.3671067441883,9959762
2021-10-14,1223.0595703125,1230.7818997818822,1217.0810544912147,1223.0369280495506,8623469
2021-10-18,1226.3206787109375,1243.2597273294034,1205.8034336758178,1208.656838063519,13594479
2021-10-19,1237.3038330078125,1246.1357531841286,1226.501796349313,1233.6578296621897,8833409
2021-10-20,1223.0595703125,1242.2406818392346,1219.0286485058555,1242.2406818392346,12710570
2021-10-21,1187.777099609375,1235.5599338327822,1179.0357499377028,1235.2882267218629,20831669
2021-10-22,1189.99658203125,1206.9810344630644,1182.7951444896785,1186.6449281501523,11027475
2021-10-25,1178.40185546875,1213.8201056097269,1163.9990998346134,1213.8201056097269,17198417
2021-10-26,1205.2371826171875,1208.7926167498356,1179.013250231775,1185.3315195274101,9750178
2021-10-27,1189.99658203125,1212.3707315877277,1186.6222858874532,1201.138372284091,9896298
2021-10-28,1176.9525146484375,1194.7748510901267,1173.283988789091,1186.6449607541927,9886181
2021-10-29,1148.7132568359375,1175.843002928945,1133.0649360229452,1175.843002928945,14233025
2021-11-01,1149.4151611328125,1157.6582624374937,1129.6225892164332,1148.7131311991511,15481114
2021-11-02,1132.6571044921875,1154.0348738636576,1130.143454028727,1152.6760985535552,10569130
2021-11-03,1124.866943359375,1141.3531452072293,1114.6309640383438,1135.0348760961226,11989430
2021-11-04,1131.77392578125,1134.514118637374,1127.7656464746356,1129.1016597099565,1705656
2021-11-08,1133.177978515625,1141.3531527093287,1112.5475239087214,1141.0813257713814,20337183
2021-11-09,1142.123046875,1145.384011549245,1126.429444729638,1134.5593339553402,15682497
2021-11-10,1154.895263671875,1158.5639086571884,1133.947819541091,1139.8584075840783,10253470
2021-11-11,1157.00146484375,1164.2254244154967,1148.3959679290283,1150.4341308509872,10722478
2021-11-12,1174.46142578125,1177.0204805624614,1158.1110771767962,1160.783343266853,8712341
2021-11-15,1167.531982421875,1178.5832047502897,1163.9991900791144,1177.5867054893083,4803269
2021-11-16,1140.4022216796875,1166.2637612012684,1130.0303872332545,1164.927627982119,11337581
2021-11-17,1115.9896240234375,1131.81907885733,1114.630848883986,1131.81907885733,10202029
2021-11-18,1120.201904296875,1127.3127730233773,1109.6715745881545,1114.1781038166205,8505625
2021-11-22,1070.5848388671875,1109.1961291306902,1064.8101030658254,1103.353466536403,24124307
2021-11-23,1080.5941162109375,1087.5691305828452,1045.7874503355001,1056.6800550508478,25326999
2021-11-24,1064.9913330078125,1091.4869745646124,1061.4358986030797,1077.944744457766,16820296
2021-11-25,1129.1016845703125,1133.2006528139436,1067.5954770563671,1074.7742721480843,42401936
2021-11-26,1092.709716796875,1122.1493269988055,1087.6822964764374,1117.7107252384765,15763138
2021-11-29,1105.7991943359375,1132.2949564813318,1086.5954393266575,1104.712245845007,24325354
2021-11-30,1089.44873046875,1121.3794713466475,1081.9529437331894,1117.8013949441001,32172299
2021-12-01,1117.3485107421875,1120.5189065172979,1098.3711810133602,1101.9492572911422,10104610
2021-12-02,1124.5272216796875,1130.5736640269113,1114.9027029403865,1118.571348380323,12720411
2021-12-03,1090.7396240234375,1131.6154976946157,1087.0030516324528,1131.5702131686844,19222481
2021-12-06,1070.0638427734375,1098.3259382907745,1067.595476803198,1094.2497321105475,10332254
2021-12-07,1078.7825927734375,1088.8146726752468,1068.8863664494722,1076.2010153934032,11235122
2021-12-08,1095.20068359375,1101.4056210006474,1089.8562718344901,1097.9182338918165,8744178
2021-12-09,1112.5703125,1120.926625884508,1098.326051956675,1102.85522364802,13213547
2021-12-10,1113.7025146484375,1116.8955527047663,1100.7489847314073,1105.2328712872275,8364414
2021-12-13,1091.3736572265625,1120.5642045309762,1088.8146024741634,1120.2924973928066,12901733
2021-12-14,1078.012451171875,1089.7204159270498,1074.9552669933066,1077.9445243946013,12991523
2021-12-15,1074.86474609375,1089.2674997267343,1069.3843607457343,1079.7561930783932,9366969
2021-12-16,1088.7694091796875,1094.0232528934675,1072.8040976676455,1089.5846504628314,9761279
2021-12-17,1060.03173828125,1090.6263454753455,1050.7694958949853,1086.1198166210095,21049821
2021-12-20,1031.45263671875,1049.7957435304404,1017.7517924627566,1049.7957435304404,14325846
2021-12-21,1046.806396484375,1062.5452825090044,1038.1783778851348,1046.851681002988,12836561
2021-12-22,1071.64892578125,1074.275907104783,1051.6753379399179,1052.9887088013688,17658543
2021-12-23,1071.26416015625,1077.944705915956,1068.0031950967277,1075.2271551661324,9072401
2021-12-24,1074.6837158203125,1083.3796623765666,1058.718285237532,1073.4155095265614,7886494
2021-12-27,1073.5286865234375,1077.0388360812635,1063.4966072069749,1069.588333994207,4017223
2021-12-28,1086.2783203125,1089.1996512774408,1074.7968966086662,1075.9517717574063,6374613
2021-12-29,1088.13525390625,1095.60839765478,1078.8956544896844,1082.9266955421135,15425312
2021-12-30,1068.478759765625,1089.245070757408,1062.3643899373753,1087.003127167027,29333171
2021-12-31,1072.5777587890625,1079.7111505236876,1068.8864705630906,1074.774417912502,9477290
2022-01-03,1088.74658203125,1090.6036067166367,1070.4940456132024,1071.150790940942,5421611
2022-01-04,1113.3175048828125,1114.6309956772857,1088.81462402871,1094.2044407783767,10847728
2022-01-05,1118.526123046875,1121.877776996668,1101.9267085410534,1115.0840198447643,11643813
2022-01-06,1094.4761962890625,1111.4606489189575,1091.0792578429503,1110.1924425923644,14447422
2022-01-07,1103.3079833984375,1113.294777565113,1092.2341211399646,1101.0207557139988,13112115
2022-01-10,1104.2138671875,1112.8193642531028,1094.2723568788356,1110.5547786779957,9246731
2022-01-11,1112.16259765625,1120.9491128479206,1102.8550708538112,1103.3080358803265,16205164
2022-01-12,1141.8511962890625,1143.595009691511,1116.4425076278837,1119.2959115588758,14800442
2022-01-13,1148.2828369140625,1150.8645340891296,1136.0993826537385,1141.9194026287705,11856712
2022-01-14,1149.95849609375,1162.776052313962,1144.0026230998735,1148.146875628832,19930176
2022-01-17,1155.9595947265625,1161.734329339856,1149.0526273304495,1149.5055923237667,8036453
2022-01-18,1142.16845703125,1160.5342073047743,1139.4282640408564,1157.0921041700744,6215029
2022-01-19,1142.0780029296875,1151.3174846531956,1136.3711937473186,1145.8825024511523,9755485
2022-01-20,1122.0814208984375,1136.801286170844,1111.9133687702085,1132.3173998078944,16494486
2022-01-21,1122.2625732421875,1133.3137934671236,1110.5547274570392,1110.5547274570392,13338594
2022-01-24,1076.9935302734375,1134.4461715764583,1066.666981959244,1120.9717499530957,21868937
2022-01-25,1074.8875732421875,1081.8624687571998,1043.9758512681215,1064.1533431011624,24510205
2022-01-27,1058.9674072265625,1067.119939925388,1046.7160258148951,1058.0163123551283,20020431
2022-01-28,1057.9482421875,1076.087568078922,1054.5740661673967,1071.1508364816766,14667727
2022-01-31,1080.933837890625,1089.9016105598887,1067.1650674426833,1068.9768076649402,12143683
2022-02-01,1077.3558349609375,1096.333045361315,1063.0436492942567,1090.6263567842825,13200509
2022-02-02,1079.552490234375,1090.1733881906252,1075.725349000261,1090.1733881906252,10017691
2022-02-03,1065.6026611328125,1087.659819731054,1063.0890104902376,1083.3797131393435,9572839
2022-02-04,1055.8875732421875,1063.6551874088461,1051.2678326966015,1060.2808911532845,11061241
2022-02-07,1049.4560546875,1067.4368843783152,1043.9756693517945,1060.7336971993545,10714467
2022-02-08,1067.0972900390625,1068.8863882514995,1046.2404110052712,1055.5932232086295,12060849
2022-02-09,1079.5299072265625,1081.2056742872649,1067.9805561051007,1073.9363098694528,11486225
2022-02-10,1078.4202880859375,1085.0554293647551,1071.1962083846827,1085.0554293647551,12464491
2022-02-11,1076.314208984375,1079.982854527415,1061.6849113374171,1074.887506839841,15943370
2022-02-14,1059.1712646484375,1066.599124811997,1047.5991516117767,1059.9412213800138,10719633
2022-02-15,1095.1329345703125,1097.8278430466569,1057.880422222606,1064.9006018983252,11212671
2022-02-16,1092.8682861328125,1101.9492706042658,1085.16871921443,1100.5904953127101,10392840
2022-02-17,1106.7047119140625,1111.867985430717,1091.5320027819646,1096.106457779991,12853252
2022-02-18,1098.0543212890625,1112.5476464311962,1096.129369451274,1107.1126644779383,6775458
2022-02-21,1086.9576416015625,1103.987376793005,1080.028031731223,1092.4379072087868,11107193
2022-02-22,1082.0208740234375,1085.146105195485,1063.066305633856,1065.6705251768456,13494914
2022-02-23,1075.249755859375,1089.9696221846223,1072.5096827529123,1087.5012562225045,7310110
2022-02-24,1021.6694946289062,1059.7826496121124,1016.0760175444686,1043.9757157841186,24846650
2022-02-25,1034.4420166015625,1045.3119804850721,1030.954508957098,1032.698202879161,14570089
2022-02-28,1068.6824951171875,1072.2152872381166,1015.894992677199,1015.894992677199,21297446
2022-03-02,1086.3463134765625,1087.4560239699686,1054.9364629191114,1057.3142599474093,21471786
2022-03-03,1077.1746826171875,1093.7288113845136,1073.4381104672327,1087.002981514595,10186748
2022-03-04,1053.2830810546875,1070.8335860948832,1050.9279268642877,1065.7155972771368,10805667
2022-03-07,1014.3323974609375,1047.1915918601796,1006.3836454479082,1032.0640445664155,17983310
2022-03-08,1012.498046875,1017.253760796074,987.3611211647836,1001.6280233273343,21289374
2022-03-09,1066.214111328125,1072.0567736389658,1011.8865764630572,1012.724579802494,20414228
2022-03-10,1083.4927978515625,1089.267532756051,1068.8862634347242,1087.0029472759036,17980493
2022-03-11,1086.617919921875,1091.9850941858494,1076.1555181267943,1076.1555181267943,12257423
2022-03-14,1095.54052734375,1098.0542977910961,1075.2271823953638,1081.0698447752459,8340678
2022-03-15,1070.4488525390625,1099.6620420875429,1060.2128731362302,1099.6620420875429,15925769
2022-03-16,1088.520263671875,1090.5810688907009,1076.6311594559988,1078.8504605069668,11149828
2022-03-17,1124.0064697265625,1131.1172183134404,1093.8420644373464,1101.8361008572806,21422098
2022-03-21,1117.5296630859375,1125.0480919172617,1104.6668219311773,1106.9314074851866,11999466
2022-03-22,1146.4031982421875,1148.124249688356,1111.2794206216663,1114.2232739689239,22557065
2022-03-23,1150.049072265625,1161.6664689349448,1142.7119015169374,1142.7119015169374,15462187
2022-03-24,1167.9166259765625,1170.407753742212,1136.823891628139,1136.823891628139,13168266
2022-03-25,1175.7069091796875,1184.8331776508987,1167.169339474114,1169.6604672992412,14222488
2022-03-28,1187.5281982421875,1191.0608703717303,1171.472198621402,1182.1157391354113,9891424
2022-03-29,1187.7999267578125,1194.7974641560254,1180.9382429362058,1194.7974641560254,8684065
2022-03-30,1210.626953125,1217.4433519238278,1185.3314742474283,1195.6580225208536,15811550
2022-03-31,1193.325439453125,1209.1550162306944,1190.5400818204482,1207.0036419353132,13223718
2022-04-01,1202.882080078125,1207.094259791017,1187.55087204633,1193.8916640782966,7922880
2022-04-04,1206.4375,1211.555489970758,1196.45070474843,1202.7009276541294,7929162
2022-04-05,1189.385009765625,1209.2455069018179,1186.9619284827404,1200.7305793203723,13149870
2022-04-06,1186.214599609375,1193.2121362457021,1171.7439190700502,1171.7439190700502,12257215
2022-04-07,1165.2899169921875,1180.3041331292436,1162.6402930619627,1175.3672812713683,15496499
2022-04-08,1184.6746826171875,1188.909504082465,1159.4697737682463,1159.4697737682463,15152495
2022-04-11,1182.206298828125,1195.0464967892808,1169.886872844364,1177.5864392090166,9254209
2022-04-12,1159.9454345703125,1178.7641486995603,1157.3863798447205,1171.698565177911,13217742
2022-04-13,1155.68798828125,1174.2349955581562,1152.9025109003892,1166.0371790472568,10354235
2022-04-18,1152.1552734375,1159.3793533809223,1142.1684779905993,1147.2411835351893,9974224
2022-04-19,1196.065673828125,1208.385101413979,1155.4163428280708,1158.564096562945,26141820
2022-04-20,1231.234619140625,1238.2775602010167,1199.8247720277507,1203.4481327307994,25072240
2022-04-21,1260.06298828125,1263.1880996959114,1237.3717275306717,1245.9319403276972,21708633
2022-04-22,1249.510009765625,1269.0760391912017,1242.8973909745034,1249.5552942902013,15054154
2022-04-25,1220.61376953125,1249.3287095526507,1206.414795351199,1242.0821076628993,17063215
2022-04-26,1257.1414794921875,1265.9054714118893,1226.3657374070801,1227.4074011312523,12227666
2022-04-27,1258.3646240234375,1280.851985416539,1247.811532355269,1248.1739283672139,19338945
2022-04-28,1277.1605224609375,1291.2689267231667,1261.874481071713,1272.676636154816,25614076
2022-04-29,1263.75439453125,1293.6016912062303,1257.8890896131295,1293.6016912062303,18214862
2022-05-02,1259.315673828125,1270.6612443033114,1249.1702630612974,1250.9593611931234,9467006
2022-05-04,1220.0023193359375,1263.6410258882418,1212.1442565160846,1261.3764403153348,19247660
2022-05-05,1196.11083984375,1236.4658174286478,1192.079918457506,1233.5218443509423,17210669
2022-05-06,1186.9393310546875,1204.3087009820067,1174.6651887519583,1183.112189870724,19649948
2022-05-09,1140.583251953125,1176.2732081933118,1135.4652620079833,1166.2410086662385,18083752
2022-05-10,1120.813232421875,1144.3423749690376,1113.2721615832613,1130.0301899582084,19511677
2022-05-11,1109.331787109375,1125.4783543216395,1096.9444341111473,1119.9073998813726,16643899
2022-05-12,1086.731201171875,1102.7870793042052,1073.4153958980505,1099.4581878859078,20490321
2022-05-13,1099.0506591796875,1122.3306194635952,1093.9553113783713,1098.7789520224087,19308778
2022-05-16,1099.322509765625,1123.689419002713,1094.544153545097,1102.60611718799,13437911
2022-05-17,1145.497314453125,1150.366239393939,1101.496331090796,1102.9003909379085,16551828
2022-05-18,1149.6641845703125,1163.9990123371506,1136.0313867118257,1150.2530031709177,17276788
2022-05-19,1123.16845703125,1137.956250241304,1116.918234266966,1125.0481241931686,14699118
2022-05-20,1188.660400390625,1197.6961004424857,1133.2006360812218,1137.956229855782,21793091
2022-05-23,1180.7117919921875,1201.8403770570499,1174.4161648907582,1191.8534622113486,15252755
2022-05-24,1184.7652587890625,1194.7973375363194,1176.5448004718992,1180.7569797022973,13527818
2022-05-25,1183.021728515625,1203.2671466893,1178.2660145793059,1193.4388469280666,12714544
2022-05-26,1171.7440185546875,1193.3934954511844,1154.0348942869591,1188.637781781663,17882023
2022-05-27,1166.308837890625,1179.9189929679753,1150.4567396045152,1174.4387272800036,16521973
2022-05-30,1206.935546875,1211.1023215122134,1174.9595259097239,1184.3801432114667,13853398
2022-05-31,1192.37451171875,1213.2766769254029,1184.697585806112,1196.3375071337728,70620653
2022-06-01,1192.75927734375,1202.587575606305,1184.9237375655662,1193.1215535044294,9776989
2022-06-02,1233.88427734375,1237.5755649319342,1192.98576447725,1192.98576447725,22126569
2022-06-03,1258.88525390625,1276.0282006397301,1241.9008029974498,1242.806733024834,23939791
2022-06-06,1253.4730224609375,1274.5110388345443,1246.3395117355965,1259.1119042533815,11093152
2022-06-07,1255.8282470703125,1264.1392757142605,1246.452912224144,1254.5373984290559,12358255
2022-06-08,1233.7711181640625,1259.564728048269,1230.260968517713,1255.8281557796806,12479250
2022-06-09,1267.60400390625,1269.5288357275542,1227.4075206691546,1227.4075206691546,17278305
2022-06-10,1229.3326416015625,1263.5958986630922,1223.5579057416696,1255.443365625697,18093057
2022-06-13,1206.0750732421875,1210.558959942895,1184.9691305419672,1200.2325310142617,17620803
2022-06-14,1190.3135986328125,1210.1288135182253,1183.6783373201108,1200.2552293704455,14714312
2022-06-15,1175.9107666015625,1194.4804162045639,1170.5210697144335,1185.5352852287417,11195535
2022-06-16,1159.4698486328125,1204.331357067944,1156.752298028243,1188.0036507794862,17111475
2022-06-17,1173.0572509765625,1188.8414216894157,1157.7034029954712,1159.4697388409886,24457187
2022-06-20,1151.7928466796875,1185.3314250139977,1141.8512172581657,1179.8510396489687,12066797
2022-06-21,1170.3851318359375,1174.597191210546,1145.1122963870148,1159.4697654774316,11720049
2022-06-22,1134.831298828125,1158.7000801408756,1132.7478510128988,1158.6095110793892,10617206
2022-06-23,1116.419921875,1143.6177098347453,1107.3842221697334,1139.1111811125647,19446323
2022-06-24,1132.3175048828125,1137.2768791745684,1117.8014186070498,1123.2365200121847,14240234
2022-06-27,1128.9656982421875,1152.6533352328772,1123.9382780429507,1152.6533352328772,15474529
2022-06-28,1144.840576171875,1147.67133814574,1124.187598454475,1124.187598454475,13572847
2022-06-29,1168.59619140625,1176.2279518820312,1132.7477384681235,1135.555858296585,19205146
2022-06-30,1175.616455078125,1184.7880089664673,1162.1874370508547,1168.5282289340553,23112959
2022-07-01,1090.943359375,1173.9631898181497,1071.150907551117,1166.2183382001654,81997149
2022-07-04,1093.2080078125,1106.025565464495,1071.6490989100685,1077.4691189892487,41857728
2022-07-05,1102.0625,1116.3973279805082,1094.7478514073186,1097.42011751126,17647327
2022-07-06,1092.3699951171875,1106.0027924376789,1081.5679595799388,1096.106567126978,23943726
2022-07-07,1081.61328125,1102.0624779330788,1075.6800503518655,1098.7335863010783,23301033
2022-07-08,1083.10791015625,1095.155510044553,1079.0995110804106,1095.155510044553,19010108
2022-07-11,1097.827880859375,1100.0470622923701,1073.4155672927277,1076.3595407614398,13847467
2022-07-12,1096.2650146484375,1104.9837222205626,1088.8145132177926,1088.8145132177926,10778989
2022-07-13,1076.8349609375,1102.4022679488555,1074.7742754785731,1099.3677256155834,14224132
2022-07-14,1085.7122802734375,1102.3797424093775,1076.5633677805536,1081.568146854285,16970315
2022-07-15,1087.818359375,1093.7968755659167,1079.348834704648,1093.7968755659167,9603210
2022-07-18,1097.0804443359375,1098.3258884954794,1083.5154537448523,1096.5142680086967,15160908
2022-07-19,1103.806396484375,1108.2902834767385,1087.1389350761635,1087.1389350761635,16439888
2022-07-20,1133.653564453125,1151.5438277746334,1126.0672081991272,1150.4115948025603,23924246
2022-07-21,1126.0897216796875,1132.2947793542016,1117.484344754926,1129.5772288514759,16523230
2022-07-22,1133.6988525390625,1139.6773678755283,1130.030207237111,1132.2947927493988,10969995
2022-07-25,1096.242431640625,1117.5522733397709,1088.361726850526,1117.5522733397709,23110452
2022-07-26,1096.7406005859375,1106.8860099199687,1092.1435031628123,1096.5594625121937,11303288
2022-07-27,1095.6990966796875,1099.2317688342157,1087.908840568981,1096.0387306174957,8655086
2022-07-28,1112.86474609375,1117.7788361232904,1096.5143960795697,1103.3081533989875,12496073
2022-07-29,1136.574951171875,1140.0398166483674,1115.9898980948155,1120.8360615086551,15130683
2022-08-01,1166.1956787109375,1172.038340631328,1135.7369249153332,1140.9681259695833,15700044
2022-08-02,1170.6343994140625,1181.1194448466035,1160.1719962455124,1165.1314906618964,13917913
2022-08-03,1180.4625244140625,1182.11564904104,1162.8440902328596,1177.586478112168,14250977
2022-08-04,1164.8594970703125,1185.6258045890304,1148.1468730281574,1182.1156551708407,14467127
2022-08-05,1147.6939697265625,1167.9846710602349,1144.5009315875282,1166.7165845896059,13942438
2022-08-08,1162.708251953125,1170.1361123075012,1146.3352600049257,1146.3352600049257,10165178
2022-08-10,1169.6605224609375,1173.0120563323646,1158.1336946618562,1167.1241099957583,10724688
2022-08-11,1173.5556640625,1182.0704726435374,1168.618812190309,1178.990645714219,8198226
2022-08-12,1192.5328369140625,1196.3146936661199,1169.5247047340195,1173.193230375856,12650587
2022-08-16,1200.8211669921875,1203.5387175050762,1189.9512045412775,1198.511296976361,6607378
2022-08-17,1207.09423828125,1212.4160085847718,1202.746205068067,1207.0263114935751,6595965
2022-08-18,1209.2833251953125,1212.7820913718717,1199.6955520359063,1208.6925853891362,7410035
2022-08-19,1187.7222900390625,1209.4651218570536,1183.6780959173184,1204.148703686966,9460724
2022-08-22,1184.4278564453125,1195.6514326976853,1175.0673642837935,1189.1536549981986,9471680
2022-08-23,1202.694580078125,1205.6027266806439,1177.4982950302235,1178.7024907985585,9678484
2022-08-24,1199.490966796875,1213.2365143204822,1197.4917062121833,1199.6500999587201,10369622
2022-08-25,1195.9921875,1210.0102083418858,1191.6981161929027,1203.671444195302,7871946
2022-08-26,1189.60791015625,1204.148643044039,1184.6096383933834,1196.4238336256965,10742038
2022-08-29,1180.3609619140625,1206.4205794013706,1171.4547933496005,1174.6128173581192,19838975
2022-08-30,1198.6729736328125,1201.990130578996,1170.795826558723,1187.790261371782,23139054
2022-09-01,1163.4345703125,1183.6778930178739,1159.026918701398,1173.54493369258,19909939
2022-09-02,1149.8482666015625,1170.2278880627014,1147.6671567250864,1163.4346809089884,12999345
2022-09-05,1167.7060546875,1173.0224725362493,1150.0754462865928,1150.0754462865928,11327815
2022-09-06,1179.997314453125,1184.1550886922698,1168.705591439244,1169.1600343727337,10899618
2022-09-07,1173.135986328125,1179.1112920563703,1167.7968526449285,1170.0688269822717,7488501
2022-09-08,1174.7945556640625,1180.519984126391,1168.2513462113554,1176.0896159479148,7057077
2022-09-09,1167.4788818359375,1185.9727033347192,1165.0704903678632,1185.9727033347192,8314850
2022-09-12,1180.5426025390625,1186.8814864106484,1168.04668408102,1168.04668408102,7435419
2022-09-13,1190.4031982421875,1194.9244314739492,1181.8833232158256,1189.608013111493,8888657
2022-09-14,1176.135009765625,1185.9726599528265,1169.046493026583,1170.0688394223355,8678219
2022-09-15,1164.4798583984375,1183.041828116281,1161.776157155841,1173.7040529111878,10365600
2022-09-16,1135.625732421875,1160.0722649582217,1131.899684568862,1155.8690579820689,20217708
2022-09-19,1137.1024169921875,1146.3038949822844,1127.5146444730447,1135.6256276709717,7580254
2022-09-20,1137.2841796875,1153.119972213298,1133.5808482063046,1146.1903481529216,8411448
2022-09-21,1140.4195556640625,1150.9842421176709,1133.7172134827065,1134.512398474311,9207309
2022-09-22,1129.673095703125,1137.3523524884633,1123.3116153435435,1129.6276634257686,10308170
2022-09-23,1108.498291015625,1134.1488981287762,1106.9533532004177,1129.1733426023927,9528051
2022-09-26,1080.257568359375,1098.6379294477279,1079.257938059937,1087.845960638479,12479523
2022-09-27,1088.8455810546875,1102.3638454814661,1072.4191704410875,1087.8231145473603,16154822
2022-09-28,1059.855224609375,1080.5529923156532,1057.4242371952328,1072.5328732525227,16997059
2022-09-29,1056.6064453125,1075.7818731361092,1051.017313085339,1072.3739712142797,14671827
2022-09-30,1080.4393310546875,1091.458340177691,1050.108360317172,1050.108360317172,18613024
2022-10-03,1076.6905517578125,1098.251530811662,1073.7369732258553,1086.687214378407,11852723
2022-10-04,1096.547607421875,1098.7287171700252,1086.0737854797874,1089.5499554327275,8948850
2022-10-06,1100.5916748046875,1113.269322563035,1098.7968595905177,1103.7271026820092,13352162
2022-10-07,1105.2493896484375,1110.4976589700225,1097.2065545320427,1097.2065545320427,7714340
2022-10-10,1093.1851806640625,1098.547030597458,1085.0969133921378,1092.8216022630288,6329527
2022-10-11,1071.4195556640625,1096.911150105876,1068.329679997323,1096.911150105876,9215177
2022-10-12,1079.3033447265625,1082.2342073300697,1064.6944639855953,1068.7386577474495,7417103
2022-10-13,1082.7340087890625,1087.8231445652352,1072.419200033899,1077.5538882747444,7328492
2022-10-14,1077.23583984375,1097.9790399185752,1076.5088032110611,1097.3655839798673,9106089
2022-10-17,1094.5255126953125,1096.911067683068,1064.9216983657,1070.1018190034106,16729355
2022-10-18,1113.83740234375,1119.1765361724479,1099.7056807153497,1100.5462980220425,12415820
2022-10-19,1133.2174072265625,1148.6441893082867,1109.497912475689,1115.3142054707246,19247142
2022-10-20,1136.2618408203125,1144.6227018334394,1129.173323936751,1129.173323936751,8717053
2022-10-21,1123.084228515625,1143.6229813098248,1120.994103570685,1139.4879233106462,8243452
2022-10-24,1126.8331298828125,1137.1252236758137,1115.6778227953112,1117.8133802746593,3370033
2022-10-25,1109.4298095703125,1135.5348605120162,1107.8167232856267,1135.5348605120162,12233241
2022-10-27,1113.7918701171875,1121.6529753517277,1105.4537260220727,1116.90446154382,12513059
2022-10-28,1147.87158203125,1151.8929390234955,1117.5633290375395,1120.085180684718,17609592
2022-10-31,1158.5272216796875,1163.6846262416873,1150.62068370947,1154.6194450652783,12419943
2022-11-01,1149.5528564453125,1181.428644108962,1139.6243422706675,1181.428644108962,13963166
2022-11-02,1156.7322998046875,1158.7998289194838,1142.8051438822936,1150.666129478395,8981896
2022-11-03,1161.049072265625,1163.048452941367,1147.3717940343818,1149.5529038103175,6693449
2022-11-04,1178.134521484375,1181.4288426079638,1159.2089717466056,1160.4811958004998,12575815
2022-11-07,1184.4278564453125,1186.1092114125374,1169.614649236392,1177.3393389028124,11789748
2022-11-09,1183.2464599609375,1191.4028762322173,1176.9075752515669,1186.109174333478,11254205
2022-11-10,1168.9329833984375,1179.8611290593667,1164.616195791804,1176.8848340514855,5966242
2022-11-11,1195.878662109375,1197.787058206641,1175.9760787775724,1181.428793587036,12310132
2022-11-14,1190.0849609375,1200.5133505404451,1183.7687931045677,1195.4013783558953,9043112
2022-11-15,1184.7459716796875,1193.4248592098502,1176.8848651845096,1191.561895358841,7086433
2022-11-16,1177.9527587890625,1188.6764594316192,1172.954366703904,1185.9727580356148,9716161
2022-11-17,1180.9970703125,1187.3358341262497,1172.3407797375921,1174.5900378958909,6661451
2022-11-18,1180.3609619140625,1185.518366679259,1168.2967693410817,1184.495900066872,5303197
2022-11-21,1159.117919921875,1175.9759375856167,1155.5736016352212,1175.9759375856167,6390268
2022-11-22,1165.547607421875,1167.1152613187112,1152.5746494360667,1156.4369938334312,6611488
2022-11-23,1161.9124755859375,1171.3866679891707,1159.7313656787815,1170.0688915510787,6413408
2022-11-24,1171.931884765625,1178.702375351731,1157.8910283853108,1165.9792953074673,9389439
2022-11-25,1189.4261474609375,1192.7431844497548,1173.295044904841,1176.430472976704,7349922
2022-11-28,1230.2989501953125,1236.4332684225644,1136.8978915395971,1185.472802558626,31527484
2022-11-29,1232.411865234375,1241.2498849313702,1224.141869160624,1228.6631016268889,11058913
2022-11-30,1241.113525390625,1247.5205575011094,1226.0503233100228,1232.548219965042,26164986
2022-12-01,1237.45556640625,1251.8598796480708,1234.1385299270664,1245.8618584705512,9485801
2022-12-02,1236.93310546875,1248.6792715763747,1227.1408877532265,1240.5001400003844,11589592
2022-12-05,1218.8936767578125,1234.4794719283639,1216.871700030192,1232.3210781772725,14828536
2022-12-06,1222.415283203125,1225.5051588426245,1209.146894711336,1211.0099786652759,8594245
2022-12-07,1204.375732421875,1224.5963402295367,1200.5815364526634,1220.0523915216042,8462111
2022-12-08,1203.8077392578125,1210.9645247591304,1199.6500849785011,1208.6925503476532,7757008
2022-12-09,1185.5638427734375,1208.6925984914808,1182.2694016212881,1202.3309977712286,12655763
2022-12-12,1187.3814697265625,1191.8799868134809,1174.6129551725182,1174.840236774831,9479842
2022-12-13,1192.7886962890625,1196.4237590933476,1184.473147579326,1187.381293975718,8333348
2022-12-14,1188.471923828125,1199.127475241392,1186.4271108317469,1198.5367354613884,7268947
2022-12-15,1171.591064453125,1188.244637773301,1168.2513114103942,1182.564761948623,8688551
2022-12-16,1165.7974853515625,1189.9714223850988,1162.412300039899,1168.2513090093973,15837349
2022-12-19,1181.1107177734375,1183.2463953663826,1166.2973916450521,1172.7952889779006,7729933
2022-12-20,1191.3345947265625,1193.242990634255,1165.9792991040035,1174.1129983269077,7467588
2022-12-21,1174.3856201171875,1196.4237592798247,1170.5687080191292,1190.9710448813423,8527550
2022-12-22,1171.34130859375,1183.5417989966502,1166.3202002479723,1180.5200715713056,7451122
2022-12-23,1136.989013671875,1177.1122091165366,1132.4677804528467,1164.7525851270543,10257115
2022-12-26,1146.9173583984375,1155.0737739248264,1132.5357596211306,1142.6915558359974,5990242
2022-12-27,1156.3006591796875,1158.1636228081527,1142.9186909584178,1149.6210331376262,5763271
2022-12-28,1156.1871337890625,1158.6181211536698,1145.7587436629801,1153.2562711921107,7459393
2022-12-29,1155.66455078125,1158.209118855438,1147.5762834083114,1148.2578877514563,6930648
2022-12-30,1157.4366455078125,1170.97762738263,1154.6649160603042,1156.4824475075623,7289476
2023-01-02,1170.4779052734375,1171.8865462707408,1157.8911210447166,1158.7090222381169,5316175
2023-01-03,1161.9124755859375,1169.160125804233,1157.7093889350726,1165.5476587645308,7658932
2023-01-04,1144.418212890625,1163.7300547153022,1142.3506838068283,1161.8896870062515,9264891
2023-01-05,1142.3734130859375,1152.5292093307505,1137.8067482537933,1146.6674842652508,13637099
2023-01-06,1152.75634765625,1157.7774553339088,1144.3046224842542,1148.0988183662998,6349597
2023-01-09,1179.9747314453125,1182.3376907366148,1155.6873320113693,1156.57338165,10722753
2023-01-10,1162.52587890625,1184.155127696438,1156.891435377878,1184.155127696438,8047142
2023-01-11,1147.87158203125,1162.344044167369,1145.5767715508584,1159.8449086559888,11509553
2023-01-12,1123.084228515625,1150.7569299071174,1120.0852177263125,1147.280880250268,17688773
2023-01-13,1121.2667236328125,1123.6749947373953,1106.2716693328798,1117.0862332620186,20618583
2023-01-16,1110.5885009765625,1126.7421991055548,1102.8182596793808,1123.584175159578,13623855
2023-01-17,1126.3560791015625,1128.2644751675343,1113.5421334042796,1116.9046027544262,10751000
2023-01-18,1124.492919921875,1131.9450149571076,1117.9724269094495,1123.947732620178,13448286
2023-01-19,1123.288818359375,1127.4237562572607,1116.2910462380278,1123.674992689111,11940054
2023-01-20,1109.9295654296875,1124.6291897175156,1107.4758620574123,1124.6291897175156,14930286
2023-01-23,1104.3177490234375,1120.6305800710875,1101.9094778576764,1112.8150268033937,10954118
2023-01-24,1097.7972412109375,1110.3839043654414,1084.8014472016187,1108.7253859560433,16488755
2023-01-25,1082.620361328125,1097.2292417944516,1081.4617181061994,1096.2068953996695,12385018
2023-01-27,1062.081787109375,1084.8015319770323,1050.403768536496,1083.4611595770739,25830975
2023-01-30,1072.26025390625,1077.781116815708,1045.564464693845,1059.5144571522903,21772103
2023-01-31,1069.579345703125,1084.9379802131518,1063.7403362487162,1082.3705756526113,22691594
2023-02-01,1063.2406005859375,1081.4391134749721,1047.382090519888,1081.4391134749721,19347800
2023-02-02,1057.3560791015625,1066.9210156997124,1050.1084290116537,1053.2891691648742,13662663
2023-02-03,1058.2874755859375,1067.3753725425988,1041.929212987467,1067.3753725425988,24699575
2023-02-06,1050.3128662109375,1054.6523697762398,1047.7455820077842,1051.9259524136774,14837879
2023-02-07,1047.7911376953125,1057.5606408068884,1041.9294117901225,1050.5629876609778,15135435
2023-02-08,1068.7158203125,1072.3282868457381,1048.2907691504893,1051.0170660088015,21160332
2023-02-09,1070.5789794921875,1077.3040386110727,1060.559599329042,1069.3976200283605,13172763
2023-02-10,1061.763671875,1070.0563840638993,1054.7886158361225,1070.0563840638993,10790445
2023-02-13,1055.7200927734375,1067.8297155368534,1051.2670092584597,1063.3766320218756,10352493
2023-02-14,1080.5985107421875,1082.3251778031881,1055.8566674193971,1058.7193818882063,14321920
2023-02-15,1105.0675048828125,1107.4531801088635,1078.2809718116707,1079.6440602664363,33503591
2023-02-16,1104.2042236328125,1119.5401413378127,1101.9322491792432,1113.019527781497,17264487
2023-02-17,1108.8162841796875,1112.1334412904273,1095.3661670147737,1099.6375221146495,11809520
2023-02-20,1097.093017578125,1113.1558521216361,1095.1390690194628,1110.9974583087273,8836937
2023-02-21,1106.0445556640625,1111.8152960708703,1096.161352929149,1101.4551746278107,13311592
2023-02-22,1080.9617919921875,1104.181409716533,1079.2124090771258,1102.34116225432,11024335
2023-02-23,1075.7816162109375,1088.1639533747034,1072.987170955967,1080.5528460297141,9851910
2023-02-24,1083.1429443359375,1088.800224148405,1076.0089953829322,1077.8265267799054,9434053
2023-02-27,1075.9407958984375,1085.8467152410444,1068.6024012348664,1082.3705449963543,11199715
2023-02-28,1055.3565673828125,1075.5544571553608,1051.3124942776465,1070.601498241021,21994038
2023-03-01,1065.0579833984375,1065.7850199744744,1055.6746563210354,1065.1034156724897,11551145
2023-03-02,1056.9471435546875,1068.57973034707,1054.925046511839,1061.9228195758383,9333535
2023-03-03,1083.9154052734375,1087.5733043694927,1063.9902277008234,1067.443561368033,14643807
2023-03-06,1094.5028076171875,1101.7277412564927,1090.5495987349282,1090.5495987349282,10171916
2023-03-08,1098.4334716796875,1099.1832244435238,1083.7337262043,1094.5028585607813,15782657
2023-03-09,1072.0330810546875,1098.2289976932168,1070.1474010143947,1097.8201071650074,16235128
2023-03-10,1055.4248046875,1065.1034417835135,1051.9486346812796,1063.967514713159,13334091
2023-03-13,1038.06689453125,1065.1034247048499,1033.750107312473,1058.287501818403,12771592
2023-03-14,1034.181884765625,1047.3592882483779,1031.0465769110588,1036.0221323528851,16027522
2023-03-15,1016.5057373046875,1044.3374508988734,1012.1208019221261,1037.8851067638673,21728555
2023-03-16,1011.4392700195312,1024.2077825786946,1000.6701381392561,1019.2095111682803,18363159
2023-03-17,1010.1670532226562,1023.2763079373278,1005.4413153341551,1020.0047033408911,34014213
2023-03-20,1000.238525390625,1008.7584596340857,990.5826039210764,1006.4864851819102,19524589
2023-03-21,1031.341796875,1033.2957451749278,1007.3951430408976,1008.2811925498517,21400360
2023-03-22,1034.477294921875,1041.2250703817986,1031.4782836063534,1038.2942074878824,10920094
2023-03-23,1021.3906860351562,1031.4327819622354,1019.2322922558061,1030.5694484887376,16249370
2023-03-24,1001.1699829101562,1022.3902814688943,998.7617116838695,1020.231887763167,12375945
2023-03-27,1016.7330322265625,1024.2078438429432,999.7614322476102,1007.6224783212151,14054323
2023-03-28,1021.4815673828125,1025.3439120336418,1016.4831753805086,1020.1183586375283,12576424
2023-03-29,1015.4381103515625,1020.0274916428302,1004.71434981678,1017.391938716083,18804065
2023-03-31,1059.218994140625,1064.8535577563764,1024.5259234682055,1024.6622202928697,28171201
2023-04-03,1059.4007568359375,1067.3754434349298,1051.9259454677697,1065.5579119993613,10293043
2023-04-05,1056.856201171875,1066.9210129823457,1048.995215362799,1066.9210129823457,16262928
2023-04-06,1063.9447021484375,1069.6474143387793,1053.3572991214214,1053.3572991214214,18435046
2023-04-10,1056.401611328125,1068.0114795112463,1054.9021060177815,1067.8297504290695,12961408
2023-04-11,1061.6273193359375,1063.7402807994256,1056.0383079017138,1060.559540630498,10542367
2023-04-12,1066.3077392578125,1075.9181086673711,1058.7647789480902,1061.6273731304518,18179087
2023-04-13,1070.3289794921875,1075.0092249147228,1064.1946609026813,1069.1929322468407,12378208
2023-04-17,1075.759033203125,1101.8867990924884,1067.3981721567704,1101.8867990924884,17929479
2023-04-18,1063.4449462890625,1080.0985197030036,1056.9243329412964,1080.0985197030036,10405576
2023-04-19,1068.73876953125,1071.4196347028246,1059.7417355351329,1062.8543275704733,12273475
2023-04-20,1066.0347900390625,1071.91923046536,1059.6960269180327,1069.692688687604,7007330
2023-04-21,1067.3753662109375,1072.828080314349,1061.6499382780762,1068.1251189073266,7647317
2023-04-24,1071.465087890625,1081.8706418346944,1066.9210188410907,1079.1897769115358,12936186
2023-04-25,1079.666748046875,1081.7342770992536,1068.0569991057368,1075.1000833366595,9236126
2023-04-26,1073.328125,1084.2336751201349,1069.6702254865136,1081.0073822687018,8617834
2023-04-27,1080.121337890625,1083.2793621459462,1074.1914637637067,1079.1898559504257,9167125
2023-04-28,1099.86474609375,1101.4098041424304,1082.256973708253,1082.3705544049471,15565210
2023-05-02,1109.2025146484375,1111.3609082117491,1103.3180737047812,1106.9986888116582,12981805
2023-05-03,1099.6829833984375,1110.9974233118683,1096.4795270846325,1110.9974233118683,7061872
2023-05-04,1112.360595703125,1114.564421653396,1097.1838117593734,1100.1601065895743,8635233
2023-05-05,1109.5206298828125,1118.4267984938415,1106.9079133744922,1109.1798878043744,8746585
2023-05-08,1123.220703125,1128.5598368262858,1110.6112034431017,1113.269352129285,9153782
2023-05-09,1126.69677734375,1129.9912183396398,1119.290114376559,1124.6292481933926,6464721
2023-05-10,1134.4442138671875,1135.9210031175069,1127.4464419348942,1131.4452030936898,10872255
2023-05-11,1127.03759765625,1140.3058651251242,1125.3335267806174,1135.51203899488,10557860
2023-05-12,1128.8778076171875,1130.2637323324755,1116.2228762779578,1122.2663301444138,6955341
2023-05-15,1131.104248046875,1138.0564669446687,1123.788450804842,1131.3996779874171,6833343
2023-05-16,1114.9962158203125,1135.8074445597895,1113.3375770795326,1133.2628763872494,8717229
2023-05-17,1108.4073486328125,1120.0852459817609,1103.7271032383842,1119.1764803056624,8798967
2023-05-18,1106.02197265625,1116.4503639599598,1102.8865442699205,1113.0650580248443,10525531
2023-05-19,1109.6114501953125,1111.4291017814717,1099.1149119209986,1106.0218196807168,8050447
2023-05-22,1115.5413818359375,1120.5397737195674,1105.2494084549478,1106.4534840047638,7434906
2023-05-23,1115.3369140625,1121.4485168171577,1113.9282731003457,1118.1087637100431,6092034
2023-05-24,1108.8389892578125,1119.630957590089,1105.749113749558,1111.4063935962217,8112254
2023-05-25,1108.7027587890625,1112.8151011277312,1097.8427615845399,1105.9537453747698,11487863
2023-05-26,1138.9427490234375,1140.0786760550607,1113.6101699812016,1116.9044905832286,12626260
2023-05-29,1145.3497314453125,1149.6210865747194,1139.2608448772517,1145.5314605509366,10010304
2023-05-30,1145.0543212890625,1153.1198717474913,1142.50963326853,1145.3496310598186,11342504
2023-05-31,1122.3118896484375,1140.4650896335454,1118.2678159183406,1135.9892890678166,27107927
2023-06-01,1119.2900390625,1129.1278089205925,1116.9044841377781,1126.9694153626442,14592692
2023-06-02,1115.6322021484375,1128.1962696801756,1113.7238061790024,1122.8117036497752,15800644
2023-06-05,1125.6517333984375,1128.6053121788445,1117.1090229973545,1121.085068396339,10908682
2023-06-06,1126.6058349609375,1130.4000307352399,1118.7221336360576,1128.4689187387335,7493309
2023-06-07,1135.148681640625,1135.9892989888378,1123.5388113588674,1130.0821412207565,10312545
2023-06-08,1135.8302001953125,1143.6458744813403,1131.8997070078415,1138.7156307485393,12071109
2023-06-09,1127.787353515625,1139.874261684162,1125.9924180855612,1139.1699412328312,5877018
2023-06-12,1128.7869873046875,1131.0816777652867,1120.0852643496842,1124.8564945620458,6391969
2023-06-13,1145.46337890625,1146.6448585440896,1129.741286337972,1133.7173319025067,11248016
2023-06-14,1159.549560546875,1160.9809175855808,1143.7138887627082,1145.5314201372407,13277380
2023-06-15,1159.86767578125,1164.4116242878063,1152.1201510303479,1159.5268135380984,11813494
2023-06-16,1171.1595458984375,1173.431520437393,1163.3438717544047,1163.3438717544047,24171579
2023-06-19,1159.52685546875,1174.1584519189826,1155.3692013285906,1174.1584519189826,6798554
2023-06-20,1161.9351806640625,1165.070488566,1151.893084884151,1157.5957972211602,6921096
2023-06-21,1165.2069091796875,1167.728761153971,1157.800246036839,1161.889751966922,6961603
2023-06-22,1152.1202392578125,1169.296404389101,1150.52986917785,1161.4354185434336,7619166
2023-06-23,1142.6915283203125,1151.1659695700039,1141.441900396204,1149.1211566554268,6628570
2023-06-26,1133.96728515625,1142.9870354453747,1130.8546930683367,1139.1701227938759,12641159
2023-06-27,1134.3760986328125,1140.3058517527372,1129.9230146151945,1134.4215309070003,9689466
2023-06-28,1149.3939208984375,1153.1881169201986,1135.0122016455275,1141.896393407388,11354006
2023-06-30,1158.8226318359375,1161.7307784588775,1151.1888070463274,1157.0732487107562,11151555
2023-07-03,1188.5628662109375,1191.425580555085,1161.1400387375704,1162.3669506539804,12154387
2023-07-04,1176.31689453125,1192.7887391966194,1169.2736896643748,1192.7887391966194,8061643
2023-07-05,1174.3856201171875,1185.5183304828597,1170.432411192628,1185.5183304828597,10248062
2023-07-06,1199.0367431640625,1201.626743759331,1170.5461356600117,1170.5461356600117,19117987
2023-07-07,1196.696533203125,1210.9418359205672,1194.1518448825288,1197.332705283274,13375267
2023-07-10,1242.794921875,1252.3145466417043,1215.5085119378625,1221.8245601360636,33240016
2023-07-11,1256.2677001953125,1258.6759714064597,1243.9536302912918,1250.9058502676546,20069348
2023-07-12,1257.6536865234375,1273.2167658916628,1254.8818367760516,1256.9947982953927,18733835
2023-07-13,1246.4072265625,1271.8533855353082,1243.7945103332902,1264.9920307015198,14682934
2023-07-14,1245.3623046875,1254.5410670168455,1238.2736675009803,1249.5881074417618,15124144
2023-07-17,1270.8084716796875,1279.1466167196916,1239.5914489485467,1248.225023984058,22220040
2023-07-18,1281.6002197265625,1289.3249082218795,1269.1270172578058,1280.0325658904894,25867313
2023-07-19,1291.324462890625,1297.7542122517561,1270.9448400838094,1285.9398963552078,39122156
2023-07-20,1289.760498046875,1295.224991076979,1270.1421687973038,1270.1421687973038,38717624
2023-07-21,1249.834716796875,1287.3235564344566,1242.3763715855305,1284.4190157057792,30249238
2023-07-24,1224.5548095703125,1238.117785416934,1215.6441946530279,1221.4041174807796,23727866
2023-07-25,1223.767333984375,1233.3179681079685,1220.9119513502328,1227.8041962368873,12026020
2023-07-26,1243.65625,1253.8961800235134,1223.3733833366434,1223.3733833366434,12911012
2023-07-27,1232.0872802734375,1249.2932542715916,1226.0074074454076,1247.521034743089,17226898
2023-07-28,1244.4686279296875,1251.853175548335,1231.0287272255082,1236.6902137331379,20827852
2023-07-31,1255.00390625,1257.2930680054526,1239.594792375287,1244.4686660676819,8551174
2023-08-01,1237.25634765625,1259.803857697837,1233.3672005487501,1257.8346449464532,9536632
2023-08-02,1224.0379638671875,1236.665491369381,1212.8380673987745,1235.2870185350293,12748214
2023-08-03,1218.8934326171875,1231.201012494138,1210.1058926997707,1218.5981228148664,10168350
2023-08-04,1235.45947265625,1238.6348041373592,1216.776590964359,1230.1672134573323,22885610
2023-08-07,1242.49951171875,1244.7393951840495,1233.2195480808575,1241.0963994857652,5982870
2023-08-08,1235.0162353515625,1247.7176805176769,1230.5363488514104,1244.5423492739476,9844072
2023-08-09,1243.1641845703125,1245.0349610213223,1221.453682631652,1233.1458852114292,11486586
2023-08-10,1248.702392578125,1255.3731247892663,1234.9179033647526,1243.0409059369185,15470598
2023-08-11,1253.969970703125,1259.7300139419374,1236.837916549459,1246.733138146324,22179330
2023-08-14,1268.788330078125,1271.274485095857,1243.065489745762,1249.9577340453427,9575812
2023-08-16,1267.7545166015625,1271.5207081344915,1255.8654425931288,1255.8654425931288,10203112
2023-08-17,1249.4654541015625,1269.2068594315797,1246.930140835009,1263.791524524126,13673744
2023-08-18,1258.7208251953125,1268.960755625946,1234.9671961841154,1246.142454602955,18639978
2023-08-21,1244.986328125,1262.5000997685252,1242.8371963360953,1254.8424457661688,9221746
2023-08-22,1244.68994140625,1253.8544488619668,1234.6115281978846,1243.4548358358238,7713044
2023-08-23,1246.0732421875,1256.2752862282496,1243.4795205761563,1247.061326610869,9517952
2023-08-24,1225.1258544921875,1254.8177179260883,1220.7782590700385,1254.8177179260883,14140020
2023-08-25,1219.4691162109375,1237.5757146480018,1206.747529523438,1213.3676467766436,22222400
2023-08-28,1207.315673828125,1227.2008731617648,1201.0660879981488,1221.272366528133,12580826
2023-08-29,1195.755126953125,1212.107851949824,1189.7277154191993,1211.4162410930335,16876644
2023-08-30,1194.61865234375,1206.9449799395882,1193.1117996537475,1201.510516255865,12168946
2023-08-31,1189.1595458984375,1198.0523052778192,1185.6517981191516,1197.0642209023324,21638600
2023-09-01,1191.950927734375,1198.3734766692594,1186.5164632510111,1188.9373425267036,18112842
2023-09-04,1190.9874267578125,1197.3852486913688,1188.3196473047951,1191.9507848594153,9347626
2023-09-05,1197.3607177734375,1202.4739821466742,1191.852074903386,1195.582117616625,8675876
2023-09-06,1199.88037109375,1203.5609616798479,1194.2236115362405,1196.125722417537,8200370
2023-09-07,1201.5107421875,1204.5985062247828,1191.1358550222296,1196.4220829309013,13652572
2023-09-08,1209.5140380859375,1213.3675912039566,1197.039473070506,1205.4629163426932,23109288
2023-09-11,1222.5570068359375,1223.6686019045655,1211.3916036780722,1211.3916036780722,13271074
2023-09-12,1204.89501953125,1226.70693716321,1203.4622246012573,1226.70693716321,16255666
2023-09-13,1210.9222412109375,1216.653058753229,1198.6699696902265,1205.4630504045967,12803338
2023-09-14,1212.0338134765625,1218.2093412827492,1207.9332388900991,1215.3438722575231,9209636
2023-09-15,1214.28173828125,1219.2962186489121,1210.156437431325,1219.2962186489121,25468592
2023-09-18,1203.709228515625,1210.8975674516837,1201.535490839137,1205.487828880595,7516300
2023-09-20,1176.8826904296875,1199.3370070481767,1163.4694916701224,1197.089090701199,57081884
2023-09-21,1168.31103515625,1180.8103271156433,1165.9396084396587,1173.3255153106452,12226182
2023-09-22,1163.4447021484375,1177.0308632017375,1160.9992172819989,1173.8443150051187,19176786
2023-09-25,1156.2811279296875,1166.2854832156668,1153.638074334712,1161.1968240581607,14254884
2023-09-26,1157.2938232421875,1161.0979239595738,1153.8849803976213,1155.3423807263628,10087782
2023-09-27,1170.3365478515625,1171.7693426359385,1155.3177128519035,1157.7879239120957,11722778
2023-09-28,1153.14404296875,1177.3026603074284,1148.6482103293206,1177.3026603074284,14518346
2023-09-29,1158.529052734375,1170.435518964013,1153.1440405649926,1156.9481416896208,12342014
2023-10-03,1145.263916015625,1153.885049186791,1144.2017734963838,1151.0936382938999,8859056
2023-10-04,1143.2877197265625,1145.683872665596,1133.8763122199225,1140.7434506187415,10286386
2023-10-05,1143.2630615234375,1150.821810414835,1140.743398149127,1145.8073305142325,10953682
2023-10-06,1145.18994140625,1148.5494528467332,1142.2504141267464,1144.7206253894863,5431026
2023-10-09,1135.4324951171875,1142.200849187487,1133.826857954507,1140.2988590719287,7576878
2023-10-10,1140.447021484375,1145.1404226117538,1138.1497733893898,1139.5331157395624,10236032
2023-10-11,1158.5537109375,1160.8509589721596,1142.7196339530417,1143.4359710357805,9814118
2023-10-12,1160.70263671875,1165.618452848462,1155.1446622546925,1157.9607991424273,12554450
2023-10-13,1160.6534423828125,1164.7045645712087,1150.6984190160554,1156.058825491677,10150316
2023-10-16,1158.0596923828125,1163.2471357038708,1154.0826283801794,1158.5290083696577,5929036
2023-10-17,1163.593017578125,1165.7914814830851,1156.7011522648252,1163.963549268257,7928180
2023-10-18,1148.154052734375,1169.397866963109,1146.6719261602773,1163.5928712145596,8918320
2023-10-19,1139.33544921875,1147.0672825471008,1136.7911799610206,1142.2256445327594,12032556
2023-10-20,1135.8525390625,1143.559525479833,1134.4691966955595,1136.2971288231192,8913312
2023-10-23,1118.1163330078125,1139.3848747937852,1114.1887214650121,1131.356688684127,7853962
2023-10-25,1115.522705078125,1127.009187707913,1108.1367973597628,1111.6198194416302,11620688
2023-10-26,1099.985107421875,1115.5474388316163,1096.922069489782,1112.089142962785,15222534
2023-10-27,1119.40087890625,1123.204979852311,1104.6536704890175,1106.654565590137,11771084
2023-10-30,1142.4725341796875,1148.6480613914696,1121.4510154276281,1123.4519103673986,16813304
2023-10-31,1130.319091796875,1150.130232099537,1127.84888081728,1150.130232099537,12808438
2023-11-01,1135.0125732421875,1144.9428703315039,1124.0448598372486,1130.9367248364767,10309190
2023-11-02,1146.2767333984375,1148.302354744411,1140.2247162104195,1143.1889695269997,10562104
2023-11-03,1146.0296630859375,1153.5638066087804,1144.078220526126,1149.7349795725816,8850156
2023-11-06,1155.564697265625,1156.0587394619763,1148.9445800808262,1152.2546386732256,10647304
2023-11-07,1148.0552978515625,1155.614167696399,1145.9556184844287,1153.1192304428853,6960204
2023-11-08,1154.033203125,1156.552866758098,1147.042553778562,1152.1064866637696,7884494
2023-11-09,1141.50927734375,1154.0331752710283,1138.3720609954937,1154.0085696526105,14513610
2023-11-10,1143.658203125,1144.3746607841822,1135.333664696756,1139.0389810755562,7734954
2023-11-13,1143.5101318359375,1148.4505538682092,1142.0773370771153,1147.610585630105,3854810
2023-11-15,1164.185791015625,1166.9030232858888,1149.6362714370953,1156.0588204395372,12220648
2023-11-16,1166.285400390625,1172.9302438744137,1159.4923201233041,1161.542667627995,13134910
2023-11-17,1163.7412109375,1172.4857343750468,1162.012063114762,1162.4319266451018,7758634
2023-11-20,1160.6781005859375,1165.1490860409533,1154.2801575494677,1160.2828426994563,4490186
2023-11-21,1175.2769775390625,1179.7728099438689,1166.0384122376151,1168.9038812090425,8214450
2023-11-22,1179.87158203125,1182.9593458443583,1171.9669066696931,1173.3502489811203,8534814
2023-11-23,1183.4781494140625,1185.7013394254852,1179.8716170501546,1179.8716170501546,8531542
2023-11-24,1182.6876220703125,1186.9858858764198,1181.2796741129466,1181.5514214570694,6749486
2023-11-28,1182.9346923828125,1185.5531403805655,1173.4738317237427,1182.6876712625676,13792174
2023-11-29,1186.047119140625,1191.605094048659,1184.7379555197092,1189.6536514263266,12531306
2023-11-30,1174.5606689453125,1186.0471507278282,1170.8306260067593,1183.0828973645985,28439984
2023-12-01,1182.88525390625,1183.9226701483003,1174.6347733568996,1174.8323419889748,14342842
2023-12-04,1195.680908203125,1210.403389884879,1185.009669053603,1210.403389884879,15590990
2023-12-05,1204.3514404296875,1205.8830195816831,1196.3973123183705,1204.9689932142376,12693624
2023-12-06,1215.8873291015625,1221.7416569101222,1202.9927791973269,1208.9707381739393,16422442
2023-12-07,1213.886474609375,1215.813191043024,1206.4511149904754,1215.3438750518303,8142096
2023-12-08,1213.2442626953125,1223.594423771572,1207.9333084760417,1217.2460531905654,10204894
2023-12-11,1215.022705078125,1219.098553135076,1211.5890153738967,1213.367615499601,7066138
2023-12-12,1197.5831298828125,1217.7894094868202,1195.6562927549994,1215.3439244936176,9197124
2023-12-13,1202.4739990234375,1204.6478570918039,1188.8137803209581,1196.570218805253,10031182
2023-12-14,1217.39404296875,1222.7297228698085,1206.7721356331074,1212.3795628682321,16972354
2023-12-15,1232.9317626953125,1235.1055001292314,1220.3089603608373,1224.236571728094,15932152
2023-12-18,1245.4803466796875,1252.3474847954778,1230.634354917611,1232.9317234441762,14165188
2023-12-19,1263.8094482421875,1271.615218807123,1247.5553868731267,1262.2778691174958,16820604
2023-12-20,1248.518798828125,1283.9417239360823,1244.9864450577063,1270.207325538083,17736722
2023-12-21,1266.0079345703125,1271.4176728398502,1244.1218397625619,1248.44470925444,13765454
2023-12-22,1267.242919921875,1275.07341611771,1258.6465136069178,1264.5504141598008,16541784
2023-12-26,1273.66552734375,1280.5326657287192,1266.0819312708138,1268.7003790735205,7465664
2023-12-27,1278.01318359375,1284.4603381656593,1271.2201029702012,1275.6170305456778,9204156
2023-12-28,1287.251708984375,1290.4382571270967,1278.0131437475463,1279.4705441490948,12302636
2023-12-29,1277.074462890625,1291.4264140714613,1274.2831724837226,1289.9937398232034,10864584
2024-01-01,1279.69287109375,1287.8940202608817,1271.2447008145452,1274.9006856426909,4030540
2024-01-02,1290.2900390625,1291.920402508132,1271.1706293129728,1277.099135940161,7448800
2024-01-03,1276.2593994140625,1301.3073179716814,1273.2456933698636,1289.4503036849235,9037536
2024-01-04,1282.8546142578125,1289.376067708453,1274.1842702494187,1278.5811975278393,9612778
2024-01-05,1288.3138427734375,1294.3165279752034,1283.521657474919,1285.9424160498672,8086406
2024-01-08,1278.26025390625,1300.2944657165137,1269.1698042070248,1289.4502625359673,7734652
2024-01-09,1274.8758544921875,1287.8691880410897,1273.2454911635218,1284.5096770702141,5403074
2024-01-10,1309.26123046875,1313.6581576278165,1272.1833407081513,1273.146698836737,11102740
2024-01-11,1343.6961669921875,1346.2651626289091,1312.6702888458758,1313.6583733689063,23725852
2024-01-12,1354.3919677734375,1356.9609630954171,1329.714583957277,1343.6960023683716,15012164
2024-01-15,1377.51318359375,1379.8104316098675,1349.723309451493,1358.616069177015,8610594
2024-01-16,1358.24560546875,1379.6623844587446,1354.1697570573224,1373.4126778584214,9069024
2024-01-17,1345.35107421875,1369.7568331827044,1338.8791932605309,1343.30084717423,12197382
2024-01-18,1351.6500244140625,1354.663730119792,1335.1490629645289,1335.2972997496222,10279438
2024-01-19,1351.156005859375,1359.6041759840746,1342.8067406703178,1359.6041759840746,10422704
2024-01-23,1312.7442626953125,1355.4048574857818,1306.791150318716,1355.4048574857818,20055420
2024-01-24,1327.862060546875,1333.4200358723897,1308.1498229720294,1319.3151054787043,21919128
2024-01-25,1336.9522705078125,1347.895377764627,1319.2902616038493,1326.9479158139593,11808872
2024-01-29,1430.7957763671875,1435.192704047216,1343.9678528779282,1348.241269998228,23893438
2024-01-30,1390.852294921875,1442.5784888178382,1387.690473107798,1442.5537625848374,14093978
2024-01-31,1409.6258544921875,1417.159997760743,1385.7883192326594,1387.2704457772934,15130226
2024-02-01,1409.650634765625,1426.1515960154993,1401.1531330404457,1417.9011153905622,13349362
2024-02-02,1440.3306884765625,1457.3258137867138,1416.0980132616144,1416.0980132616144,19652588
2024-02-05,1421.878173828125,1452.9781061073709,1414.4675408489986,1443.3442832345067,8814432
2024-02-06,1410.7869873046875,1424.6695010773788,1402.9069175392074,1424.6695010773788,9047984
2024-02-07,1424.9659423828125,1432.2283386037336,1412.2196294925052,1418.8151411125152,9296568
2024-02-08,1432.845947265625,1442.0845126481563,1410.515263064875,1432.7224367107362,14694634
2024-02-09,1443.3443603515625,1454.4355841797649,1433.661084495157,1436.6747903139974,12556798
2024-02-12,1435.04443359375,1443.5913882496639,1425.163589047209,1443.3443671360003,6674430
2024-02-13,1447.642333984375,1461.3767303535824,1436.674621997369,1438.1567484987418,7715594
2024-02-14,1463.7235107421875,1465.9714268487612,1440.1329959711338,1440.1329959711338,7117888
2024-02-15,1453.076904296875,1467.0335965408115,1449.0505085860837,1465.674980481667,10006782
2024-02-16,1443.17138671875,1459.4007219371786,1441.170612214809,1458.8819534815811,9767498
2024-02-19,1456.4364013671875,1461.8708655513933,1436.2053974591388,1444.6288410678121,6729828
2024-02-20,1453.4969482421875,1457.9186020207894,1444.3818933388152,1457.4492860314679,7117496
2024-02-21,1450.2115478515625,1470.7884795851646,1440.1825868389801,1456.4365283424868,12720292
2024-02-22,1464.0941162109375,1467.2559381666686,1440.6271108051608,1450.6561919754163,18493728
2024-02-23,1475.82763671875,1479.7059164315408,1465.6750448712426,1471.7517883622584,14438584
2024-02-26,1469.6026611328125,1476.7169415654328,1464.8352018923576,1475.753583346703,7513106
2024-02-27,1467.94775390625,1482.0772898132236,1460.4383358684995,1465.3540321072526,10826044
2024-02-28,1438.2803955078125,1473.5056294891751,1432.8953836215212,1465.3292067243183,8647950
2024-02-29,1443.3939208984375,1461.3522847525776,1437.1936663872107,1447.5438276529026,23628976
2024-03-01,1474.345458984375,1482.1266237591103,1445.0734581651325,1446.061542580972,12132926
2024-03-04,1489.4384765625,1494.4282305064353,1469.503825173054,1472.7150995331629,10024420
2024-03-05,1482.32421875,1489.4384990399915,1468.3429205099196,1487.8328618357061,7107668
2024-03-06,1485.0908203125,1491.0193265812127,1460.8827530485903,1475.6545662551582,7805676
2024-03-07,1461.3028564453125,1485.1897258668157,1457.968071396935,1485.0662153094684,8315726
2024-03-11,1449.1246337890625,1471.2577496463198,1446.0615961097308,1471.2577496463198,11277130
2024-03-12,1457.8446044921875,1470.269718687064,1447.5685016900354,1449.1246865128974,9432678
2024-03-13,1415.10986328125,1465.4279903850718,1410.7622676768488,1462.142657909758,13522134
2024-03-14,1414.4180908203125,1431.2649780682007,1408.514310659922,1422.5450608782721,18571102
2024-03-15,1401.3260498046875,1416.1473166057365,1396.0645483366263,1408.9589780840722,19223818
2024-03-18,1422.3228759765625,1424.5460660460144,1399.6463855144648,1403.0799549430176,9169392
2024-03-19,1408.267333984375,1420.4701525728194,1400.3626585436627,1411.7256294896865,8275764
2024-03-20,1426.546875,1427.7819805194806,1407.056934025752,1410.935092987457,8488806
2024-03-21,1433.685791015625,1440.5283239841642,1427.460931435626,1435.2173701383908,13006936
2024-03-22,1437.6876220703125,1442.6033181580033,1430.1040255590262,1432.6977472783171,19527608
2024-03-26,1424.3978271484375,1435.0939139473653,1421.853557874578,1427.7820647176966,11415906
2024-03-27,1475.061767578125,1482.1265951381042,1429.7581221098912,1430.74620650665,16326644
2024-03-28,1468.1451416015625,1488.0056133770977,1461.0309823617722,1475.0864584455267,21854364
2024-04-01,1467.0830078125,1476.1733358521226,1464.8350917273362,1474.6912092837645,5013880
2024-04-02,1469.2320556640625,1476.198098955644,1457.4244952875333,1466.3172549197961,8910166
2024-04-03,1454.0650634765625,1466.7619246317818,1451.397283687729,1464.4152240453116,7008292
2024-04-04,1445.493408203125,1462.117879861305,1432.7223691832353,1462.117879861305,14490272
2024-04-05,1442.7020263671875,1453.274601948929,1438.6509043996564,1443.467815909923,7442298
2024-04-08,1468.2686767578125,1473.2090987059642,1443.5912932499484,1445.5427357963142,8357118
2024-04-09,1446.2098388671875,1472.0482715276003,1445.0735176190665,1471.2577557160955,7071414
2024-04-10,1461.945068359375,1469.281643980642,1448.8776750369068,1448.8776750369068,9138330
2024-04-12,1449.6680908203125,1468.7627741208264,1445.6415744118667,1458.2891033204971,15551012
2024-04-15,1447.3707275390625,1464.4646364315843,1429.0911655763507,1443.591352839028,12902062
2024-04-16,1448.2847900390625,1453.6451964542034,1433.6364862387566,1436.0325186728678,9366184
2024-04-18,1446.876708984375,1468.2934876101954,1441.9610129858208,1446.0615875622616,19005692
2024-04-19,1452.607666015625,1456.4364932961696,1425.8306012864564,1439.4167626045175,15741778
2024-04-22,1462.2166748046875,1465.1562017707047,1450.3103301575065,1454.9048261235944,10350362
2024-04-23,1441.936279296875,1475.7041133303053,1438.20635702296,1461.3768889290402,14605554
2024-04-24,1432.8953857421875,1451.051437133562,1432.2283805059903,1446.0615625184662,10462776
2024-04-25,1442.5784912109375,1450.483166375014,1424.3236561270523,1425.3117405225619,15943926
2024-04-26,1435.2420654296875,1447.5436681516292,1432.7224019248206,1446.5061312694434,9413848
2024-04-29,1447.5684814453125,1450.4092243096331,1432.7224880920985,1432.7224880920985,7247974
2024-04-30,1449.5198974609375,1465.403306850403,1445.4440490785064,1450.5079819172845,11474262
2024-05-02,1449.0753173828125,1459.7218309784546,1446.6791643138517,1454.460329459568,14512646
2024-05-03,1416.9130859375,1457.3750954799905,1399.275802819383,1453.4722101911175,17226958
2024-05-06,1402.610595703125,1422.841600588335,1401.1037428015688,1418.3952205864964,7394208
2024-05-07,1384.775634765625,1403.8209867220144,1375.4135586957902,1399.1028593353728,14517472
2024-05-08,1401.6470947265625,1415.8754127905866,1380.847871034619,1380.847871034619,9439002
2024-05-09,1377.51318359375,1406.7851843569276,1373.437335386219,1396.1632769069981,11009612
2024-05-10,1390.65478515625,1393.1990543318577,1371.535254832905,1380.106935558881,10505096
2024-05-13,1385.986083984375,1390.2101693574684,1367.5089520262873,1383.2195197456997,8456620
2024-05-14,1403.1539306640625,1410.070521585227,1383.342910466477,1384.2815424166113,7188300
2024-05-15,1399.3994140625,1412.9361236084007,1396.188139403763,1403.5740469957013,5046534
2024-05-16,1408.3660888671875,1410.4904944706304,1381.3667306256436,1401.6471872524828,14711774
2024-05-17,1418.5927734375,1420.0749000882806,1396.4103261437938,1406.0936018418706,10916476
2024-05-21,1419.0126953125,1424.6447280920645,1408.613082979292,1408.613082979292,11176128
2024-05-22,1443.2454833984375,1451.2736690394956,1419.1609264752628,1419.1609264752628,10281604
2024-05-23,1468.343017578125,1474.444366988288,1437.6629456463684,1441.1706938631594,14608260
2024-05-24,1462.6119384765625,1470.7636348065282,1458.5113640783345,1465.9467233388211,7094776
2024-05-27,1448.77880859375,1467.2066075031105,1444.134859977049,1462.587264504762,6629010
2024-05-28,1438.8486328125,1460.8829659012893,1435.4397894576246,1450.5080784194065,7820162
2024-05-29,1423.607421875,1440.6271526936466,1421.310053120064,1429.264181324664,7383556
2024-05-30,1407.8720703125,1423.2368313836507,1403.178669288835,1418.3951935729253,13206858
2024-05-31,1413.35595703125,1425.0647331073133,1405.3030450073677,1414.245257118902,31069832
2024-06-03,1492.32861328125,1496.4539141466187,1441.6152266357983,1465.3292536675044,21527942
2024-06-04,1380.625732421875,1480.1999676014107,1343.1032493273078,1480.1999676014107,36709098
2024-06-05,1403.821044921875,1414.097147783154,1367.6077240917773,1405.0561505394378,17464890
2024-06-06,1414.5416259765625,1426.4974232883105,1404.4137607114592,1417.9011371144834,17855722
2024-06-07,1452.4345703125,1454.4601915157414,1409.5023527154926,1411.478521453965,18558696
2024-06-10,1453.867431640625,1475.5558362929214,1450.5819785928986,1452.4346368701142,9251760
2024-06-11,1439.3179931640625,1456.1154291491666,1437.3418242246385,1451.4960860069511,11774902
2024-06-12,1445.8885498046875,1458.41256776401,1437.835758473946,1440.1330064471847,10081742
2024-06-13,1447.790771484375,1454.7073627830548,1442.7021123343332,1454.4603416652449,9181160
2024-06-14,1459.9442138671875,1462.0438933040555,1439.8613252368543,1452.4841280922399,8157998
2024-06-18,1463.3778076171875,1469.6768460329972,1453.8180422457062,1469.6273935638167,7196766
2024-06-19,1441.26953125,1469.7757459645413,1438.6510831088215,1469.7757459645413,8725874
2024-06-20,1456.139892578125,1465.1808887163045,1432.8211254931246,1441.6151005379975,16113776
2024-06-21,1436.8724365234375,1457.1281688420868,1423.4097851653107,1456.0660262473004,31170360
2024-06-24,1424.298828125,1432.228228955547,1420.3712170566394,1428.3006178871863,8878386
2024-06-25,1436.822998046875,1438.576872033328,1423.8296636688654,1425.8058325289194,7045386
2024-06-26,1495.9844970703125,1500.875466568816,1427.905458276952,1428.8194845866847,22014882
2024-06-27,1512.312744140625,1519.1798830077462,1488.0552219900264,1495.7128766848623,28383030
2024-06-28,1546.7474365234375,1562.1615299634889,1512.782033239127,1512.782033239127,28957336
2024-07-01,1541.5599365234375,1560.5805616644209,1537.138282854078,1543.9066370278445,7724306
2024-07-02,1546.5250244140625,1554.750778666898,1538.4473863262538,1550.798441129772,7749246
2024-07-03,1533.927001953125,1556.2329594590622,1524.391963189475,1547.661278880494,9049620
2024-07-04,1535.5079345703125,1548.822348177101,1532.321386398175,1538.447461634288,6837176
2024-07-05,1569.6956787109375,1579.4530127748421,1529.5547474353805,1535.3102911811948,12269710
2024-07-08,1581.824462890625,1589.6303543798022,1563.6684106310508,1570.0662334946016,9500806
2024-07-09,1571.3260498046875,1581.4291893561121,1561.6675000170792,1578.5637202787966,6960002
2024-07-10,1565.3480224609375,1578.4648673124634,1544.5241914718106,1575.9946562525065,7134578
2024-07-11,1561.815673828125,1585.1344421846698,1551.786592769845,1568.5840280306456,11940946
2024-07-12,1577.6990966796875,1586.023756297877,1555.7389442164904,1565.619788574804,12924784
2024-07-15,1578.1932373046875,1586.7154660951303,1566.607970695329,1585.332123675554,5329688
2024-07-16,1557.468017578125,1580.9350218080888,1550.427916309136,1574.5124732819936,9386838
2024-07-18,1567.76904296875,1574.9079294522828,1539.2627082750141,1557.2211925457696,12298374
2024-07-19,1536.61962890625,1571.029623251694,1534.2976544625544,1567.1020115011324,13140390
2024-07-22,1482.7935791015625,1519.179738244426,1481.4102368427714,1518.9327171487766,19674376
2024-07-23,1470.1707763671875,1487.8080584659276,1445.5674511277782,1483.1146576505776,18052044
2024-07-24,1477.8778076171875,1491.5134207568017,1458.8078508242754,1467.3053526491226,11913362
2024-07-25,1474.6171875,1482.595920809754,1459.474721651074,1463.3530011800513,12519876
2024-07-26,1491.044189453125,1494.4037007697482,1472.59166375446,1474.6172851615388,9859940
2024-07-29,1501.987060546875,1509.2989091727318,1493.7613062276428,1493.9341486268256,7538550
2024-07-30,1495.1199951171875,1506.8287716127938,1492.0075050067665,1498.9488223237445,8228208
2024-07-31,1487.487060546875,1492.4520883459395,1483.2629754591517,1486.0789919790418,10057346
2024-08-01,1497.244384765625,1499.9121644798522,1486.37545603751,1493.9836579008804,10764222
2024-08-02,1481.4595947265625,1491.3404387261814,1475.481756476256,1487.0670219426547,10268248
2024-08-05,1430.079345703125,1466.2186085334113,1416.1721046606897,1462.3650548737628,17046704
2024-08-06,1438.7003173828125,1459.8946792000177,1434.0315221699125,1437.8110173129378,10236186
2024-08-07,1447.3707275390625,1454.954323788822,1444.0853950542364,1451.4960282823629,8174568
2024-08-08,1431.8577880859375,1447.5436277380477,1428.6959662921352,1440.1577210643813,12387192
2024-08-09,1456.7330322265625,1458.9067698886504,1438.6510375603623,1442.6033755756382,6249776
2024-08-12,1443.220703125,1455.4482469512195,1440.3799606199186,1452.483993902439,8184584
2024-08-13,1446.1851806640625,1452.5582774619256,1440.6272053348387,1443.3444377180147,6265064
2024-08-14,1444.43115234375,1454.460233101401,1436.3782403810737,1446.1109681889411,6267466
2024-08-16,1460.58642578125,1462.7602840003062,1440.676620060605,1451.1502913945535,9416902
2024-08-19,1475.65625,1485.47150978375,1467.8238660907393,1469.8067419652286,13797742
2024-08-20,1483.1416015625,1491.0484162933285,1477.2674041310693,1484.4057091952604,8411808
2024-08-21,1485.8433837890625,1494.964564922092,1477.2426107826689,1480.464784262564,7769996
2024-08-22,1485.2979736328125,1493.6012664349316,1477.8869991875908,1490.1312336221058,10445782
2024-08-23,1487.1322021484375,1498.3849993365056,1485.5955458508122,1490.8749048344312,9249654
2024-08-26,1499.649169921875,1509.9601498448217,1490.1313888488291,1494.0723308917522,8816114
2024-08-27,1487.6031494140625,1500.516654009415,1486.6117113802566,1497.5671500638725,6251156
2024-08-28,1485.4716796875,1494.5680511870519,1480.2170096090344,1492.1142662167426,9610286
2024-08-29,1507.90283203125,1523.8401488737275,1481.2083164719252,1490.2303777286736,38335358
2024-08-30,1496.6995849609375,1526.5418444404818,1490.4534771750382,1520.865886117465,41620730
2024-09-02,1503.2679443359375,1513.7276641806195,1493.7253530981907,1497.9389648135596,11240852
2024-09-03,1496.203857421875,1509.9600595401412,1494.5927706873033,1508.2250430567562,10923800
2024-09-04,1501.5823974609375,1504.50709100704,1486.6612078847159,1487.850885016148,11983304
2024-09-05,1480.192138671875,1512.7113538076746,1474.3179410781217,1506.0439573959175,16264168
2024-09-06,1452.2830810546875,1484.182646260627,1449.110527949692,1479.721175380084,19394228
2024-09-09,1449.928466796875,1457.3395627288749,1443.1371406451965,1453.943839140462,9010298
2024-09-10,1449.011474609375,1459.446383962114,1445.0952218200862,1447.995226435091,10768260
2024-09-11,1439.072265625,1456.1745712275017,1435.1561339115874,1450.5234230036904,9760202
2024-09-12,1467.1298828125,1473.2767495080643,1433.4953029575859,1444.5250498204912,22349376
2024-09-13,1460.016357421875,1470.451266381587,1456.918113729867,1463.7590600068495,8711328
2024-09-16,1458.7523193359375,1468.2206009201684,1452.2088525514882,1464.8993077290233,5481774
2024-09-17,1459.6942138671875,1464.8248328952707,1454.0677548146177,1461.3796100548857,5935328
2024-09-18,1450.9197998046875,1469.3110219373734,1448.0447266088618,1457.413766699014,8574714
2024-09-19,1457.0916748046875,1463.8581906691413,1443.0876132109174,1453.6959512825117,16955902
2024-09-20,1473.2025146484375,1482.1997658201985,1458.7770437683578,1461.3795684407844,30897320
2024-09-23,1480.5887451171875,1488.6441789861601,1476.2015834923338,1478.2340798324108,8832314
2024-09-24,1476.6229248046875,1487.6526722077606,1475.1357678514642,1475.7554165819738,17137444
2024-09-25,1481.15869140625,1483.6869066134093,1467.5264194610884,1471.1948125268714,7069002
2024-09-26,1485.12451171875,1491.122760061236,1475.309372285805,1477.8870868947113,18818998
2024-09-27,1513.10791015625,1520.345334807694,1479.2254687210307,1486.1655345930462,20597478
2024-09-30,1463.9324951171875,1511.9181178232873,1461.7761901136828,1506.3908994638518,27008814
2024-10-01,1452.2830810546875,1475.2100841908111,1450.3002051077794,1467.9726595996829,16431642
2024-10-03,1394.928466796875,1436.9902726871705,1390.070396353704,1424.2750076222521,37757294
2024-10-04,1374.653564453125,1405.2145916660443,1369.9442340651563,1391.9046094477658,37072876
2024-10-07,1358.98876953125,1384.5431070803497,1349.7188488374588,1381.568793209071,22181340
2024-10-08,1385.3857421875,1389.004514771482,1353.4118695241307,1361.2194430814652,17020808
2024-10-09,1362.8306884765625,1388.979866453412,1360.7486928237201,1385.5594536683957,14310610
2024-10-10,1359.31103515625,1374.132983939481,1357.699948504806,1368.209166456891,22358646
2024-10-11,1360.35205078125,1371.4314188021033,1357.1050671377104,1358.2700551936466,7980122
2024-10-14,1360.7734375,1368.2587216327886,1356.5350159311083,1367.6390728953818,12221432
2024-10-15,1332.5174560546875,1359.9554295521655,1329.2208521541709,1346.8933067731043,33762794
2024-10-16,1342.4814453125,1352.3215164873245,1326.1723376036346,1328.5270030007441,20034438
2024-10-17,1344.811279296875,1356.7332239102464,1340.4737382347967,1354.0067695283685,15543660
2024-10-18,1347.66162109375,1356.70849216764,1329.840427555484,1340.5976258716714,12082452
2024-10-21,1357.4769287109375,1362.2358797577067,1346.1002013000875,1355.4197431686716,14067408
2024-10-22,1331.84814453125,1364.2186177698431,1328.749900940748,1357.4767913068545,15831960
2024-10-23,1327.064453125,1345.8521531156357,1323.5696102860716,1326.048205061888,17214742
2024-10-24,1328.3287353515625,1332.1952468902052,1311.7964576126847,1323.8424540123256,22155934
2024-10-25,1316.4808349609375,1332.8395608533488,1310.6809472586556,1331.996862815434,18597496
2024-10-28,1322.9251708984375,1341.4155124030337,1310.7800563182918,1325.552505604476,10824350
2024-10-29,1328.52685546875,1331.6994085045892,1308.995576227512,1316.728719636798,12008361
2024-10-30,1332.3935546875,1338.4413022928309,1314.0023313459362,1323.569732267355,11984423
2024-10-31,1320.64501953125,1331.5012170832633,1314.7955112005386,1328.5269031210519,9331650
2024-11-01,1327.1884765625,1330.4601492824747,1321.5868277686543,1321.6364480777281,2127335
2024-11-04,1291.0009765625,1328.52687951389,1274.0969107675833,1326.3952636738204,19796890
2024-11-05,1294.1240234375,1298.337634786513,1275.1379622128013,1281.9292880644173,16267479
2024-11-06,1314.0023193359375,1316.9271340293028,1289.0676296160968,1298.7837703539942,21625209
2024-11-07,1294.4710693359375,1312.6639327180499,1291.4471349781516,1312.6639327180499,9611974
2024-11-08,1272.7584228515625,1290.505185727704,1264.0833410989228,1286.5394340693545,19814406
2024-11-11,1261.802978515625,1274.9891511168566,1256.151830843746,1267.9994654475693,9056552
2024-11-12,1263.33984375,1278.2610337323058,1256.6476373969983,1264.6287615317467,10671091
2024-11-13,1241.3299560546875,1264.5295076822267,1238.8017408266169,1259.374078659472,14633633
2024-11-14,1256.746826171875,1261.7040163358736,1240.38809863068,1242.866693712679,12612633
2024-11-18,1249.9554443359375,1262.0014401044657,1233.24973843027,1256.7467703539512,13620611
2024-11-19,1231.0189208984375,1270.5276979121372,1224.5745744010292,1249.9553610165642,14183746
2024-11-21,1212.5286865234375,1233.299264427905,1206.8279179645579,1231.0190296194417,19433843
2024-11-22,1254.5655517578125,1257.9859641270039,1211.983221035894,1218.8737871048172,20471957
2024-11-25,1275.9805908203125,1293.2811339485756,1271.4694999174592,1278.9549045518283,28923341
2024-11-26,1284.606201171875,1286.737817131633,1273.2046638791435,1283.8626226527838,9247557
2024-11-27,1282.1275634765625,1292.6864023015983,1274.9892583407009,1282.4250432843673,9572746
2024-11-28,1259.91943359375,1285.4984608667178,1258.184417128475,1278.905374093644,15027412
2024-11-29,1281.1361083984375,1288.3736540571424,1264.3312830599236,1269.0406134614407,13202307
2024-12-02,1297.941162109375,1300.1222774340952,1266.1160245478172,1276.9722229086012,11024152
2024-12-03,1311.9698486328125,1315.4398813546288,1295.8093621182986,1305.7237413234882,16869482
2024-12-04,1297.74267578125,1317.0262168141671,1292.884726573221,1314.6467414933138,19608540
2024-12-05,1310.7305908203125,1318.5628538088617,1294.966703202915,1303.0964459866593,16858723
2024-12-06,1300.3204345703125,1312.5646685095264,1298.783657405313,1312.5646685095264,9037514
2024-12-09,1284.0609130859375,1303.7409326166044,1282.0284168341586,1291.8436769577456,14650002
2024-12-10,1273.8489990234375,1283.812998621138,1269.238788448007,1278.2113501165884,16043729
2024-12-11,1267.2559814453125,1278.9549980546296,1265.1244866020038,1273.9978081396894,11724373
2024-12-12,1252.0870361328125,1267.25596445406,1249.8066803924569,1259.1262215126183,20906813
2024-12-13,1261.951904296875,1264.2817595214547,1228.986588963027,1249.2119494931856,28630222
2024-12-16,1257.44091796875,1270.0321327010022,1255.7059013940218,1264.0835044447913,9486781
2024-12-17,1234.6376953125,1253.078416496042,1232.1591005022085,1250.2528426173371,17462791
2024-12-18,1242.5196533203125,1249.162239402372,1230.027558928225,1230.027558928225,12670179
2024-12-19,1219.914794921875,1234.2411461229626,1218.4772582835096,1228.3916379278016,14244653
2024-12-20,1194.980224609375,1228.8873545167635,1191.2127119418244,1213.5200660980383,20312896
2024-12-23,1211.834716796875,1216.6926661807136,1202.8125341694108,1204.5971709809228,10052824
2024-12-24,1212.28076171875,1222.9883400626134,1210.5457452942906,1211.834663048231,6734917
2024-12-26,1206.1339111328125,1217.1883476811242,1203.8535553911518,1213.767935093776,10016178
2024-12-27,1210.595458984375,1217.3867853075249,1206.5800865394056,1207.86900439277,7000397
2024-12-30,1200.333984375,1212.7269598518426,1197.756269680847,1205.9852538075309,8818766
2024-12-31,1205.043212890625,1208.6619856280877,1195.8229125326573,1197.6570485426987,6405475
2025-01-01,1210.7935791015625,1215.800389087432,1201.2261788160188,1204.4483521073844,5892590
2025-01-02,1231.167724609375,1233.7949384205442,1209.554328364606,1210.7936258321927,15486276
2025-01-03,1240.437744140625,1251.244443122699,1224.921714407087,1233.2498182568117,15521102
2025-01-06,1207.5714111328125,1251.1946805005002,1204.5970973122883,1243.213556672038,14816766
2025-01-07,1230.2257080078125,1233.8444805890147,1210.7935491517349,1211.5371275851955,10070505
2025-01-08,1254.664794921875,1260.167324257905,1234.6872949225542,1238.3060678446636,19346579
2025-01-09,1244.0067138671875,1258.8782824728921,1237.364128300027,1256.1518282285128,12794704
2025-01-10,1231.266845703125,1245.9896754309787,1225.4173374439545,1243.114481097643,8120332
2025-01-13,1229.234375,1234.5881643828388,1215.899582365329,1219.4687349455062,13764861
2025-01-14,1228.143798828125,1242.6187691440975,1216.742262047884,1233.4479678208604,13095266
2025-01-15,1241.478515625,1246.2374660533972,1231.2171573529768,1234.2905907014622,9578856
2025-01-16,1255.6065673828125,1264.0834104275011,1240.586378973141,1248.1212833322295,14117603
2025-01-17,1291.19921875,1314.6467509950228,1273.997794139219,1310.9288585996749,29366277
2025-01-20,1294.272705078125,1304.7324245206253,1289.1172758229052,1304.7324245206253,14040244
2025-01-21,1262.7945556640625,1301.7581181984158,1259.324522599558,1299.2795231523412,14562976
2025-01-22,1266.1654052734375,1271.9157939003728,1257.83730213362,1267.3552034506358,10273590
2025-01-23,1252.83056640625,1266.4132176584087,1250.7980702365203,1259.126173066555,8720682
2025-01-24,1235.6292724609375,1262.1006196074513,1232.8531975505623,1255.1605533566642,14235970
2025-01-27,1218.82421875,1229.8291557820492,1209.5542981292017,1228.4907387555406,9536019
2025-01-28,1223.8311767578125,1234.0925365684338,1208.0672872533735,1227.400329601704,10568025
2025-01-29,1224.921630859375,1232.1095562529247,1217.53546627882,1225.4173498520336,5928156
2025-01-30,1242.3214111328125,1246.237542749693,1221.8481926097397,1224.971246456504,9269259
2025-01-31,1254.2681884765625,1256.1519448799122,1238.306060895825,1245.09738698474,6584612
2025-02-01,1253.7724609375,1259.6715896071485,1230.374548522757,1254.2681799336815,7118453
2025-02-03,1235.232666015625,1245.2461659154887,1226.9541826685895,1240.2889757645512,9252345
2025-02-04,1274.196044921875,1277.7653184740125,1235.9265630557768,1237.3642207434832,16691069
2025-02-05,1267.2559814453125,1279.4507170461238,1265.7688244708304,1271.6679530846961,10112028
2025-02-06,1270.577392578125,1276.9721191435924,1259.4732145791813,1262.7945076095025,9956001
2025-02-07,1255.8544921875,1272.7089385364054,1251.1947819010975,1265.2236540965398,8764283
2025-02-10,1242.916259765625,1255.6562137259161,1234.8856362555493,1253.673337746878,6970972
2025-02-11,1224.2772216796875,1253.7230036544372,1219.567891058193,1253.7230036544372,8859714
2025-02-12,1206.1339111328125,1216.3952699200001,1183.1324776076385,1209.0089844264594,21131654
2025-02-13,1205.687744140625,1217.4858807075602,1201.622872489872,1206.629682868639,8511216
2025-02-14,1206.827880859375,1213.5200872227356,1195.1288642881832,1208.56289732395,10298145
2025-02-17,1214.412353515625,1216.9900679473901,1194.1869953911457,1200.7304615718228,8166683
2025-02-18,1214.908203125,1219.3696743222742,1205.6877809072391,1214.362863790828,6673250
2025-02-19,1216.9405517578125,1222.1952216847485,1207.125412159616,1209.0586678925579,6217338
2025-02-20,1222.4429931640625,1228.738599945727,1211.5371757067999,1213.4704313005311,7795582
2025-02-21,1217.634521484375,1229.3830367840985,1211.6858938870325,1218.1797397323817,6904025
2025-02-24,1204.1510009765625,1212.7764626626977,1200.1356289010387,1206.1338768607443,7172498
2025-02-25,1193.6912841796875,1210.5457292220917,1191.2126893205104,1200.6313497853835,11552182
2025-02-27,1196.7647705078125,1204.597154814102,1190.370043898487,1202.416039651657,11509215
2025-02-28,1189.82470703125,1206.9270123506615,1183.0830013175257,1191.7084634163882,23007298
2025-03-03,1161.2216796875,1196.1202465389174,1146.1022512006402,1193.6912720117396,17944938
2025-03-04,1151.9517822265625,1163.948157257321,1149.6219272411693,1152.2491409974891,11377373
2025-03-05,1165.5345458984375,1172.8712116641736,1147.0938223968292,1151.0595745918054,8664095
2025-03-06,1199.243408203125,1203.5561393973805,1175.002796955133,1186.75131332057,14468014
2025-03-07,1239.0992431640625,1244.0564330934674,1201.622838887705,1205.5885908312287,16474965
2025-03-10,1227.7967529296875,1247.2289120927182,1224.8224391488623,1234.3402190424754,11931051
2025-03-11,1236.62060546875,1238.801720552263,1219.2208210077197,1229.3830600118497,10089838
2025-03-12,1246.287109375,1252.1861167007874,1233.3487958636417,1247.2289270068015,11977555
2025-03-13,1237.215576171875,1253.326444606414,1233.2002036288977,1249.2615727756533,9505270
2025-03-17,1228.2427978515625,1246.6340190017775,1222.5420300210542,1231.5145912773855,16640917
2025-03-18,1228.2427978515625,1228.2427978515625,1228.2427978515625,1228.2427978515625,0
2025-03-19,1236.471923828125,1242.5196714129374,1228.1934407470596,1230.4241762433128,16162399
2025-03-20,1258.2835693359375,1262.1005814534499,1239.347127629136,1241.1316434245866,15971477
2025-03-21,1265.4217529296875,1270.0319634187874,1259.2252659887295,1264.0833359554676,21780769
2025-03-24,1290.9512939453125,1294.8179260458828,1273.254151243817,1279.9463572168718,20299319
2025-03-25,1274.4439697265625,1296.50346593687,1271.6183955406093,1296.50346593687,13713899
2025-03-26,1262.150146484375,1282.7224842048433,1257.8869148358597,1279.9464094999762,12074747
2025-03-27,1267.2559814453125,1273.9978081396894,1260.4151561828103,1267.2064821612498,15028056
2025-03-28,1264.1824951171875,1284.6557128160619,1258.1347478785124,1269.0405652360093,18147129
2025-04-01,1241.8751220703125,1266.9585500115554,1238.603449529153,1253.7723771839194,12099648
2025-04-02,1240.437744140625,1244.8000957785905,1233.2498182568117,1236.8685913550723,10142590
2025-04-03,1238.0086669921875,1241.08222182284,1222.4927580494818,1222.4927580494818,7434366
2025-04-04,1194.38525390625,1234.7863505024063,1182.9342181609516,1230.473619610667,17908652
2025-04-07,1155.7191162109375,1161.2216449878495,1105.304523000697,1122.5059464290011,22156106
2025-04-08,1172.0780029296875,1186.3547349162204,1153.3399207865864,1161.9653833278503,19555040
2025-04-09,1175.2010498046875,1179.613021672609,1157.9996241138485,1159.4867811653644,10223104
2025-04-11,1208.5133056640625,1212.1816988912137,1184.917153801556,1184.917153801556,11224242
2025-04-15,1229.4822998046875,1240.288998738938,1226.5079856590305,1240.288998738938,13378535
2025-04-16,1228.689208984375,1230.2754856402491,1218.477348782242,1223.5336585713449,8248464
2025-04-17,1263.5877685546875,1269.238916912585,1217.0893007676923,1229.5813957339365,15398401
2025-04-21,1284.4078369140625,1289.7616259352505,1256.1518559398821,1259.126169726638,10429964
2025-04-22,1280.144775390625,1292.7361113748846,1275.2868257139828,1288.8694787336528,13051707
2025-04-23,1288.869384765625,1294.8180126953125,1274.3944143417477,1285.8950708007812,10480888
2025-04-24,1290.4556884765625,1293.3308829080645,1279.2525115884996,1281.3345072026398,10468940
2025-04-25,1289.2659912109375,1313.85358083958,1277.071255478384,1292.3394247863746,14431012
2025-04-28,1357.0804443359375,1362.8307123815491,1308.8964585313056,1328.5269802313521,31104496
2025-04-29,1387.7156982421875,1398.8198762816546,1358.2700385179512,1359.2614765022709,32538970
2025-04-30,1392.9703369140625,1400.3070020394923,1357.2785702742715,1389.9960230274132,25480745
2025-05-02,1407.6436767578125,1414.4845019236116,1397.0352178747166,1401.8932881277126,13007841
2025-05-05,1419.0452880859375,1427.1750314493302,1414.6829365878357,1418.747808269532,12685649
2025-05-06,1408.7342529296875,1419.7391903256466,1398.5223933042987,1418.7477523435755,14084117
2025-05-07,1393.9617919921875,1412.2042749259901,1390.6899982666434,1408.7342420156256,13440169
2025-05-08,1394.9532470703125,1408.6351396947061,1386.030305191398,1392.0780527042998,16106175
2025-05-09,1365.4083251953125,1382.8577303043132,1362.731491083779,1373.637308764333,13668904
2025-05-12,1424.2005615234375,1426.6791563050656,1388.013077711669,1388.013077711669,10674081
2025-05-13,1403.57861328125,1435.304626683893,1400.3069407641844,1421.226256646525,11407896
2025-05-14,1412.204345703125,1417.6572548355593,1403.3805230837922,1407.8419941921477,5570160
2025-05-15,1441.7491455078125,1448.8875719918406,1400.6044669576877,1412.7992032271827,20177211
2025-05-16,1443.9302978515625,1448.4908883531898,1434.9082364412498,1440.757623701411,9036695
2025-05-19,1428.4638671875,1442.1456384779733,1425.886031660542,1439.667043567546,6195791
2025-05-20,1412.4024658203125,1432.6278240113834,1409.6265122020175,1425.88599760598,11270560
2025-05-21,1416.9630126953125,1423.9030780659657,1405.9580760983038,1411.708464386899,6136364
2025-05-22,1397.332763671875,1411.6094953044076,1384.9397884743898,1409.031659643212,12134466
2025-05-23,1414.5838623046875,1421.5239286750705,1394.5567410207764,1394.5567410207764,6474883
2025-05-26,1422.5152587890625,1428.6621258406371,1412.898237790455,1419.7391840414937,4842944
2025-05-27,1409.9239501953125,1424.696400543767,1401.794207036506,1413.8897021801247,12640414
2025-05-28,1400.8028564453125,1410.4197571984832,1398.621620102477,1407.9411620533203,5944611
2025-05-29,1405.660888671875,1407.842003929875,1396.5395861721686,1400.0096192804465,13771917
2025-05-30,1408.7342529296875,1418.3511529457182,1397.6300749154059,1405.8590585766528,13788484
2025-06-02,1401.5958251953125,1405.3633379328091,1383.650821945961,1400.0095486308933,8098668
2025-06-03,1393.466064453125,1414.2862617875367,1391.3840689247124,1410.1222707307113,11252626
2025-06-04,1411.3118896484375,1413.493004678654,1394.0608455067168,1402.5871874772963,8126827
2025-06-05,1430.0501708984375,1442.244785474372,1411.4110884077945,1415.7734397380668,13716817
2025-06-06,1431.140625,1439.0721282906131,1424.6962785763767,1428.6620302216834,8182161
2025-06-09,1436.3953857421875,1445.0208477095387,1432.9253528317358,1444.5251287223314,7885125
2025-06-10,1426.1834716796875,1441.4516401070769,1423.704876838395,1437.5850079496329,7913181
2025-06-11,1436.4945068359375,1456.0257865422643,1430.7441181682645,1433.4210733170682,8195700
2025-06-12,1429.2569580078125,1444.5251270006308,1422.1186530105915,1441.055094094315,8828114
2025-06-13,1415.67431640625,1423.2092208521976,1402.1907840779525,1411.8076840776937,9757276
2025-06-16,1425.489501953125,1430.050092219024,1412.204209506703,1414.6828043278585,8458093
2025-06-17,1418.9459228515625,1435.602128554236,1413.5922548276174,1435.602128554236,10366599
2025-06-18,1417.85546875,1430.4468040463896,1413.4931173168031,1417.7563491543892,6681735
2025-06-19,1421.028076171875,1427.5715425014369,1413.4930508573852,1417.8554020854735,10007230
2025-06-20,1453.6463623046875,1458.4053131642288,1415.8725983169522,1418.7477927518771,29010635
2025-06-23,1444.326904296875,1451.266970188698,1429.6535737155343,1440.5593915455418,5989078
2025-06-24,1438.378173828125,1462.3709229333156,1430.7440292763747,1452.4565437947847,16402744
2025-06-25,1454.737060546875,1459.7933702625824,1447.9952335758323,1451.4652666586912,7525851
2025-06-26,1482.4971923828125,1485.9672251547677,1452.55569413543,1456.5214458748073,14657893
2025-06-27,1502.425048828125,1508.9685148979506,1484.0834473001275,1486.5620421012081,11117052
2025-06-30,1487.7518310546875,1511.7447031481738,1483.191240482831,1500.838885203447,8409527
2025-07-01,1515.3138427734375,1518.2881567329412,1487.256099345396,1487.7518183386467,10368523
2025-07-02,1505.796142578125,1516.9002002088087,1495.7825215605471,1515.3139235508756,6361002
2025-07-03,1504.8045654296875,1518.783816287235,1500.0456148706696,1507.7788792727886,11283291
2025-07-04,1514.223388671875,1516.900223008299,1504.2097675037892,1510.9515946827762,6603501
2025-07-07,1528.3016357421875,1531.5734294639212,1511.9429091838053,1513.5291857359532,7251074
2025-07-08,1524.43505859375,1531.6726044702705,1517.0983931213486,1522.8487819842126,7171261
2025-07-09,1505.9942626953125,1537.7202774459709,1497.1704406377573,1523.5426661942138,8870660
2025-07-10,1504.209716796875,1511.6455019531181,1494.5928164048603,1506.688311848956,10047129
2025-07-11,1482.3980712890625,1502.0285923917668,1477.540121836759,1499.0542783474266,7234991
2025-07-14,1470.9964599609375,1487.1569471972039,1466.4358695278945,1479.4236826617216,10311846
2025-07-15,1472.6820068359375,1483.6869442622558,1469.7076928815193,1473.4750846086956,8132454
2025-07-16,1472.8802490234375,1478.234038357326,1458.9009976142222,1460.388154594461,10409983
2025-07-17,1463.759033203125,1476.845965908467,1461.2804382949055,1474.6648507992907,11854613
2025-07-18,1463.3624267578125,1472.0871292027396,1456.521480639079,1472.0871292027396,10296318
2025-07-21,1416.3682861328125,1463.362470991638,1410.9153771961905,1452.4566531183941,22442744
2025-07-22,1400.70361328125,1419.640054314783,1398.6214967228645,1415.178583447059,20396320
2025-07-23,1412.4024658203125,1413.7905031420296,1402.2898472373465,1413.7905031420296,8354596
2025-07-24,1390.8883056640625,1410.8161839876018,1384.0473596954969,1407.0486714179167,14740507
2025-07-25,1379.7841796875,1389.0046012536307,1372.2492752918665,1386.9226057137396,11854722
2025-07-28,1375.7193603515625,1395.746480796028,1373.1416457270684,1380.379191620021,7748361
2025-07-29,1404.966796875,1408.0402305383973,1371.1587845273314,1371.1587845273314,10750072
2025-07-30,1398.0267333984375,1411.1137879299629,1389.3021514025702,1405.9582375902166,7209849
2025-07-31,1378.2969970703125,1390.5908519212596,1370.365493427784,1376.215001569177,17065827
2025-08-01,1381.76708984375,1393.8627060383,1372.4476694796913,1375.025384070285,10321171
2025-08-04,1399.4146728515625,1403.975263237478,1379.7841529413568,1383.155066191865,6312820
2025-08-05,1379.7841796875,1398.918980991344,1376.2150271869518,1398.918980991344,9315972
2025-08-06,1380.8748779296875,1383.9483114870873,1371.456217044825,1379.9825595355662,5834312
2025-08-07,1377.50390625,1381.7670168023217,1354.3042341107182,1375.818389126872,9976705
2025-08-08,1356.0888671875,1385.2370458989403,1353.312792536344,1373.1415514013454,8793606
2025-08-11,1374.331298828125,1376.1159356273254,1349.5453489789295,1358.2700517359046,9997486
2025-08-12,1368.5810546875,1389.8969719255274,1363.4255044148417,1370.0682117041065,12244664
2025-08-13,1370.7620849609375,1379.8833867126677,1365.7057756228248,1376.115874093997,7457021
2025-08-14,1367.4774169921875,1374.3455639562076,1363.794372575189,1370.961308962897,7126128
2025-08-18,1375.3409423828125,1388.4802648218374,1370.6626218339861,1383.602791829514,11785109
2025-08-19,1413.564208984375,1414.460091190419,1382.7068811681168,1383.6027633741608,14384719
2025-08-20,1406.4969482421875,1418.342205158243,1403.510755146132,1406.4969482421875,8725641
2025-08-21,1418.24267578125,1425.3099750709036,1413.7633861810953,1418.4417067156319,11021323
2025-08-22,1402.71435546875,1416.84907536351,1401.4204113959267,1413.464698965694,5818868
2025-08-25,1406.0987548828125,1412.9670232567023,1399.230486508923,1408.1890657335161,5979407
2025-08-26,1378.5262451171875,1403.5107021083375,1375.241384232256,1401.519906786198,12145259
2025-08-28,1379.521728515625,1385.7926612650012,1360.2109883890075,1383.50331940736,13161813
2025-08-29,1350.9537353515625,1397.0406983353935,1343.7869203796088,1374.7437651325777,18758842
2025-09-01,1347.6689453125,1356.9260708455383,1334.430107544873,1349.759256141992,11232238
2025-09-02,1360.2109375,1378.128095842481,1348.2661652716795,1348.5648331807902,11517006
2025-09-03,1366.2828369140625,1370.1649121838109,1354.2385492379765,1363.3961593284287,7847563
2025-09-04,1353.0440673828125,1367.6763641601647,1350.8541196588233,1365.4865379446771,13223177
2025-09-05,1368.671875,1374.6442613636364,1353.0441792852228,1356.7271022727273,5777575
2025-09-08,1372.15576171875,1379.6212446443146,1366.0838599076599,1373.6488583038629,6986720
2025-09-09,1369.8662109375,1374.843199236951,1362.4007284883235,1370.2643943031567,9754452
2025-09-10,1370.66259765625,1382.1096709119122,1367.7759200987732,1377.5308659113482,7790815
2025-09-11,1376.9337158203125,1379.1235422027225,1368.6718661340626,1369.6672638548873,9766072
2025-09-12,1388.579833984375,1389.873899637371,1374.146566892781,1376.9337291414593,7403368
2025-09-15,1392.8599853515625,1394.3530818320328,1382.2091575524387,1386.5889315301856,5396697
2025-09-16,1398.8323974609375,1401.5199225726963,1391.7649767809332,1398.2350616507645,8686961
2025-09-17,1407.2933349609375,1409.6821922648512,1400.4250664409112,1400.5245819104894,7519417
2025-09-18,1408.4876708984375,1415.4554544293837,1404.2074124117412,1413.8628424954393,9332642
2025-09-19,1400.9227294921875,1410.4785229891424,1397.1401696768169,1408.3882121473878,13461373
2025-09-22,1384.199951171875,1404.2074196840813,1381.6119415772491,1397.4387885526373,7757970
2025-09-23,1383.40380859375,1388.5798281670254,1370.4636381520502,1384.5982372618869,14014702
2025-09-24,1376.635009765625,1389.5751797778832,1374.0470000648747,1378.9244730635044,5922759
2025-09-25,1366.0838623046875,1378.128150477363,1362.6994857374575,1374.942926360271,11411143
2025-09-26,1371.2598876953125,1376.3363918134596,1359.7132983361805,1365.685684712474,9879109
2025-09-29,1366.48193359375,1382.6073268149732,1361.7039763015719,1375.2413599514077,14231999
2025-09-30,1357.722412109375,1370.7620971908361,1356.5279835173724,1370.7620971908361,14604684
2025-10-01,1362.4007568359375,1372.255218175594,1356.4283707523282,1360.7086293823172,12045916
2025-10-03,1357.125244140625,1365.287456651113,1350.6551591113212,1356.926091696157,12842347
2025-10-06,1368.671875,1371.0608538471567,1352.7455113636363,1353.740909090909,12396580
2025-10-07,1378.4267578125,1389.47564777439,1369.5676941462978,1369.667209612737,11244040
2025-10-08,1361.1068115234375,1382.6073771032557,1358.2201339506064,1378.426755451918,8525081
2025-10-09,1371.458984375,1373.6488106871855,1362.7989515764332,1367.676424553763,8826633
2025-10-10,1375.3409423828125,1381.6119964455866,1368.7713419175536,1371.45898859096,6373084
2025-10-13,1368.671875,1371.3594002602317,1361.505059967041,1370.5631549835205,7600682
2025-10-14,1369.5677490234375,1381.612037149334,1363.7943936365562,1373.6488553790207,9768174
2025-10-15,1367.97509765625,1377.6304066718624,1366.382364141153,1376.6350089791804,10882743
2025-10-16,1391.8646240234375,1394.0544503152107,1368.671809484766,1368.7713249510273,12315932
2025-10-17,1410.279541015625,1416.7496262080865,1392.6609284325848,1394.5522084059296,19335561
2025-10-20,1460.04931640625,1467.0170999313523,1426.7034952504036,1433.3726108781723,24721978
2025-10-21,1458.4566650390625,1467.2162134241023,1453.2806455896807,1461.2438272093502,2066169
2025-10-23,1441.7340087890625,1476.0752283864208,1437.9514490416038,1468.2115624957596,18707090
2025-10-24,1444.9193115234375,1453.0816457634617,1434.3681199531734,1443.3266994671071,9700837
2025-10-27,1477.2696533203125,1478.16553552233,1451.289798512833,1456.266786847925,14113867
2025-10-28,1480.056884765625,1485.1333888036675,1470.79963742504,1477.26972256393,17631577
2025-10-29,1497.277099609375,1501.3583271895798,1481.2512217130793,1483.1425015536738,11884745
2025-10-30,1481.6494140625,1496.1821955688695,1477.1701246011085,1493.0964871305005,9318663
2025-10-31,1479.5592041015625,1490.6080945575152,1475.4780977270138,1483.540795005222,8758053
2025-11-03,1477.866943359375,1488.1195884585134,1472.4918928888083,1479.1610089962214,8452085
2025-11-04,1466.3203125,1485.9297198935935,1463.334119430687,1477.07065615293,10007806
2025-11-06,1489.2144775390625,1494.6891648996161,1469.406038969176,1477.1701896475465,16772678
2025-11-07,1471.19775390625,1491.5038906434634,1469.1074431042953,1487.7213309001133,7821765
2025-11-10,1482.44580078125,1494.0919049344996,1468.7092643110286,1471.0982430243503,7068438
2025-11-11,1486.5269775390625,1491.9021495222175,1473.3876547459602,1490.1103850249956,7127506
2025-11-12,1504.5435791015625,1517.6827797499902,1493.0965058897411,1498.0734942427068,12384459
2025-11-13,1503.9464111328125,1515.0948167835015,1499.8653048593553,1508.0275174062697,7196443
2025-11-14,1511.9095458984375,1513.900341239272,1498.5711928131457,1498.5711928131457,7682823
2025-11-17,1511.3123779296875,1516.6874283079178,1504.5436249599409,1513.900387650411,5871416
2025-11-18,1512.4072265625,1520.7685911952462,1503.5481631005248,1514.696568271851,11045042
2025-11-19,1511.9095458984375,1515.2939222795571,1505.0412776708577,1510.4164493928117,5692366
2025-11-20,1541.9705810546875,1543.7623455509595,1519.6736478639639,1522.9585089376258,18171724
2025-11-21,1539.4820556640625,1550.6305827884978,1533.0119706260582,1533.9078528560988,9615271
2025-11-24,1528.831298828125,1542.8663816107544,1524.7501927010492,1542.8663816107544,18433951
2025-11-25,1532.61376953125,1552.4222077972818,1518.0809876078647,1528.8313312270848,15033482
2025-11-26,1562.6748046875,1564.3669320995493,1533.4100892950657,1535.2018536795324,14054299
2025-11-27,1556.2047119140625,1568.2489991897637,1548.8387449947777,1567.7513003642512,9794643
2025-11-28,1560.285888671875,1574.0224254817672,1555.806599039324,1560.7835875199362,8959508
2025-12-01,1558.892333984375,1570.2398922139623,1556.403839701944,1567.7513979315313,8920233
2025-12-02,1539.1834716796875,1560.2858537619331,1534.9032130787248,1553.9152843475838,11389150
2025-12-03,1531.718017578125,1545.2554018922647,1525.9446623591427,1538.0884656023031,6090883
2025-12-04,1528.53271484375,1553.3181423785347,1510.6155558800758,1528.9308982335338,11867930
2025-12-05,1533.5096435546875,1538.685784402705,1513.6016899280953,1523.356635808528,10183266
2025-12-08,1535.898681640625,1543.861863398969,1527.9354998822807,1532.1161217020071,11301491
2025-12-09,1522.3612060546875,1535.4008911036892,1513.1039592099478,1533.211064854301,11503971
2025-12-10,1529.8267822265625,1540.3779737710465,1524.3520947592017,1526.9401045329791,7991629
2025-12-11,1537.889404296875,1542.8663926602953,1516.9860531705099,1529.826707449835,4706197
2025-12-12,1549.3365478515625,1552.62140892391,1538.9843872841,1543.6628294631555,5106655
2025-12-15,1549.037841796875,1551.4268205626304,1539.3825327747268,1544.060853330096,5774543
2025-12-16,1535.201904296875,1544.5585453663573,1531.7180123854912,1537.8894294536826,11731856
2025-12-17,1537.292236328125,1542.8664391614582,1532.2157323461342,1542.8664391614582,7116649
2025-12-18,1537.292236328125,1544.3595357154854,1528.1345045583196,1528.1345045583196,6580829
2025-12-19,1557.8968505859375,1566.9549449740825,1543.8617679066683,1547.2461442463334,13937275
2025-12-22,1568.1495361328125,1570.2398469681211,1558.0960438231807,1566.2582562309594,10184852
2025-12-23,1563.4710693359375,1573.6241984599117,1560.8830596994947,1573.6241984599117,7506564
2025-12-24,1551.0286865234375,1568.448146711295,1546.4498812900458,1565.4619535362338,8815745
2025-12-26,1552.0240478515625,1553.8158123179846,1547.1466963201515,1547.5447581940155,2311495
2025-12-29,1538.4866943359375,1550.9291658570105,1536.495898892566,1547.7439417510202,5972105
2025-12-30,1532.71337890625,1546.449793829553,1530.7225835687998,1539.8801935176687,8815884
2025-12-31,1563.172607421875,1569.7422080874378,1533.9078900841737,1533.9078900841737,5771830
