Date,Close,High,Low,Open,Volume
,TCS.NS,TCS.NS,TCS.NS,TCS.NS,TCS.NS
2020-01-01,1841.14990234375,1854.994884100792,1829.5980397567605,1841.4895776196179,1354908
2020-01-02,1832.6976318359375,1851.6391879395187,1825.5202832378156,1851.6391879395187,2380752
2020-01-03,1869.2218017578125,1888.2058708575746,1838.091545000356,1838.091545000356,4655761
2020-01-06,1869.052490234375,1890.7120778453518,1858.39253407301,1872.9172816550415,3023209
2020-01-07,1873.6392822265625,1881.1137972699646,1854.9100686216645,1869.0949330238905,2429317
2020-01-08,1915.59912109375,1919.6337495496618,1870.4113238619245,1872.916999007524,5197454
2020-01-09,1880.8582763671875,1912.7954103144843,1877.1633244314376,1910.0773872466946,3734173
2020-01-10,1880.1790771484375,1897.5491701998333,1875.464891585153,1892.4527982118302,1915807
2020-01-13,1860.4732666015625,1884.7658502170664,1855.6740582476968,1883.8316397156548,2843893
2020-01-14,1874.53076171875,1893.9820422173525,1864.423038671992,1864.423038671992,2948452
2020-01-15,1891.5186767578125,1895.0012811106913,1863.7434865458179,1879.7121627512147,2620681
2020-01-16,1901.627197265625,1910.290992216573,1881.411537465411,1891.5617749403157,3117214
2020-01-17,1884.8936767578125,1914.1553108756536,1879.7122811497393,1903.2830067719287,3281059
2020-01-20,1843.485595703125,1904.5145376017022,1831.4665250245262,1864.338089209866,5817599
2020-01-21,1844.080078125,1857.2457079207597,1833.0379370059754,1843.1456601584598,1902980
2020-01-22,1874.53076171875,1877.1639705991354,1846.3308738610604,1852.531502206658,1773686
2020-01-23,1865.208740234375,1888.0242706786876,1859.0366396989582,1881.2562847635886,2069866
2020-01-24,1858.78125,1865.2087895374152,1847.3735883977176,1865.2087895374152,1319430
2020-01-27,1846.7352294921875,1867.3372358912159,1843.1171012334153,1864.1447697805345,1549101
2020-01-28,1859.0791015625,1862.5270059181612,1832.0495599599315,1850.7786911491128,1743024
2020-01-29,1834.262939453125,1861.8031486385769,1830.3467655617828,1860.1431082569748,2306761
2020-01-30,1820.00390625,1843.1172799959436,1809.064304845903,1838.8606581021884,2098567
2020-01-31,1769.945556640625,1825.5370664923971,1763.6032331447177,1821.3228455779938,3287223
2020-02-03,1789.908935546875,1868.4009766691222,1781.9915797806525,1832.0494788570156,4728073
2020-02-04,1794.3787841796875,1819.0245809705073,1776.3733584635934,1812.469425462486,3509339
2020-02-05,1827.4100341796875,1836.0508918196194,1791.441586117532,1800.550713643998,2439322
2020-02-06,1811.916259765625,1850.9493564278314,1800.9766587532843,1826.0907270270834,2640065
2020-02-07,1818.896728515625,1831.1983214168304,1803.955947504539,1820.982431199721,2083442
2020-02-10,1840.5205078125,1844.8197370470068,1803.95617111334,1822.6000899334376,2383032
2020-02-11,1833.2413330078125,1851.4597944393743,1828.30381923486,1841.4141279471985,1335820
2020-02-12,1848.01220703125,1860.1435781933808,1830.3472279706034,1831.2837678290286,1620407
2020-02-13,1866.0601806640625,1870.35940976988,1848.2249788850293,1849.8850196328256,1645948
2020-02-14,1859.4620361328125,1883.1288874074874,1848.2245997114173,1862.6971092439342,1500115
2020-02-17,1875.6802978515625,1887.3860071879787,1864.5704739673392,1870.3169130961255,1774724
2020-02-18,1886.322021484375,1890.7914745421626,1861.03772861175,1872.8710545228403,2486223
2020-02-19,1869.806396484375,1898.4533789078785,1864.8260656940392,1886.3220064193415,1760463
2020-02-20,1836.1361083984375,1885.1722584745487,1831.4112174368338,1876.744231883556,2317278
2020-02-24,1800.8487548828125,1854.9928500570545,1793.484675743761,1835.455000961397,3092877
2020-02-25,1835.583251953125,1853.035404340181,1797.1460336134262,1800.9769938935117,2674567
2020-02-26,1807.872314453125,1842.1805164789253,1798.8055862140268,1833.7524892892445,2686842
2020-02-27,1792.46337890625,1804.7649739205312,1776.0327777495097,1804.7649739205312,2349001
2020-02-28,1702.7764892578125,1761.815814566888,1694.1355259667105,1760.5388279895265,4298076
2020-03-02,1703.7552490234375,1748.5773872786488,1690.47450769598,1732.4448344429431,2667076
2020-03-03,1733.4664306640625,1753.7279897845094,1712.8644249739966,1719.675019109082,2757585
2020-03-04,1773.478515625,1783.0559127872634,1723.9314892074535,1750.322539165691,3237002
2020-03-05,1809.106201171875,1828.431215401062,1774.201915369783,1775.6065169051924,3937056
2020-03-06,1801.7850341796875,1807.9145267581093,1763.603269094782,1786.0781444966012,2595027
2020-03-09,1679.109619140625,1770.6694938039764,1647.3126743502442,1766.4980874815278,4940975
2020-03-11,1663.23193359375,1691.8365078837899,1634.542351595249,1645.6095654341752,6796449
2020-03-12,1506.7164306640625,1624.6674648863457,1496.9262003102722,1620.9216168362611,8728786
2020-03-13,1537.7470703125,1549.410171241741,1282.1369582711084,1436.9502559705115,8029720
2020-03-16,1444.1865234375,1568.3521483806219,1426.6917679868736,1494.0741052560682,7844271
2020-03-17,1411.4954833984375,1473.642148228405,1381.8268566577278,1472.790824052652,5713248
2020-03-18,1408.430908203125,1458.7867600988843,1385.743095379605,1427.5005928402754,7258778
2020-03-19,1403.242919921875,1445.3483338842107,1326.406953752035,1337.512113141157,5135111
2020-03-20,1541.3934326171875,1602.750787961189,1395.2250037521962,1397.7976374407374,8547498
2020-03-23,1431.8416748046875,1500.7025239172867,1387.292290324109,1389.221764997717,7003490
2020-03-24,1460.5264892578125,1517.8533006073233,1400.2410874800578,1417.5635438886252,6350865
2020-03-25,1500.9600830078125,1552.1554444696912,1440.6746666901001,1457.825555579268,2765520
2020-03-26,1535.819091796875,1571.0642501631833,1477.163138944683,1570.6782923771457,4556067
2020-03-27,1564.5897216796875,1586.4571033748543,1501.0457040428153,1560.7307719687758,4331250
2020-03-30,1525.142822265625,1633.6221964666943,1512.322574459605,1514.4235165145312,8513547
2020-03-31,1565.961669921875,1590.744721834302,1526.4288975013787,1575.651962660317,3927593
2020-04-01,1465.3287353515625,1573.379310716184,1459.5403116713148,1565.7900650493316,4941878
2020-04-03,1418.550048828125,1492.127407700835,1414.94840385424,1492.127407700835,5735369
2020-04-07,1522.3126220703125,1531.4454899369334,1462.1130531895685,1466.4007747531741,5427577
2020-04-08,1462.4989013671875,1548.7250235952267,1458.6828710606205,1509.2779853419709,6285615
2020-04-09,1514.5518798828125,1525.3998361674085,1484.5806439179864,1501.0883716221585,5307397
2020-04-13,1508.635009765625,1532.4318672452305,1497.2725462843719,1510.135712489564,2990438
2020-04-15,1487.9678955078125,1553.8701488193374,1481.6649663369851,1530.7164545488506,4761399
2020-04-16,1471.589111328125,1513.4801343842425,1436.429790884263,1466.3580067370287,6245533
2020-04-17,1548.8966064453125,1588.129261555782,1503.2752876208317,1543.5798731988004,9895823
2020-04-20,1559.5731201171875,1569.306227972019,1545.7237573330954,1569.306227972019,3244282
2020-04-21,1490.1119384765625,1538.9490466079792,1481.5793095129716,1513.5657551629176,5122541
2020-04-22,1517.4249267578125,1535.0045882432803,1474.2475839967224,1490.1121565567787,3829836
2020-04-23,1610.6826171875,1629.334206126048,1510.0068931991498,1526.4288878444029,5934366
2020-04-24,1559.4874267578125,1588.1293262719785,1550.268824361662,1578.481951671356,2987102
2020-04-27,1574.966064453125,1607.8957911928987,1565.0185700944214,1571.2786862470853,3374741
2020-04-28,1594.2177734375,1601.8927530533501,1571.5356638848284,1599.320120152301,2678505
2020-04-29,1634.1796875,1640.0967654504395,1586.5002345238574,1607.038383302634,4241510
2020-04-30,1727.47998046875,1742.5299239976018,1665.5224081218864,1697.9376227929388,5915544
2020-05-04,1655.4464111328125,1685.9321539578934,1641.0397291871698,1685.9321539578934,3729348
2020-05-05,1657.4190673828125,1695.3654100198269,1652.4881867011666,1676.5851652701094,2905528
2020-05-06,1632.4217529296875,1675.3847131191344,1623.846307595238,1663.4649278488328,3517431
2020-05-07,1622.1739501953125,1658.8767891775371,1615.0562895178284,1637.909869629695,3166754
2020-05-08,1623.6746826171875,1663.2074608272865,1617.543218863351,1662.864422111132,2686530
2020-05-11,1659.605712890625,1673.4121567420582,1637.0522533839771,1637.0522533839771,2449841
2020-05-12,1671.7828369140625,1677.7856478186013,1638.1242186278982,1657.976392769766,3256595
2020-05-13,1671.9114990234375,1709.9435731059755,1651.3304329479392,1709.9435731059755,2656665
2020-05-14,1631.349365234375,1649.1434093182913,1621.701991935866,1637.909600013501,2263146
2020-05-15,1623.2454833984375,1644.2553168974741,1599.4914455727446,1643.054734047105,3173682
2020-05-18,1668.4384765625,1674.7414073927082,1605.408958898977,1635.3372814195693,3727694
2020-05-19,1671.053955078125,1686.3181829466914,1631.907031366429,1631.907031366429,3198693
2020-05-20,1675.2987060546875,1683.2739107858047,1656.5184629025853,1672.2115671745078,2778505
2020-05-21,1707.54248046875,1713.3738246471444,1664.6224432153253,1668.781512894566,3400908
2020-05-22,1732.53955078125,1742.5299624964662,1681.8587051900563,1695.4507609790985,3663418
2020-05-26,1666.2086181640625,1735.6697082676596,1650.7728203632632,1727.95180936726,4575317
2020-05-27,1719.6339111328125,1723.6643281372642,1664.708147759435,1679.929561602438,3482160
2020-05-28,1718.7762451171875,1727.0943837425712,1690.477280537493,1705.227002021898,3475681
2020-05-29,1691.377685546875,1717.3613228796191,1682.8451605930363,1699.6530099877514,7237735
2020-06-01,1753.8927001953125,1766.5414802113892,1698.8812054943344,1706.5133716605167,3747773
2020-06-02,1755.521728515625,1784.54958037902,1749.4331852899709,1766.7126181454335,2443886
2020-06-03,1759.822265625,1774.9593907336337,1737.3315417477602,1764.7246998002104,3699799
2020-06-04,1798.869140625,1806.1366484770788,1760.338183462124,1760.338183462124,4048593
2020-06-05,1761.62841796875,1804.4166585614244,1754.7909421206657,1798.912325671897,3573289
2020-06-08,1781.8399658203125,1801.8364804602654,1773.5404211540367,1787.4303892680414,2957841
2020-06-09,1782.0980224609375,1802.2665080792453,1771.949211772973,1774.4004814225148,2909439
2020-06-10,1813.6622314453125,1833.658744489108,1783.3449374756872,1786.3982104949437,5168397
2020-06-11,1778.3135986328125,1810.4371155285323,1773.2823435615098,1806.136789838441,2269513
2020-06-12,1754.1029052734375,1762.4454953845413,1729.591048053387,1729.763019091141,2842642
2020-06-15,1745.8463134765625,1770.874188981728,1720.9473637564458,1753.75887106285,2399022
2020-06-16,1759.521240234375,1783.731989037868,1746.7922346384917,1776.0344483153544,2146528
2020-06-17,1761.2413330078125,1770.7450942461157,1742.964949848317,1759.6931738507012,2703527
2020-06-18,1752.8988037109375,1771.0461578181796,1741.8039420092923,1758.8332743874846,1944389
2020-06-19,1758.489013671875,1797.535988682077,1747.6522148334834,1756.252865497034,5681758
2020-06-22,1744.1690673828125,1765.068692384611,1736.6005571060468,1763.1335458099416,3196138
2020-06-23,1750.490478515625,1757.9730026273335,1728.7307902548632,1743.3518964410985,4205944
2020-06-24,1756.425048828125,1775.3895278290074,1747.3083790204387,1749.3725564268868,2560937
2020-06-25,1733.9775390625,1771.7344247428127,1728.0861130652897,1750.2327933745748,3043931
2020-06-26,1822.34912109375,1833.6588937884342,1737.2885520515113,1741.6319230401405,6300722
2020-06-29,1807.5556640625,1829.874520532518,1798.6541166051798,1813.017161228657,3076341
2020-06-30,1790.784423828125,1816.3713599795121,1784.6780877411165,1806.1366695096879,3071725
2020-07-01,1799.2998046875,1818.135152356098,1788.5059422663248,1788.67791334546,2503466
2020-07-02,1855.28955078125,1862.0411465504774,1804.4167785048044,1807.8570392836505,3758699
2020-07-03,1891.8419189453125,1896.44335074851,1857.9554414759496,1860.8795785249288,4185208
2020-07-06,1946.499267578125,1952.2616616794996,1896.443521389867,1896.443521389867,5190366
2020-07-07,1952.2618408203125,1980.4720203256174,1919.7943807288473,1956.6482571677793,5630055
2020-07-08,1908.398193359375,1956.1318020812328,1898.6796265920498,1952.3475999750897,2793358
2020-07-09,1895.8848876953125,1930.416422943226,1884.4459780567474,1917.0854117801073,3443998
2020-07-10,1911.365966796875,1935.0177596185138,1871.5018610867535,1896.6587679970419,9610320
2020-07-13,1909.3443603515625,1930.8029407844751,1900.7437100797085,1909.3443603515625,2963503
2020-07-14,1868.0181884765625,1925.685590380368,1862.0407785500208,1900.7437046630698,2976738
2020-07-15,1921.299560546875,1943.7473461905254,1875.8882861040847,1879.2424563833176,5569321
2020-07-16,1926.3421630859375,2011.0331206978376,1913.714028140258,1934.3156120214092,8582118
2020-07-17,1897.034423828125,1934.2294028720491,1887.8111246317935,1928.2817249135594,4509135
2020-07-20,1903.19775390625,1919.575650968446,1888.457772819011,1897.2500754680846,2952646
2020-07-21,1917.9808349609375,1929.7038334683116,1897.3790408871669,1922.247665492075,2665286
2020-07-22,1888.5865478515625,1923.1094649164359,1882.768085777073,1923.1094649164359,2861534
2020-07-23,1871.5623779296875,1888.5867689555628,1864.494065264215,1888.5867689555628,2265766
2020-07-24,1859.6668701171875,1864.4941235482436,1831.8246158261104,1857.1671702194594,3665100
2020-07-27,1902.2493896484375,1909.3177020313965,1864.9249879661065,1866.2179796379112,4248480
2020-07-28,1990.9918212890625,1999.827265024624,1909.3178413920439,1909.3178413920439,8092319
2020-07-29,1961.9427490234375,2018.7912478368662,1936.0829123730934,1975.6915200862927,6090431
2020-07-30,1964.91650390625,2032.5830735735633,1958.6670436503518,1970.4331846426496,7098496
2020-07-31,1966.5537109375,2012.5843328050514,1945.908989551549,1985.3020869538877,4723290
2020-08-03,1943.0648193359375,1985.906114373785,1922.8510903865717,1974.355261797093,4012337
2020-08-04,1939.2288818359375,1956.4256291104193,1917.9808027156373,1948.064324992908,2927928
2020-08-05,1947.6766357421875,1982.5874141212796,1942.0736713109752,1948.107633006127,3800641
2020-08-06,1989.56982421875,1999.3964784982577,1952.7195549987455,1961.0377187253875,4748047
2020-08-07,1978.5791015625,2006.7231369806102,1971.381363520041,1989.4832474876498,3165491
2020-08-10,1967.760986328125,2004.1371102832632,1961.9425237498833,1998.1031490910125,2929353
2020-08-11,1965.2607421875,1992.9308437035188,1961.554335014654,1967.9330087262688,2774423
2020-08-12,1945.8232421875,1979.483956864728,1936.5136601034694,1972.5450699493708,3415751
2020-08-13,1943.323486328125,1982.5873784562584,1939.9186500938304,1959.3135266222068,2695682
2020-08-14,1932.720703125,1966.4679109105423,1924.9198219883347,1962.7612928178455,2270405
2020-08-17,1942.41796875,1956.727159025977,1929.3588386299086,1950.6931986236941,2625630
2020-08-18,1956.51220703125,1973.1056027732266,1938.022465294055,1950.5213867620375,3493374
2020-08-19,1945.1766357421875,1969.3124787997808,1941.6423745438997,1962.20102504174,2843005
2020-08-20,1941.944091796875,1962.3733161833436,1930.910521821514,1945.5212842369594,2895164
2020-08-21,1938.2808837890625,1957.5894760802782,1931.7727833355927,1948.1075367421527,1975294
2020-08-24,1937.8497314453125,1948.06423900966,1922.2475483312842,1940.0047174860426,2167966
2020-08-25,1933.1517333984375,1939.4874766680302,1925.3077103170738,1935.1775044976569,1663419
2020-08-26,1942.5040283203125,1948.0207073012714,1910.567099499324,1932.5910945170358,2618149
2020-08-27,1938.108154296875,1971.6830050464773,1932.3759756287186,1953.279340147062,3579393
2020-08-28,1929.61767578125,1965.304161048773,1926.6438370835997,1955.3480832802397,2941136
2020-08-31,1945.736572265625,1962.0713216455188,1920.5232397863829,1930.867171059918,6018154
2020-09-01,1936.341552734375,1963.6235962199967,1931.9884381422023,1955.8656452252733,3610908
2020-09-02,1952.547119140625,1955.6503840945527,1932.290244638709,1936.9020002470347,2084137
2020-09-03,1982.1563720703125,2003.2752375261605,1955.0035450556506,1955.0035450556506,4654146
2020-09-04,1972.932861328125,2003.4905212841704,1950.6502214965376,1961.0372962983704,5231303
2020-09-07,2005.9039306640625,2020.0836951824547,1968.234820852851,1973.1050045968163,4620401
2020-09-08,2024.135498046875,2060.554766665717,2005.9043980535184,2013.5760651337196,7453998
2020-09-09,2006.421142578125,2033.444750680036,1999.8269697234775,2004.136941640985,3866535
2020-09-10,2009.43798828125,2024.3936740120585,2003.533453418597,2012.7567506145015,2308813
2020-09-11,2046.461181640625,2054.132848342824,2008.5763558401682,2009.2659935145825,4145424
2020-09-14,2147.5732421875,2159.9429487610405,2053.1419029984686,2055.0813908303403,7512131
2020-09-15,2147.5732421875,2187.7422743512006,2124.4719554817475,2147.5732421875,7318770
2020-09-16,2157.572509765625,2161.5377691525055,2135.419290368599,2145.4614434002924,3074003
2020-09-17,2121.324951171875,2151.322396607914,2112.4034359280504,2137.745985610589,4828176
2020-09-18,2111.80029296875,2155.331016282342,2100.1633669344233,2142.0563848371517,4183256
2020-09-21,2125.074951171875,2159.2098049865785,2113.739597931011,2124.816310748337,4598809
2020-09-22,2174.76904296875,2202.3960095618318,2118.7825407056685,2142.056392861508,7499613
2020-09-23,2126.92822265625,2172.0968593599073,2076.5446877434965,2163.6061296123603,7502280
2020-09-24,2010.386474609375,2111.8863169870165,1984.8284243808987,2111.8863169870165,8424708
2020-09-25,2088.009033203125,2103.266291671996,2027.497069688033,2041.2026961800354,8228267
2020-09-28,2091.456787109375,2106.7140439469217,2039.4784893528708,2103.2660667882524,4347166
2020-09-29,2144.98681640625,2164.5111161592336,2091.457089545903,2098.827183877881,6995811
2020-09-30,2148.34912109375,2159.296410105304,2120.5066542351487,2145.5044969070264,3917166
2020-10-01,2175.200439453125,2189.466493538006,2148.349389272565,2163.6066530631474,2610337
2020-10-05,2332.384765625,2351.6072851093713,2243.8148305435952,2258.425595263069,17412105
2020-10-06,2339.71142578125,2358.4166620419396,2284.3714277746603,2358.4166620419396,9846367
2020-10-07,2358.3740234375,2387.7249809060872,2329.97134418381,2363.589132723643,9656101
2020-10-08,2435.737060546875,2486.8533606207743,2413.5838508624497,2413.5838508624497,19839329
2020-10-09,2424.74755859375,2439.3153929452974,2396.344879894649,2422.2047167280443,7739245
2020-10-12,2439.4443359375,2460.1322030973943,2414.230997836379,2426.9454161950644,4623203
2020-10-13,2436.470947265625,2460.908368594391,2424.1012402284637,2452.374705993471,4209878
2020-10-14,2432.185302734375,2460.23291219888,2413.097246491396,2460.23291219888,4395936
2020-10-15,2372.454345703125,2447.8973717468925,2360.681153833888,2433.397404997088,6629355
2020-10-16,2392.104736328125,2399.3329503437703,2364.403310420735,2380.677940410348,5273773
2020-10-19,2347.306640625,2401.36766935497,2343.0216180190064,2401.36766935497,3331194
2020-10-20,2371.069580078125,2389.1619943438677,2352.847188535399,2358.9502028889706,3406273
2020-10-21,2316.011962890625,2379.725318973379,2305.321071986025,2371.06862447002,4570143
2020-10-22,2312.33349609375,2325.7513762202097,2283.723282061506,2303.5470333231883,5262294
2020-10-23,2325.881591796875,2339.0397300968557,2311.4249488354785,2326.747261571152,3499091
2020-10-26,2327.093017578125,2345.9213317108815,2311.7707076563547,2328.607939404899,2672752
2020-10-27,2276.840576171875,2353.019493017862,2271.6034447147895,2337.091258579012,3537502
2020-10-28,2269.958740234375,2299.175088685862,2255.934935246684,2294.0243969315857,3569445
2020-10-29,2279.00537109375,2298.353174444935,2250.957755875873,2257.6666964039136,3105968
2020-10-30,2306.87939453125,2315.1032545777575,2269.4391895826766,2281.9913970220828,3427003
2020-11-02,2254.72265625,2306.8792388137895,2250.7838181193215,2302.680657588053,2571196
2020-11-03,2279.826904296875,2307.0088375825258,2251.6493244431313,2254.203006778573,2879269
2020-11-04,2296.751708984375,2356.2233923793306,2259.3981422435854,2259.3981422435854,4893928
2020-11-05,2324.928955078125,2345.9647700081096,2308.7409747644388,2324.3230285873706,2816502
2020-11-06,2343.7568359375,2348.7777612860204,2321.1196631429543,2336.4419709613817,3884421
2020-11-09,2360.334716796875,2375.3972826664103,2333.066125541776,2364.2302298333175,3646592
2020-11-10,2293.67822265625,2348.6913558436745,2283.939439800789,2334.8839681976215,4760020
2020-11-11,2326.7470703125,2331.0754188280953,2288.3112086869273,2309.563442167529,3242441
2020-11-12,2312.246826171875,2348.561623604364,2304.1960566269504,2325.188544416263,2437505
2020-11-13,2299.95458984375,2306.923061740111,2281.905292352151,2299.0022686510715,2548093
2020-11-14,2311.640625,2327.7852765750627,2302.7241869151676,2318.21958636772,298819
2020-11-17,2307.91845703125,2332.9795494398836,2294.067743565188,2332.9795494398836,2827273
2020-11-18,2273.81103515625,2306.316971832417,2256.8440373193826,2303.546871302431,2893762
2020-11-19,2282.684326171875,2316.661861581016,2277.447193611673,2282.770977679126,4167501
2020-11-20,2302.897705078125,2316.5320021761345,2274.5903495627117,2298.3529393787885,2711471
2020-11-23,2358.300537109375,2363.2781375823047,2307.0096104970116,2328.651351683663,3706418
2020-11-24,2356.396484375,2374.5322241313233,2341.636772247623,2367.087379430105,3120516
2020-11-25,2338.43310546875,2365.8314611077635,2327.092750272911,2362.412108789126,3302249
2020-11-26,2355.140869140625,2364.100422963058,2319.9945977853795,2325.188615541615,2341099
2020-11-27,2319.691650390625,2352.6304236558776,2310.5156786810176,2341.6364610983064,6086808
2020-12-01,2360.50732421875,2368.384788824995,2271.905978015932,2319.1282852953445,3605017
2020-12-02,2380.201904296875,2384.6600182238285,2339.428781370178,2353.7556555995443,2509032
2020-12-03,2345.488525390625,2401.280890505263,2338.00056766539,2401.280890505263,2852548
2020-12-04,2361.1572265625,2370.939335588327,2336.4423165141206,2346.6572603521954,2686527
2020-12-07,2369.9443359375,2375.3980983302536,2342.6324095568316,2350.2936723639355,1996400
2020-12-08,2421.537353515625,2428.6791269463565,2365.398601464506,2371.9344485095276,4277818
2020-12-09,2433.22509765625,2458.5026175109138,2417.9458964832615,2436.8608691173317,3659996
2020-12-10,2410.28369140625,2447.50748083731,2406.7776875745376,2439.4567120169218,2127801
2020-12-11,2409.678466796875,2430.5409815375724,2393.187415337575,2417.5559349310624,1795408
2020-12-14,2421.88427734375,2427.338039172978,2386.0023075857775,2425.6066996300583,2483658
2020-12-15,2390.590087890625,2419.2869525341393,2384.919909357971,2411.755668773614,2365509
2020-12-16,2436.16748046875,2441.0153150342803,2389.6377369014285,2405.695951136479,2565149
2020-12-17,2456.944091796875,2470.361974285079,2428.203895446014,2433.3979144737064,2863460
2020-12-18,2476.680908203125,2508.710685764647,2463.8689549094893,2482.7405958498994,6076692
2020-12-21,2441.31787109375,2498.755129667275,2410.889671270868,2476.6805563755665,2705195
2020-12-22,2486.635986328125,2496.288118064248,2440.0195926991205,2453.30770591955,2881737
2020-12-23,2518.01611328125,2526.8892254982275,2480.5325823297817,2489.7087634043987,2790988
2020-12-24,2518.5361328125,2528.9241688271745,2495.898744190108,2518.233063890685,1807144
2020-12-28,2535.892822265625,2553.465960051865,2512.173556204101,2519.0989140433953,2108994
2020-12-29,2536.8447265625,2555.456622696639,2527.755195892339,2527.755195892339,1994151
2020-12-30,2518.4931640625,2551.7347994834863,2512.173732322085,2540.2213489994697,2637968
2020-12-31,2478.19580078125,2514.770343644933,2462.830164430235,2510.441995377041,4040956
2021-01-01,2534.89697265625,2545.068590321651,2492.2627454204194,2493.128415008964,2681440
2021-01-04,2631.1591796875,2640.941287530261,2545.890731987187,2553.7250834103975,5113293
2021-01-05,2677.515869140625,2695.911346741413,2631.289200554802,2631.289200554802,5801309
2021-01-06,2641.59130859375,2695.2628344442537,2629.212188588231,2683.5762925251925,3726716
2021-01-07,2625.402587890625,2666.9980509975235,2597.2250024733644,2661.9337997185553,3717827
2021-01-08,2701.668212890625,2707.814551686017,2648.949017953712,2674.9191063650233,5879039
2021-01-11,2749.7568359375,2796.11349670453,2723.8733930602534,2796.11349670453,9508039
2021-01-12,2748.370849609375,2778.7990474759436,2726.8588783642435,2749.7557939786334,3611458
2021-01-13,2734.607177734375,2750.2325576380786,2706.2998216292235,2748.501218287976,3572801
2021-01-14,2819.386962890625,2833.0906120579352,2706.3755301382444,2736.384779134482,6931542
2021-01-15,2804.3388671875,2839.5952104992207,2784.0869351565357,2805.769855212272,4131692
2021-01-18,2794.278564453125,2824.6346596671733,2764.4861405941256,2818.7802698758924,4160906
2021-01-19,2828.06005859375,2843.9319995684277,2803.1681069244155,2804.035423789182,2975735
2021-01-20,2869.778076171875,2886.3871093851058,2833.611005365385,2836.1261395670062,3453446
2021-01-21,2839.4658203125,2870.0819407468534,2829.274845651639,2866.4826599272615,2778546
2021-01-22,2864.835205078125,2883.829364918048,2811.7552290237168,2811.7552290237168,3052459
2021-01-25,2854.600341796875,2896.6652141947725,2843.628655246773,2869.9084013829615,2272887
2021-01-27,2828.363525390625,2867.7396238628035,2798.831345662857,2862.145472788171,2786662
2021-01-28,2772.422119140625,2840.4630934886236,2761.3638277079594,2801.433829608627,3083938
2021-01-29,2698.526611328125,2790.0285473235554,2688.68247948657,2784.1307498578026,5445659
2021-02-01,2722.81103515625,2745.0576260045864,2640.1991113404724,2688.6820349492,3985846
2021-02-02,2778.40625,2796.229654445879,2732.048204560955,2752.863809929039,2881837
2021-02-03,2775.457763671875,2806.637766972181,2743.0199813438967,2786.6894762922184,2505866
2021-02-04,2765.39697265625,2808.2425614623266,2754.5989178623313,2789.3350076489455,2057261
2021-02-05,2738.94384765625,2780.4884615810297,2713.8350612985905,2774.503846861505,2366135
2021-02-08,2787.643798828125,2797.964786963935,2736.51528963128,2766.307714823766,2526592
2021-02-09,2755.379150390625,2815.137415654774,2744.1908463670006,2771.0776719793193,2658751
2021-02-10,2786.94970703125,2792.2402135852535,2738.3799559273443,2762.4045940346355,2127983
2021-02-11,2780.618408203125,2792.1537670931702,2762.4481587085925,2788.424261501262,1165882
2021-02-12,2767.435546875,2814.8777516414725,2759.803113764648,2761.711169105399,2777404
2021-02-15,2723.244873046875,2783.219748016185,2716.046100903548,2783.219748016185,2630853
2021-02-16,2696.31494140625,2747.356416200862,2688.682509996156,2732.048356931578,3435770
2021-02-17,2665.351806640625,2717.173994459445,2641.457182292696,2693.105949070788,3678426
2021-02-18,2651.692138671875,2686.861679247864,2628.8382473684624,2658.327030083912,4189909
2021-02-19,2664.267822265625,2677.537603023142,2615.9580957662,2652.255397066577,3725028
2021-02-22,2565.91357421875,2685.2130530835975,2552.643583641845,2685.2130530835975,5366696
2021-02-23,2584.77783203125,2626.235622986641,2574.1966080001152,2575.9312418329996,3832829
2021-02-24,2556.937255859375,2604.856518674956,2533.5628940112133,2577.6660468399523,3774549
2021-02-25,2597.87451171875,2627.883551244727,2574.586966831345,2579.400618270045,4224073
2021-02-26,2510.275634765625,2577.969768946647,2497.8729593195408,2567.258319300639,5553153
2021-03-01,2536.208740234375,2571.5953219209014,2516.780920983558,2537.7699534369503,3265871
2021-03-02,2607.45849609375,2623.6338731250016,2556.850465445456,2567.258269239671,3306469
2021-03-03,2653.2099609375,2657.459730245807,2599.262665161915,2632.30753306006,3509857
2021-03-04,2645.055908203125,2672.5932156202625,2615.8707836237077,2621.89859281911,3916760
2021-03-05,2608.932861328125,2656.7653076598276,2599.0021243430324,2615.91480530581,3203686
2021-03-08,2607.97900390625,2630.5726557786415,2598.4819244025093,2615.828265686905,2003125
2021-03-09,2646.14013671875,2659.9737972671282,2595.0986703164904,2607.9781976902505,1942397
2021-03-10,2663.48681640625,2682.7846176102144,2653.989738612634,2666.999492233284,3053778
2021-03-12,2652.21240234375,2703.427521741286,2637.8150648875376,2667.000201910316,2938317
2021-03-15,2659.323486328125,2687.8149296716683,2637.510552156032,2637.510552156032,3097083
2021-03-16,2697.3994140625,2724.242834215091,2653.990153676593,2653.990153676593,4894756
2021-03-17,2699.9140625,2736.384779967567,2675.9328352603716,2693.0189355940715,3838390
2021-03-18,2633.607421875,2728.968860189192,2590.718649137438,2711.1888660681852,3656306
2021-03-19,2645.489990234375,2687.8150976910692,2606.287308345164,2627.9702310435428,5776626
2021-03-22,2714.3984375,2722.8981860522467,2618.1262549990556,2644.189171980529,2821646
2021-03-23,2725.630126953125,2748.5272080136174,2708.5006184778117,2723.375018353663,3305973
2021-03-24,2706.982666015625,2734.0429089941254,2698.352694085332,2698.396102276659,2207104
2021-03-25,2658.1962890625,2715.4392045356867,2645.316548382117,2699.263617281632,3179786
2021-03-26,2659.887939453125,2704.2945295321547,2639.289159762173,2680.5733237996446,3697370
2021-03-30,2739.463623046875,2765.3963116340788,2654.770007323295,2673.937794016288,4694008
2021-03-31,2756.203369140625,2779.750940615715,2716.436800626652,2736.385091308138,3530069
2021-04-01,2745.05810546875,2788.4239523165975,2727.711766729611,2767.695162222246,4285076
2021-04-05,2809.15234375,2830.0547636632145,2732.9152805095887,2750.261616787022,5317862
2021-04-06,2831.52978515625,2840.4631926612587,2801.433927418585,2840.4631926612587,2291562
2021-04-07,2837.340576171875,2842.674702445161,2805.5969029549656,2826.585930726271,2491268
2021-04-08,2877.193359375,2892.501415601243,2832.699966914501,2836.1258257919235,2578118
2021-04-09,2881.443603515625,2909.2845610184704,2869.084337551264,2908.9809154011305,2911129
2021-04-12,2815.7880859375,2895.191000687045,2786.8629789060474,2881.443941356318,3791828
2021-04-13,2692.195068359375,2787.55651925577,2665.3082444337592,2787.55651925577,8654596
2021-04-15,2791.85009765625,2807.7220415767556,2677.7979087714425,2740.9820387955283,6062760
2021-04-16,2771.2080078125,2816.178481881795,2760.323348153505,2800.5667748679753,3224657
2021-04-19,2742.282958984375,2765.8739392588823,2719.125637213985,2748.527599094198,2679106
2021-04-20,2727.322265625,2797.4015357306407,2711.537135385829,2797.097890020378,3141893
2021-04-22,2704.9873046875,2730.3129094011124,2693.2351213207767,2730.3129094011124,1988980
2021-04-23,2696.922119140625,2705.161630358453,2680.9201633880944,2693.019192774286,1615309
2021-04-26,2689.376220703125,2734.650119436634,2678.3179304960786,2690.4603668018553,2490260
2021-04-27,2716.43701171875,2719.9930963372362,2691.2848171657984,2693.8867683264484,1471417
2021-04-28,2709.5849609375,2732.915702131098,2699.090341171684,2732.0049769865764,1639037
2021-04-29,2701.909423828125,2738.423556113337,2693.4530826412783,2728.2325808368805,1621395
2021-04-30,2632.870361328125,2716.4798343145985,2619.2969370650944,2687.8149695247444,3072305
2021-05-03,2634.04150390625,2649.6532085721415,2605.4200453521157,2623.546884404149,1545831
2021-05-04,2645.099853515625,2680.009360558499,2632.3069285744477,2656.418381999483,1990777
2021-05-05,2684.953125,2688.1621554674107,2647.3982575233513,2662.663121026859,1939289
2021-05-06,2698.61279296875,2718.1708289984563,2666.131821423502,2693.452300400353,1791671
2021-05-07,2717.21728515625,2740.5916471927385,2698.9170239049954,2717.3041015532767,1912540
2021-05-10,2728.145751953125,2744.364538267314,2710.3657526159645,2728.536002272037,2137153
2021-05-11,2708.28369140625,2713.053934100444,2681.006406966172,2710.365167155714,2415625
2021-05-12,2677.927978515625,2706.0289638256604,2663.1835899306775,2706.0289638256604,1978558
2021-05-14,2646.618408203125,2687.3823161780706,2636.644260507128,2687.3823161780706,2043935
2021-05-17,2662.44677734375,2667.1736133838963,2633.1748240135594,2649.653849592037,2890462
2021-05-18,2678.96875,2709.498265572481,2669.601684197214,2688.6826578984287,2098538
2021-05-19,2673.070556640625,2704.2939635319494,2660.147620153961,2674.8051903568094,1986041
2021-05-20,2653.990234375,2678.9690083421133,2647.138514220481,2660.1482702713383,2329027
2021-05-21,2671.769775390625,2678.448073333491,2649.7400102940805,2654.8570954295415,1685566
2021-05-24,2672.637451171875,2693.019401554007,2664.3979393152686,2672.637451171875,1652260
2021-05-25,2714.036376953125,2726.4561002580645,2686.233713053899,2694.8620672893585,1841613
2021-05-26,2752.8203125,2758.485448492164,2705.146056784092,2719.2652762387206,1923753
2021-05-27,2771.559326171875,2804.4606986759595,2755.69698516361,2755.827633980854,5959785
2021-05-28,2739.8349609375,2787.2477200935123,2732.905891594453,2779.8394631764404,1763701
2021-05-31,2753.38720703125,2763.1488440041617,2726.761233587742,2745.4125224364557,1652799
2021-06-01,2748.027587890625,2762.8004814630044,2729.7248351644266,2761.624003600477,1377441
2021-06-02,2727.5009765625,2753.647753335918,2714.906988306573,2746.1524716640133,2240078
2021-06-03,2737.786376953125,2749.3781612728867,2721.575284562109,2749.3781612728867,1281706
2021-06-04,2739.965087890625,2751.382602077848,2723.623347803802,2726.238026217694,1836060
2021-06-07,2774.348388671875,2780.6671955726056,2731.11916154501,2741.054855558437,2559821
2021-06-08,2789.12158203125,2816.009282859827,2777.8349269051027,2787.2478138612587,2574057
2021-06-09,2789.208251953125,2806.421551844094,2776.962798587997,2790.733481057388,1710925
2021-06-10,2803.632568359375,2809.9077540375833,2782.88941024876,2797.70592135876,1874324
2021-06-11,2853.31103515625,2883.9898816397495,2798.5770655621745,2799.0564657600353,3452954
2021-06-14,2855.533935546875,2883.7287565429338,2850.3045787618544,2857.8434830136966,1847360
2021-06-15,2843.680419921875,2874.4028886376045,2833.918997241148,2874.4028886376045,1304985
2021-06-16,2853.791015625,2871.527124287829,2835.1831346541367,2843.1144114443937,1635552
2021-06-17,2891.61669921875,2907.566281552538,2841.284135167847,2846.0777126965045,2273413
2021-06-18,2873.79296875,2926.6965839193863,2854.3571507849883,2920.5084268151454,3380431
2021-06-21,2852.701904296875,2863.9449383878914,2834.0504005827283,2845.6421861949075,1130569
2021-06-22,2877.19189453125,2899.7217904931717,2863.072674583069,2879.632303446715,1708688
2021-06-23,2842.50390625,2901.4214102067162,2838.1461089982627,2901.4214102067162,1467104
2021-06-24,2940.29296875,2948.485542252552,2857.4075821090723,2862.201158958729,4155204
2021-06-25,2946.568603515625,2962.997373554617,2919.7245265063507,2941.731405400167,2722861
2021-06-28,2908.176025390625,2955.893905780267,2904.9076774187315,2955.893905780267,1355238
2021-06-29,2911.74951171875,2933.9306574546695,2899.242548334486,2912.7517199861272,1497322
2021-06-30,2916.0205078125,2947.6145430536876,2909.7017007642626,2916.238397710715,1693146
2021-07-01,2912.31591796875,2930.1828867906443,2904.3412340712302,2926.696648971738,990310
2021-07-02,2898.327392578125,2910.74711500687,2871.9627186504385,2903.164590185935,1682274
2021-07-05,2894.448974609375,2940.6416261162394,2877.8893448238955,2912.751723319642,1972858
2021-07-06,2843.288818359375,2900.550239362281,2837.885191599875,2887.47684585554,2159420
2021-07-07,2854.314208984375,2861.0687962145444,2825.247822573452,2854.3578295231287,2640710
2021-07-08,2839.976318359375,2874.4029148225313,2816.7927530962797,2874.4029148225313,2485811
2021-07-09,2796.093994140625,2860.4587591325862,2789.862427782879,2832.5688504512204,6365067
2021-07-12,2782.976318359375,2820.366130338717,2778.8364113386365,2819.49457096593,1892226
2021-07-13,2778.138916015625,2801.1916171659377,2767.2008041387217,2801.1916171659377,1809339
2021-07-14,2801.671630859375,2808.164706572145,2775.9170051000256,2777.6601240985183,2044279
2021-07-15,2797.653076171875,2822.8962379278832,2789.8356394934085,2819.1840270738294,2232968
2021-07-16,2790.534912109375,2812.415165876921,2788.0891771991855,2806.4318691544436,1256526
2021-07-19,2781.625732421875,2794.9023053084866,2774.1138778064173,2777.607724000128,1597058
2021-07-20,2800.143310546875,2808.1791148200396,2756.775813064705,2781.6259668093744,1811945
2021-07-22,2809.35791015625,2816.8695509188374,2786.342114911224,2786.342114911224,2859334
2021-07-23,2806.30078125,2831.369082897258,2800.88514951478,2821.2805602259114,1776193
2021-07-26,2792.936767578125,2816.258146190416,2787.0846183754047,2795.0767055313113,1259611
2021-07-27,2780.183837890625,2803.811010708224,2761.1423372868016,2795.0763969677,1121367
2021-07-28,2793.1552734375,2798.9637072093665,2736.030762446464,2784.5953079467704,1660654
2021-07-29,2791.408447265625,2817.3064967675937,2786.604408769665,2795.2953084901396,1731997
2021-07-30,2766.6455078125,2815.603066161806,2762.1909822360863,2811.672489522213,2999943
2021-08-02,2812.021240234375,2816.8252774122443,2766.251953147809,2777.606950113683,2608669
2021-08-03,2869.23388671875,2873.688626119012,2811.6291376075883,2820.4074692213644,3804735
2021-08-04,2859.669189453125,2886.9648608907482,2848.5325555065747,2882.4229038130147,2929598
2021-08-05,2868.403564453125,2895.524583975135,2849.667859794534,2860.586127456582,2534521
2021-08-06,2890.983154296875,2903.3862659725373,2851.852033213097,2858.446710732652,2292362
2021-08-09,2902.25048828125,2914.7410304017426,2891.1575698620823,2903.2985994335254,1510489
2021-08-10,2912.032958984375,2926.0083417818596,2896.0487855076867,2896.0487855076867,2040777
2021-08-11,2921.02978515625,2934.8305189364487,2906.093722070834,2926.0959042967565,1929707
2021-08-12,2927.62451171875,2941.8182607499816,2905.132878638491,2905.132878638491,1310205
2021-08-13,3025.146484375,3039.646030624656,2932.646996500656,2935.4857463855783,4363584
2021-08-16,3033.488037109375,3052.180240931902,3001.6504084686876,3022.176753470583,2083489
2021-08-17,3103.452392578125,3110.221719131916,3024.7971426810414,3041.480342454519,4336019
2021-08-18,3110.0029296875,3140.0936312933895,3089.0835724845533,3121.620008580709,2631309
2021-08-20,3109.08642578125,3122.6250799741447,3057.11546291175,3062.3562322767416,2836148
2021-08-23,3177.129638671875,3208.2249618257592,3111.183277490866,3126.9930202385563,3744176
2021-08-24,3155.990478515625,3203.288538137121,3139.569362635241,3194.248127947744,2511141
2021-08-25,3195.995361328125,3229.8419916236876,3150.61908284588,3153.1957514059936,2123263
2021-08-26,3207.2197265625,3220.976745326856,3186.3001528276395,3196.869122383676,1902533
2021-08-27,3249.407470703125,3257.5744204157913,3189.095129240541,3202.109619317413,3944728
2021-08-30,3232.943115234375,3267.051829697669,3220.976735250082,3244.9094952186683,2033114
2021-08-31,3307.319091796875,3322.7358191255216,3234.8217689327016,3240.0188235246715,3207480
2021-09-01,3244.865966796875,3333.74068017422,3237.921990071919,3315.660068603454,2643336
2021-09-02,3351.25341796875,3370.818870315569,3251.023710609158,3261.5052486336904,3403717
2021-09-03,3355.882568359375,3368.853342795532,3323.1277643578337,3340.99000815719,1746812
2021-09-06,3364.573486328125,3386.9341846203447,3331.381951416269,3362.564482355028,1723693
2021-09-07,3333.041259765625,3380.251890926531,3326.359365377034,3375.0548382634697,1585039
2021-09-08,3296.574951171875,3332.2559421687856,3280.7217087250224,3327.8886342498226,4147175
2021-09-09,3311.64208984375,3326.753017556797,3288.58278984343,3310.1572478338157,1441148
2021-09-13,3358.76513671875,3364.9228694618578,3290.329345494768,3290.329345494768,1691473
2021-09-14,3394.184326171875,3403.4431043763866,3340.990600343816,3362.783424486109,1991188
2021-09-15,3454.1474609375,3476.377015029846,3376.802397011403,3390.865213451585,2461369
2021-09-16,3409.38232421875,3477.9053364174956,3399.5995980435055,3432.7037036782212,2946666
2021-09-17,3343.47998046875,3445.8059188434067,3323.521298149344,3423.9693794337527,6477148
2021-09-20,3339.680419921875,3381.169845826488,3326.0108312122866,3327.015226750993,2002008
2021-09-21,3374.13818359375,3381.6500380706075,3338.06417965979,3369.814591658296,1568129
2021-09-22,3373.439453125,3403.7487396255815,3364.9669187066097,3373.745249967666,1744067
2021-09-23,3379.640869140625,3388.1571186654996,3349.7248131173474,3380.295965257923,2003869
2021-09-24,3381.431884765625,3445.2817988337056,3367.194418246505,3397.765573794787,2320754
2021-09-27,3351.427978515625,3409.9936133201095,3321.6865725122584,3406.4997674048227,1673362
2021-09-28,3300.942138671875,3362.8269749249935,3276.5726466720475,3362.8269749249935,2253075
2021-09-29,3312.078369140625,3324.3942608183484,3251.1544333308298,3284.0403846948934,2489161
2021-09-30,3297.797607421875,3323.5210059352767,3275.568054906828,3323.5210059352767,2252412
2021-10-01,3258.18603515625,3327.8883053026266,3253.6440780189723,3303.2130179995297,1578374
2021-10-04,3295.83251953125,3304.8727186534416,3238.3149909855993,3253.4696342242864,1356860
2021-10-05,3348.24072265625,3354.0928733013156,3268.144328721962,3278.9751683263385,1877966
2021-10-06,3328.674072265625,3369.3337444080453,3314.7861208527197,3350.598039417927,1678154
2021-10-07,3400.298583984375,3405.6267850537693,3336.667034248531,3345.3579345360185,1647233
2021-10-08,3437.638916015625,3485.0242058206936,3406.500096585561,3428.3366356662377,2934339
2021-10-11,3219.22998046875,3282.0317807413753,3196.869279444693,3279.848126861973,11845402
2021-10-12,3190.623779296875,3237.9216320544865,3171.189261812868,3237.0481705945313,5752877
2021-10-13,3192.6767578125,3210.3643549916846,3183.7674922532174,3188.134800198695,3545655
2021-10-14,3160.514892578125,3211.7542296267857,3157.670696053251,3172.3730469746865,6442299
2021-10-18,3191.757568359375,3196.614624095019,3151.76382833439,3153.5141032909023,3590107
2021-10-19,3180.380615234375,3229.3447255138362,3172.548177943891,3210.8792402232566,3135441
2021-10-20,3158.239990234375,3176.749062532768,3131.5044974037755,3160.9965878425232,2933693
2021-10-21,3091.423095703125,3157.014605986085,3072.826424568322,3154.0830236717397,4871211
2021-10-22,3061.97509765625,3116.889978835823,3049.8543571444025,3115.489673295286,2691670
2021-10-25,3056.8115234375,3075.7145791199464,3019.22441010677,3065.6066981460913,2595594
2021-10-26,3047.754150390625,3088.3604476916144,3041.1030194753075,3058.1682018867514,3878763
2021-10-27,3054.01123046875,3072.8266875803133,3048.104052073259,3048.104052073259,2510813
2021-10-28,2994.414306640625,3078.7338948809274,2988.594727407154,3078.7338948809274,2424942
2021-10-29,2973.498291015625,3028.8507351056073,2963.17162630388,2975.5111498956726,3960501
2021-11-01,3042.327880859375,3051.6044237040865,2986.8004499216345,3008.678887143488,2020718
2021-11-02,3049.153564453125,3074.882731178509,3036.5078722599783,3057.7299533615865,3087414
2021-11-03,3056.199462890625,3080.396933487503,3033.270899156859,3066.657315092802,1537639
2021-11-04,3070.55126953125,3074.576987711035,3067.35710294661,3074.314403715549,328991
2021-11-08,3065.3876953125,3104.9876648258514,3046.5284405808984,3104.9876648258514,2526082
2021-11-09,3067.969482421875,3093.6110538313474,3059.480691426985,3069.982341397558,1782692
2021-11-10,3049.241455078125,3080.2212352978518,3045.653306076,3061.2307953933705,1516489
2021-11-11,3052.655029296875,3071.7768719190476,3006.972887875956,3045.478943483215,1284514
2021-11-12,3085.778564453125,3092.867049870975,3050.466681553837,3068.232015188849,1747259
2021-11-15,3109.6259765625,3123.890759879037,3087.4849561130213,3087.4849561130213,1809157
2021-11-16,3112.3388671875,3129.0978782245816,3099.7369728621115,3123.365684964674,2013204
2021-11-17,3082.147216796875,3117.984274637649,3068.5825831658735,3107.2638383808903,1632914
2021-11-18,3041.71533203125,3081.227917908715,3020.624646710882,3076.239463289162,2136598
2021-11-22,3026.57568359375,3076.939893428129,3010.735821786596,3044.078434976218,3167936
2021-11-23,3031.6953125,3046.3100671183884,2982.2938396390264,3014.8489143573643,2153461
2021-11-24,3013.36083984375,3056.898928205596,2996.4706442403963,3038.6522268164313,2161746
2021-11-25,3015.636474609375,3030.6014125567876,3005.266222572689,3013.8861994649587,1849619
2021-11-26,3016.467529296875,3054.2296238540935,2985.8813052616533,2997.345691031596,1941251
2021-11-29,3064.731689453125,3088.6667868251257,2981.112254109793,3016.73030953973,2981745
2021-11-30,3088.491455078125,3118.771298358579,3055.105044565359,3055.105044565359,5588446
2021-12-01,3131.06689453125,3141.7435289735986,3093.610967944755,3093.610967944755,2102118
2021-12-02,3188.038330078125,3192.501616814279,3127.8290406863075,3141.0434888119357,3152938
2021-12-03,3185.89453125,3208.2105393359575,3177.4933387527963,3191.14535668199,2486263
2021-12-06,3094.83642578125,3201.2532400549144,3082.2345302004946,3185.8945329269327,1849642
2021-12-07,3136.9306640625,3148.7450214247106,3084.247424334192,3117.677637250009,1484458
2021-12-08,3174.0361328125,3191.1451137740696,3151.3701568857164,3151.3701568857164,1428660
2021-12-09,3152.0263671875,3180.905903556539,3120.7402027877074,3159.2462512797597,1567957
2021-12-10,3182.7001953125,3187.2508677135506,3128.704252723142,3137.368028762515,1510718
2021-12-13,3158.93994140625,3204.753474268667,3151.9826411227077,3194.2518244349085,1883864
2021-12-14,3171.3232421875,3181.1247392304226,3130.104181424236,3154.8706148351234,1747007
2021-12-15,3124.547119140625,3170.6230209966334,3113.870271191835,3167.9976086138045,1603233
2021-12-16,3134.392333984375,3157.889646005069,3124.2406542390527,3134.7423034969993,2072320
2021-12-17,3136.79931640625,3195.433531388944,3127.478973442637,3152.6829772411506,4333992
2021-12-20,3112.776611328125,3155.745949739249,3071.8639315859427,3140.8686116511826,2312310
2021-12-21,3157.758544921875,3186.5504819413068,3121.0901570926853,3135.31114084143,2340989
2021-12-22,3177.405029296875,3182.6996531552995,3155.9641635755297,3171.4978520063,1224328
2021-12-23,3205.3662109375,3212.192326450821,3176.749256236611,3192.501731887371,1792861
2021-12-24,3212.5419921875,3242.384264810748,3189.7010328479782,3224.881515742944,2209923
2021-12-27,3234.595947265625,3238.008898209195,3196.9650330431937,3212.6299095475556,1534135
2021-12-28,3243.741455078125,3259.8877017689797,3232.6272498061085,3246.760637198098,1456218
2021-12-29,3233.3701171875,3255.4673365931217,3224.881327117451,3231.2260732834216,1456923
2021-12-30,3267.5439453125,3273.0135535236022,3220.5053146970204,3221.6868355332467,1966475
2021-12-31,3271.5703125,3290.5169536454464,3265.4005504805923,3275.4646315888162,1207141
2022-01-03,3341.05712890625,3351.7775662919094,3277.390857901619,3281.7665466304593,2346158
2022-01-04,3399.690673828125,3403.5411936720793,3335.7618316314156,3352.7396286772564,2488606
2022-01-05,3378.862060546875,3386.7820975890972,3336.3740925344277,3382.406410124512,1733031
2022-01-06,3332.041748046875,3356.1518254039756,3301.018170905814,3336.0236658252816,1810293
2022-01-07,3372.342529296875,3382.3190118461575,3322.372090020068,3343.0254215425102,2460591
2022-01-10,3395.40185546875,3481.2965040102904,3378.905430362929,3481.2965040102904,3937092
2022-01-11,3426.951416015625,3434.9152540417967,3374.5307565822086,3374.5307565822086,1906106
2022-01-12,3377.943115234375,3438.4152013105504,3357.5087830184166,3434.914651347394,3203744
2022-01-13,3411.19873046875,3433.1647694653284,3375.405688459794,3428.7890815103638,6684507
2022-01-14,3472.6767578125,3480.421810089149,3378.0745230015314,3393.6520131101706,3348123
2022-01-17,3517.30859375,3538.1807073776067,3467.557157953258,3494.1612509482666,3442604
2022-01-18,3492.32373046875,3537.0431277245425,3483.047187672104,3530.2608122209094,2389041
2022-01-19,3431.87646484375,3517.2208806487747,3428.238348399061,3517.2208806487747,3102539
2022-01-20,3354.642333984375,3436.567608267917,3341.0099885482223,3427.8008541651925,6176776
2022-01-21,3360.73486328125,3376.5588957269547,3306.030408534417,3337.5029671349207,3112358
2022-01-24,3306.24951171875,3374.893017177605,3278.8534083165705,3366.4331860598354,3258414
2022-01-25,3304.978271484375,3339.606947339262,3263.160900663494,3304.6276869619614,3330501
2022-01-27,3199.207275390625,3272.9794148169553,3178.0356529262563,3270.8754797512975,5718297
2022-01-28,3234.975830078125,3269.823674292716,3196.358239154663,3196.358239154663,3143862
2022-01-31,3275.4775390625,3294.545223632486,3262.458827432943,3286.6551472586984,2739393
2022-02-01,3331.935546875,3338.3791952728066,3275.6091647068597,3305.065537336786,2105169
2022-02-02,3380.63525390625,3387.473364062477,3331.9358981149344,3355.825300074226,1984212
2022-02-03,3352.9326171875,3403.6920341574723,3345.437000165492,3376.076760731597,1960538
2022-02-04,3344.428466796875,3353.0199274159713,3304.189156735994,3344.7792653309098,2307366
2022-02-07,3312.95556640625,3359.2440595715475,3292.9234525604707,3323.4756687605436,1919149
2022-02-08,3281.789306640625,3331.1022802094976,3262.1079937737604,3323.957463874098,2946443
2022-02-09,3296.781005859375,3312.03506891022,3284.1130918732606,3287.532039581612,1638721
2022-02-10,3305.372802734375,3322.4240945117594,3294.5457771673173,3322.4240945117594,2112459
2022-02-11,3239.271240234375,3289.723944738236,3234.9317404621156,3289.723944738236,3851488
2022-02-14,3273.2861328125,3325.448308882763,3252.4650961457983,3264.7385493388015,5951745
2022-02-15,3346.970458984375,3362.049228886405,3285.778490186766,3319.092146170516,3931683
2022-02-16,3342.8505859375,3378.7942723116603,3336.626105855008,3369.939766396913,3256906
2022-02-17,3317.51416015625,3362.0493019295445,3312.9554920447845,3353.282550164409,3134372
2022-02-18,3326.0185546875,3345.3492891353967,3294.195410421735,3304.189423888857,3688883
2022-02-21,3260.7060546875,3355.737786485923,3248.564230091958,3340.1329231984273,7465922
2022-02-22,3144.10791015625,3215.5569402853985,3129.730522221603,3199.8645395262893,5408531
2022-02-23,3124.29541015625,3176.10679085941,3117.150378194761,3165.6744406252515,2426203
2022-02-24,2982.142822265625,3054.2057121800476,2972.8940679174907,3045.5703737803015,5039136
2022-02-25,3086.5546875,3094.663934353476,3035.050011538735,3040.3100635518003,2549723
2022-02-28,3115.8798828125,3124.2521762772,3029.7026421307955,3059.597360984196,3288942
2022-03-02,3108.82177734375,3131.4400410557255,3073.6233525163116,3114.3887506600677,2761341
2022-03-03,3107.28759765625,3137.2700617291334,3094.7513131007195,3123.462426865267,1928039
2022-03-04,3089.71044921875,3122.015803200218,3057.0104201560107,3069.678334491801,2370257
2022-03-07,3055.12548828125,3110.4437820815947,3008.354992186932,3024.529607717447,3054130
2022-03-08,3155.9873046875,3163.92125921347,3033.296635322418,3033.296635322418,3300992
2022-03-09,3184.611083984375,3203.371851580032,3153.445231291898,3160.4147577848976,2719654
2022-03-10,3174.397705078125,3229.672131127645,3169.181529323137,3229.672131127645,2005441
2022-03-11,3155.285888671875,3190.9667453797583,3149.763005387988,3158.880343092492,1623423
2022-03-14,3193.72802734375,3198.418325678582,3138.497485009779,3138.497485009779,1765688
2022-03-15,3150.683349609375,3207.7549986026397,3143.23160938305,3207.7549986026397,3651133
2022-03-16,3205.037109375,3215.644966004357,3170.277019714628,3191.5363955122302,3090475
2022-03-17,3219.80908203125,3252.465235677881,3208.8945177799264,3240.7178727305695,3600452
2022-03-21,3179.437744140625,3255.9276514699127,3169.1806876260816,3240.191375232641,2413831
2022-03-22,3244.531494140625,3253.3421239439754,3177.948046159232,3191.0981760054083,2907611
2022-03-23,3254.569091796875,3269.823369469125,3234.9316519345334,3250.711806334214,1596195
2022-03-24,3287.400390625,3294.720499694449,3239.314673125605,3243.698048867318,1879046
2022-03-25,3250.229736328125,3313.394233297543,3219.1516403409387,3296.2113121317043,1690133
2022-03-28,3250.448974609375,3255.0953965166586,3209.6835730639873,3239.3152410797343,1760990
2022-03-29,3248.388916015625,3262.985474181719,3235.8085398185717,3239.0960722012105,2689063
2022-03-30,3271.35791015625,3277.0124232969383,3249.134104658304,3277.0124232969383,1583455
2022-03-31,3278.721923828125,3291.609008632917,3261.4075857110292,3278.7658004019236,2168110
2022-04-01,3295.203125,3298.9289948453606,3268.289237394038,3285.7788659793814,1387014
2022-04-04,3305.372802734375,3313.832633765955,3276.2233490114336,3298.0524783670694,1472994
2022-04-05,3344.341064453125,3362.5759539750275,3306.8193178283004,3306.8193178283004,2314947
2022-04-06,3292.222900390625,3339.5194932792224,3271.0071854426465,3339.5194932792224,2051729
2022-04-07,3229.802978515625,3283.587089747452,3225.28818667224,3283.587089747452,2494829
2022-04-08,3231.1181640625,3248.081916364023,3193.2897112971536,3234.9317871479743,2296773
2022-04-11,3240.542724609375,3254.525867868103,3205.2128787232596,3234.932087901723,2291660
2022-04-12,3235.895751953125,3277.8884062871352,3198.417889056956,3228.7945975810426,4483476
2022-04-13,3210.3408203125,3252.3336923091606,3204.7301844452404,3249.835082287249,1621672
2022-04-18,3092.954345703125,3164.7978439809913,3088.0887549648314,3164.7978439809913,3820792
2022-04-19,3043.72900390625,3124.076426618072,3015.0178867422333,3112.1974330460894,3170014
2022-04-20,3118.15869140625,3128.985502739102,3050.8299868217055,3068.3634924930943,2640370
2022-04-21,3181.14794921875,3194.6050015642927,3127.451583591469,3138.497778704766,2280996
2022-04-22,3167.033935546875,3170.935098487836,3131.046365565194,3139.4625354869836,1581465
2022-04-25,3110.619384765625,3142.00440460464,3097.38171560966,3119.210845865879,1960694
2022-04-26,3108.953857421875,3145.4234238079243,3084.275317734149,3134.245813020245,1943469
2022-04-27,3122.015869140625,3128.3717647268363,3073.88648334889,3108.6904480973217,1727648
2022-04-28,3142.267333984375,3159.8883791702183,3101.721101186624,3145.510989801784,1703660
2022-04-29,3109.303955078125,3176.413485870001,3100.668832593926,3153.4007613811887,2051115
2022-05-02,3105.533935546875,3110.3995253884623,3062.007100385467,3085.808744863696,1324161
2022-05-04,3050.6103515625,3108.2078660799434,3037.9424384582558,3102.1150165971426,2305825
2022-05-05,3080.111328125,3097.294251931396,3055.5207538746768,3078.9718213072174,1612262
2022-05-06,3009.275146484375,3046.007748936161,3002.1739922958363,3032.4192843776605,2010812
2022-05-09,3020.234130859375,3029.7898059191575,2934.100783512281,2978.9426390374124,2481830
2022-05-10,3014.667236328125,3037.50467106659,2999.9829248171122,3010.5030285861963,1622685
2022-05-11,2991.216064453125,3023.1708356998556,2965.047221652753,3011.379595954421,1841769
2022-05-12,2988.278564453125,3024.26612096296,2936.9494073636065,2961.408557617447,2807195
2022-05-13,2993.75830078125,3015.6751825815522,2965.047185622854,3011.3795593615127,2187823
2022-05-16,2960.357421875,3006.9965085895665,2951.41537593867,2993.8463780855304,1195813
2022-05-17,3025.932373046875,3039.4330862596703,2937.2126666815007,2954.3955871632793,1754076
2022-05-18,3023.4775390625,3063.9798913868717,3018.4366565516343,3037.679634808444,1866781
2022-05-19,2859.671142578125,2985.0795954059245,2831.661407683153,2978.066192538598,4642963
2022-05-20,2886.89208984375,2905.2145200759633,2866.7724322365875,2901.795571631586,3065125
2022-05-23,2912.09619140625,2927.1310872588047,2864.098218506576,2897.2365878081046,2293690
2022-05-24,2882.509033203125,2914.814610869961,2871.6383426566845,2906.3106873261304,1711510
2022-05-25,2795.7060546875,2906.205306459052,2783.7030890856627,2906.205306459052,3548046
2022-05-26,2848.044189453125,2860.885783728906,2807.0925247973655,2816.315451451161,2813186
2022-05-27,2878.35986328125,2893.8931509887725,2850.0289426919717,2871.210874953486,3103153
2022-05-30,2978.929931640625,2988.9473068380908,2900.468608772178,2909.8680052200993,2094624
2022-05-31,2969.31005859375,2986.123046252866,2934.5804266036826,2960.3075643045477,4840965
2022-06-01,2961.234375,2990.1830616669745,2947.8633651492946,2990.1830616669745,1493835
2022-06-02,3021.072998046875,3029.016222406332,2953.3791179893624,2961.057525108754,2657939
2022-06-03,3036.209716796875,3068.9977170114703,3028.3106631264545,3053.1993941968394,1913622
2022-06-06,3028.089599609375,3047.5505432190357,2980.60672441929,3016.6602249414027,1084210
2022-06-07,2967.853515625,3017.4105418438976,2961.9402691478545,3001.7005652596245,2308256
2022-06-08,3004.437255859375,3013.086590540021,2953.5565604237936,2983.2553172817056,2185707
2022-06-09,3024.692138671875,3033.429600648325,2959.381172582851,2987.535408261443,1279197
2022-06-10,2965.382568359375,2994.5960733606303,2958.4102675817367,2984.887686444342,1527582
2022-06-13,2841.556884765625,2906.3382214284725,2817.59468967151,2903.690479350038,3030921
2022-06-14,2833.56884765625,2858.5898753729225,2801.9282507618755,2815.431775412681,2611493
2022-06-15,2829.818359375,2854.265800096779,2825.1406388713017,2840.585800127237,1404536
2022-06-16,2773.068359375,2863.841864011911,2765.1693057745297,2859.5612617361553,2032028
2022-06-17,2726.203125,2752.548242059403,2668.7914294364296,2728.9392110453464,5240434
2022-06-20,2746.9443359375,2770.200425700814,2708.6404162407957,2730.7049357605156,1502769
2022-06-21,2834.804931640625,2857.5755559549466,2758.4175317802415,2762.4774890399144,2964461
2022-06-22,2844.513427734375,2868.8727412761314,2809.2543718174775,2824.169899477694,3336315
2022-06-23,2920.282958984375,2928.402658039696,2844.513322405252,2844.513322405252,3692578
2022-06-24,2906.42626953125,2952.232116631172,2892.6579259368214,2946.9366330138964,2132118
2022-06-27,2925.490234375,2968.0305814736325,2918.253115652628,2956.6453765118113,2037686
2022-06-28,2928.53515625,2938.993824065704,2888.3337764710327,2918.6944673229077,1400046
2022-06-29,2904.13134765625,2941.641021649683,2886.921026647499,2886.921026647499,2133994
2022-06-30,2883.4794921875,2922.1363544822384,2872.800179524171,2887.8040514295203,2719603
2022-07-01,2925.8427734375,2941.6408785851318,2870.1960284541215,2877.2125005063094,1502879
2022-07-04,2855.19287109375,2928.3587283799407,2846.3670636781026,2923.1074160623934,2622535
2022-07-05,2838.643798828125,2887.8034912040525,2830.391584691567,2872.7996222094107,2170627
2022-07-06,2877.874755859375,2884.71475566246,2826.243789603828,2840.5857246748133,2182144
2022-07-07,2901.79296875,2929.6382167656825,2881.6700861940794,2886.92139813414,1989921
2022-07-08,2882.02294921875,2916.9290571272395,2868.3871212295094,2912.51615386381,2136916
2022-07-11,2748.1796875,2846.3226132721766,2741.2955152940713,2829.6858817306656,6974600
2022-07-12,2722.496337890625,2767.949238860167,2718.568897309372,2749.1502289566492,3734815
2022-07-13,2681.9423828125,2744.8262642688196,2678.632704841115,2739.530779514603,3863530
2022-07-14,2653.62451171875,2705.1705318296686,2625.5286123449873,2704.285621613172,4764908
2022-07-15,2649.9521484375,2680.304395201188,2613.1397980186016,2671.1457043358505,4574806
2022-07-18,2710.922607421875,2722.8246073241294,2667.385065422238,2675.0837415493156,3202795
2022-07-19,2720.435791015625,2724.5948266776545,2681.322794633056,2681.322794633056,1865074
2022-07-20,2800.564208984375,2806.8912313215537,2741.496445439905,2750.1243210138164,3402251
2022-07-21,2811.625244140625,2817.554099319506,2782.2019797554576,2802.5106257992697,2420640
2022-07-22,2806.05078125,2829.0584508534375,2781.715746092518,2818.4395264210816,2075886
2022-07-25,2802.289794921875,2819.722485260362,2786.671213973187,2800.741201840289,1797504
2022-07-26,2757.2919921875,2804.1922393604004,2740.1248183185944,2800.4756592080407,2639367
2022-07-27,2821.846435546875,2826.492214850678,2752.0711685384485,2756.495720256356,1389808
2022-07-28,2885.25,2888.347186014415,2833.1729430263163,2845.871492102438,2106333
2022-07-29,2921.88525390625,2935.513002248576,2898.081253084199,2911.3549076784775,2430257
2022-08-01,2919.141845703125,2944.09627043155,2894.5412986418996,2944.09627043155,1306913
2022-08-02,2912.947265625,2931.6187401045354,2895.1161965342453,2911.354384151611,1269114
2022-08-03,2955.157958984375,2963.5646068688943,2899.895353730968,2902.5057959181763,2895824
2022-08-04,2968.82958984375,2997.9873392727095,2926.7079917137826,2964.449327329786,2150567
2022-08-05,2977.76708984375,2988.341723447563,2968.8736991905753,2974.360099181766,1106933
2022-08-08,2986.08544921875,2990.02325675371,2952.0606921831227,2977.723090286633,1068836
2022-08-10,2968.2099609375,2995.420948877823,2951.1754400317695,2995.420948877823,1878359
2022-08-11,3028.60546875,3034.091869341709,2986.6165186810267,3008.6949872169466,1449248
2022-08-12,3010.066162109375,3025.507801008975,2992.1024428668024,3025.507801008975,1472354
2022-08-16,3002.234619140625,3021.83550856542,2997.6331295745786,3018.4285180749484,839942
2022-08-17,3009.668701171875,3024.579311059615,2983.121390465737,2995.5101354619346,1622326
2022-08-18,2992.10302734375,3001.6158133086874,2975.068503639094,2999.845992664048,1430659
2022-08-19,2996.08544921875,3027.7209966778273,2983.254248151432,2997.191587241795,1398410
2022-08-22,2968.47607421875,2994.625218414386,2962.1488355557162,2977.723344218881,1536532
2022-08-23,2906.576416015625,2957.2816026427063,2893.6566394043225,2937.8578650454288,1849256
2022-08-24,2880.692626953125,2927.28306452254,2876.1352096062324,2913.124500727993,1691923
2022-08-25,2847.818359375,2900.868690050921,2844.7654619679774,2898.9662192727565,1946930
2022-08-26,2851.35791015625,2882.1528316395706,2846.579480978904,2862.0654111458343,1457962
2022-08-29,2772.025390625,2781.007142415291,2726.40822824543,2765.3442756465333,2539173
2022-08-30,2841.57958984375,2855.1630492052304,2780.476707184959,2791.8919635030225,3431525
2022-09-01,2771.27392578125,2822.8642466000433,2761.805427472958,2822.8642466000433,3546935
2022-09-02,2770.122802734375,2798.970961661716,2761.1853393428887,2798.970961661716,2052900
2022-09-05,2772.77783203125,2785.653320032453,2754.0620657083778,2764.1499566547036,2147912
2022-09-06,2767.15869140625,2779.3704962895417,2748.841092102585,2774.6361399478797,1936453
2022-09-07,2787.113525390625,2797.9977490829297,2744.991709326938,2744.991709326938,1291534
2022-09-08,2804.85595703125,2817.1120515885295,2796.405236165702,2805.165762065538,1346113
2022-09-09,2847.33154296875,2861.3574576535334,2803.838288101197,2827.2884110725345,1561185
2022-09-12,2869.719970703125,2893.4798999711134,2853.8358731602502,2867.020950932398,1785928
2022-09-13,2857.68505859375,2887.8603690881314,2853.835612513342,2887.8603690881314,1972678
2022-09-14,2761.27392578125,2779.857041489545,2755.4336476127423,2774.1937021668928,5090269
2022-09-15,2747.071533203125,2776.6274524950736,2743.2220867611272,2769.769397278171,2138023
2022-09-16,2662.429443359375,2738.222136392532,2654.73076734259,2721.9839467819356,5322221
2022-09-19,2680.21630859375,2691.8970811218637,2643.934986987571,2686.5876194233983,2072220
2022-09-20,2690.392822265625,2725.479429164926,2681.278202987553,2698.9764089478667,1544295
2022-09-21,2655.79296875,2691.366322542929,2653.0939489033167,2679.508609959477,2253818
2022-09-22,2661.279541015625,2681.2343144225215,2636.4136875558343,2645.882185949209,2017983
2022-09-23,2638.84716796875,2674.6417513414617,2636.1481479722793,2658.2709085292804,2652374
2022-09-26,2649.775146484375,2677.605746474014,2589.3359496927173,2619.2016704081934,2925489
2022-09-27,2670.17236328125,2676.853478808768,2633.4928770032707,2663.0487926332676,2227447
2022-09-28,2686.277587890625,2698.931847080091,2637.0324212069113,2637.0324212069113,2739767
2022-09-29,2652.341064453125,2704.152593596925,2645.8811775669524,2702.515423508185,2493902
2022-09-30,2658.75732421875,2672.1636290441115,2610.574000882851,2646.6340961387687,2817353
2022-10-03,2641.4130859375,2673.0486307094293,2631.7233608871984,2650.306478095884,1763331
2022-10-04,2735.390380859375,2741.4521028168406,2675.0838304762133,2681.233913837934,2145875
2022-10-06,2744.947509765625,2764.459825429553,2736.54086176896,2752.955991328854,1790816
2022-10-07,2712.161376953125,2747.6463648942195,2706.144160002529,2740.9209604826137,1939879
2022-10-10,2759.6376953125,2767.115145862386,2659.156064380067,2663.5806168998342,3064063
2022-10-11,2716.2763671875,2783.0428039660296,2701.940863997202,2743.22184174712,4730645
2022-10-12,2743.8857421875,2751.9825853975053,2709.6397551702103,2729.8598268537053,1665247
2022-10-13,2746.142333984375,2752.0711901243612,2701.0561948337768,2743.8857693820296,2054781
2022-10-14,2742.469482421875,2787.467254518983,2717.5593455961257,2783.0427033213336,2245977
2022-10-17,2760.745849609375,2775.5176496549793,2724.9916301054623,2726.056227267023,1517005
2022-10-18,2789.979248046875,2799.4280629231534,2775.6510472338673,2794.6814538133085,1793722
2022-10-19,2769.706787109375,2802.6661968962776,2760.967776113079,2802.6661968962776,1194289
2022-10-20,2801.157958984375,2803.5533568233523,2754.7573332077563,2754.7573332077563,1587601
2022-10-21,2783.502197265625,2803.9078046251725,2774.275400578486,2801.6012137542084,1021913
2022-10-24,2805.0615234375,2819.5229335978725,2799.117323946283,2812.514136923427,260949
2022-10-25,2805.41650390625,2825.067906352721,2795.701486132634,2821.7409048142667,2069643
2022-10-27,2801.246337890625,2815.9739505486477,2780.796542816512,2804.174142407178,2438421
2022-10-28,2806.436767578125,2819.966574171207,2790.245359688043,2794.6813618497094,1355739
2022-10-31,2832.96435546875,2838.1545653376957,2819.3459569590173,2838.1545653376957,1919414
2022-11-01,2892.007568359375,2894.580579896571,2842.1025377869346,2851.90614711306,2991060
2022-11-02,2876.037841796875,2901.1456594790648,2858.6044384654506,2901.1456594790648,1405955
2022-11-03,2845.030029296875,2863.927442110941,2834.6054240597227,2863.927442110941,1422652
2022-11-04,2854.47900390625,2856.8302153585205,2809.009975066028,2854.1242103218356,1464013
2022-11-07,2868.9404296875,2877.014041486473,2834.69461776829,2864.770630343667,1474498
2022-11-09,2853.281494140625,2883.2245139833467,2840.5056757133734,2883.2245139833467,1162267
2022-11-10,2844.053955078125,2861.221369938422,2812.4253465751312,2812.4253465751312,1573092
2022-11-11,2941.912841796875,2964.6696675775797,2887.8824108773924,2900.79122317147,3265394
2022-11-14,2959.25732421875,2971.2345311973,2935.746510520115,2949.0545182740593,1342074
2022-11-15,2956.6845703125,2963.205364241237,2920.664142185574,2946.392957532895,1400708
2022-11-16,2976.868408203125,2988.002601660146,2946.792180040441,2962.2737860893976,1748235
2022-11-17,2971.23388671875,2980.9930902881456,2943.508876578421,2963.2490837983355,1417986
2022-11-18,2966.310302734375,2983.433314748381,2946.3926959421224,2972.1215090051523,1164540
2022-11-21,2913.122802734375,2957.660223917546,2903.8071976091396,2947.723621770964,1304194
2022-11-22,2941.025146484375,2944.5739483544544,2888.0593218937793,2910.017533464894,1149739
2022-11-23,2935.125732421875,2954.3779417550127,2919.777119013738,2954.3779417550127,1150011
2022-11-24,2998.870849609375,3010.2270599589883,2935.1256201131005,2942.1788211585995,1296591
2022-11-25,3007.298828125,3019.4536472052473,2970.3470171361205,3001.3990319508653,1588981
2022-11-28,3012.267822265625,3031.5644352202753,2985.9180078961676,2986.3172048438537,2195437
2022-11-29,3014.130615234375,3042.2104235794986,3001.3992017991964,3001.3992017991964,1576028
2022-11-30,3008.3193359375,3029.7007368695226,2994.3015254756792,3001.3991290916215,3410702
2022-12-01,3083.597900390625,3087.4573086671207,3034.2252861038946,3038.661287984163,2180856
2022-12-02,3051.2158203125,3077.610037846442,3028.0156115409945,3068.028444762544,2411749
2022-12-05,3039.459716796875,3051.215121915398,3022.6917161363995,3045.7589261802937,1475065
2022-12-06,3003.484375,3023.534976844241,2988.0913592964403,3016.5261793583018,1166999
2022-12-07,2999.27001953125,3010.892215820277,2975.6704001996686,2988.3574103425613,1167505
2022-12-08,2972.609619140625,2999.270036952731,2962.7616071469197,2980.993620377601,1285619
2022-12-09,2921.329345703125,2993.5031905316173,2906.779344645206,2993.5031905316173,1797896
2022-12-12,2915.739990234375,2924.212798185376,2871.0695757813564,2888.281178547479,1527610
2022-12-13,2956.24072265625,2960.0999146743784,2899.19369008115,2907.5332877172273,1378016
2022-12-14,2985.740478515625,2996.0762783549085,2964.048251634688,2971.0572659898444,1213311
2022-12-15,2932.2861328125,2985.207550106407,2926.8297203838156,2979.9287510393006,1415694
2022-12-16,2874.75146484375,2920.6640914329523,2861.399053790707,2905.581682698335,2703680
2022-12-19,2840.860595703125,2879.4094167044013,2834.1621881565893,2862.9962063488224,2120965
2022-12-20,2878.0341796875,2882.514585783526,2806.7919322309904,2838.0657516058345,1529971
2022-12-21,2899.859130859375,2912.723537635871,2874.5295141963525,2882.5143184024537,1432566
2022-12-22,2892.007568359375,2922.438590322109,2879.0545703851453,2922.438590322109,1384101
2022-12-23,2864.1943359375,2898.351561330635,2854.1245218107824,2854.1245218107824,1360281
2022-12-26,2885.974365234375,2902.9199811046005,2861.265961737632,2864.193766652603,870157
2022-12-27,2891.829833984375,2904.516843595851,2866.9882216660553,2900.435634931459,835883
2022-12-28,2889.700439453125,2897.6852428596253,2862.1084210411123,2883.2238333697437,910795
2022-12-29,2900.03662109375,2902.4764224575765,2863.8832008843215,2866.633609062399,1037927
2022-12-30,2889.345703125,2926.874326011963,2880.0300982680355,2915.385123342042,1163131
2023-01-02,2893.560302734375,2898.3513158512633,2870.271287393365,2893.1611057917276,709547
2023-01-03,2937.83154296875,2945.505740863758,2879.2319050146616,2885.176105207512,1245178
2023-01-04,2940.75927734375,2952.026897843551,2915.518464493648,2933.7060761454604,1231668
2023-01-05,2937.609375,2960.853982507191,2911.7473529923486,2954.55477293235,1826057
2023-01-06,2849.288330078125,2929.136361654218,2839.04112270553,2927.761157790078,2488376
2023-01-09,2945.46142578125,2951.716232985734,2857.8059680277906,2864.770578993368,2885060
2023-01-10,2915.695556640625,2925.9871687992077,2865.7463431410715,2914.4535626153415,3864655
2023-01-11,2953.224609375,2971.6784252720427,2902.1661712571045,2918.978795996572,2720512
2023-01-12,2958.23681640625,2972.1214163824147,2941.5574051372632,2953.4902075036,2250391
2023-01-13,2993.902587890625,2997.850586923589,2932.1977477900155,2965.8225611920748,1742837
2023-01-16,3025.20703125,3042.401591825703,2992.5418188116687,3009.7363793873715,1843607
2023-01-17,3065.448486328125,3068.5336669447215,3013.3657108008815,3021.5320135401794,1688475
2023-01-18,3075.973876953125,3093.168435883575,3059.8681140280755,3066.900207699576,2421189
2023-01-19,3060.63916015625,3073.2514705543877,3049.659932841245,3066.8999027085415,1585044
2023-01-20,3051.565673828125,3080.1929219636927,3044.7604221587917,3053.289582307642,1529349
2023-01-23,3098.56689453125,3102.2871871387383,3044.76021881266,3074.15881545073,1067916
2023-01-24,3117.984619140625,3132.184821132738,3100.7446497194815,3107.731329864083,1387863
2023-01-25,3112.041748046875,3116.8054244598047,3089.58441638592,3108.004009487608,874110
2023-01-27,3095.073974609375,3126.7864041362013,3068.9871756775947,3108.6390657488755,1785879
2023-01-30,3115.579833984375,3138.082574277727,3071.9356250833475,3103.194366133091,1953798
2023-01-31,3047.572998046875,3129.5082689944597,3040.5863175994305,3129.5082689944597,2820375
2023-02-01,3092.624267578125,3102.287637094733,3044.216151638733,3051.475087320733,2205161
2023-02-02,3139.852294921875,3147.6557387794014,3103.285586505531,3109.5463294312503,1813847
2023-02-03,3159.723876953125,3179.4136948565433,3133.0471565298344,3179.4136948565433,1804469
2023-02-06,3139.443603515625,3151.4208005439305,3118.483564097363,3151.4208005439305,1138714
2023-02-07,3150.877197265625,3169.4328073868965,3140.759922695128,3147.5651749297117,1455647
2023-02-08,3194.022216796875,3211.987903653968,3155.867395499648,3155.867395499648,1986946
2023-02-09,3212.85009765625,3218.9748240809963,3180.5931608475644,3189.3945752566206,1655427
2023-02-10,3209.855712890625,3214.2111181684145,3183.17899401736,3193.9313800289237,1187821
2023-02-13,3159.814453125,3220.2451782155104,3151.6481508979105,3220.2451782155104,1087939
2023-02-14,3175.875,3198.332330949659,3171.2473401639604,3180.32100923453,1579818
2023-02-15,3194.52099609375,3199.3754973273617,3139.625301939381,3163.988190351818,1429449
2023-02-16,3228.45703125,3243.8368567974812,3200.2832430558647,3200.464672141428,1618931
2023-02-17,3176.827880859375,3211.0809850815513,3166.710827427652,3199.5120558409485,1061369
2023-02-20,3164.2607421875,3195.746330382265,3153.145497284836,3177.5989917656707,1296082
2023-02-21,3131.322998046875,3183.859450029968,3125.6519552367354,3170.339772580638,1139541
2023-02-22,3086.453857421875,3127.6936378456253,3080.5105600481284,3098.6124850134906,1218430
2023-02-23,3097.56884765625,3132.593073464419,3092.306075874683,3104.101844356599,1441570
2023-02-24,3085.4560546875,3115.8528490283225,3068.987432333799,3105.463541237757,977592
2023-02-27,3023.210693359375,3075.973993457147,3008.828838437729,3075.973993457147,1128022
2023-02-28,3005.970458984375,3077.788458973307,2994.2198806605948,3020.170662055617,4116217
2023-03-01,3072.072021484375,3075.0663765130616,3007.921226952139,3015.1801620398064,1669307
2023-03-02,3013.7734375,3057.7353150042663,3010.643066320148,3049.659839030144,1556538
2023-03-03,3032.556396484375,3046.9382514091512,3022.5301687973756,3043.3087835694737,1043190
2023-03-06,3059.505126953125,3089.5388380017994,3047.845373843557,3050.4766492061635,1334132
2023-03-08,3076.33642578125,3081.4177686623493,3022.3029080296496,3052.382029970596,1844590
2023-03-09,3027.747314453125,3071.436941869971,3022.303113079057,3071.436941869971,1648500
2023-03-10,3022.43896484375,3028.1100076327843,2985.2369241476845,3006.0155363166627,1024404
2023-03-13,2977.9326171875,3057.6448843231524,2968.9043612497244,3024.2537396226567,1901233
2023-03-14,2917.13916015625,2998.3030847586924,2912.1032295746863,2976.1634210899015,2670334
2023-03-15,2902.576416015625,2958.334299387635,2896.315671876333,2948.942961653535,1780522
2023-03-16,2889.96337890625,2921.539789172319,2878.167610012755,2910.8328161793565,1901060
2023-03-17,2884.791748046875,2922.991763191914,2852.761650855337,2858.6595359477537,6739966
2023-03-20,2852.12646484375,2876.035450110584,2808.346011246895,2876.035450110584,2289468
2023-03-21,2818.37255859375,2864.3306057825034,2810.5237015985185,2852.1265646681036,1815297
2023-03-22,2840.784423828125,2852.3079395141376,2818.3725050009734,2840.103898631804,1123939
2023-03-23,2835.20361328125,2854.8936502715574,2813.744476842171,2826.356786886793,1372218
2023-03-24,2831.4384765625,2876.3531391453694,2818.2816562099424,2857.207608505045,1329577
2023-03-27,2833.07177734375,2860.701055740268,2818.2816522493927,2844.595292917529,1524217
2023-03-28,2827.2646484375,2857.797679841511,2822.0472883688126,2837.336510397544,1303530
2023-03-29,2848.133544921875,2858.205404958912,2816.5573576681204,2839.150702259186,1740616
2023-03-31,2908.92724609375,2915.369639228699,2860.0202623245746,2894.4547893885947,2382581
2023-04-03,2903.573486328125,2926.212241549324,2879.7551100730893,2926.212241549324,1521830
2023-04-05,2939.687255859375,2961.9631570208894,2890.4171900754327,2890.4171900754327,2655065
2023-04-06,2922.3564453125,2955.611574142893,2917.1844984383324,2926.258167173755,1703464
2023-04-10,2961.10107421875,2968.9045182251125,2917.1846045518755,2921.721439084615,2203187
2023-04-11,2916.095947265625,2969.7666137305973,2896.45131988944,2961.6457238357684,2348779
2023-04-12,2941.36572265625,2958.8779475351903,2902.666614298546,2928.934840854399,2417727
2023-04-13,2893.456787109375,2930.794843329993,2885.4265021019746,2912.6475068387854,4174070
2023-04-17,2848.677978515625,2870.3639557398055,2785.842829602675,2843.778286560608,5505048
2023-04-18,2840.73828125,2864.4206406068547,2822.454930950123,2862.6965109707785,2617302
2023-04-19,2803.401123046875,2849.132330441354,2786.9776920224904,2840.739185837347,3298034
2023-04-20,2817.192626953125,2824.632990783157,2792.875151182318,2803.7635533311773,2419999
2023-04-21,2868.051025390625,2871.317413624094,2813.5635935937275,2821.9113255572283,1929184
2023-04-24,2880.708740234375,2886.288958566477,2836.565203622376,2859.204187054987,1640676
2023-04-25,2881.797119140625,2895.5890509725477,2855.937163883853,2888.1486870984286,2024090
2023-04-26,2901.89501953125,2911.1955291566424,2886.33376764612,2886.33376764612,2000029
2023-04-27,2892.64013671875,2902.8480138926443,2876.942645737427,2889.963448787062,2434446
2023-04-28,2921.04052734375,2928.2994616355104,2900.1710912549383,2903.9365748087516,2931312
2023-05-02,2921.1767578125,2935.3317693287354,2912.647598004711,2935.3317693287354,2321159
2023-05-03,2885.33544921875,2918.091477611677,2879.210723636076,2918.091477611677,2468285
2023-05-04,2922.3564453125,2925.7590710882832,2883.611924117269,2885.5626742853387,1953253
2023-05-05,2931.43017578125,2943.498199758527,2912.693138058063,2921.7213943349125,1710027
2023-05-08,2949.48681640625,2953.3431255778287,2931.9745916279403,2944.40547335836,928235
2023-05-09,2979.112548828125,2992.496211386631,2945.3131298244402,2951.3018403250803,1107375
2023-05-10,2982.333984375,3000.2090704762545,2963.50611859173,2985.2375145522087,1559987
2023-05-11,2978.114013671875,3003.112014657081,2968.9043287681666,3002.4769021680513,1719623
2023-05-12,2970.9912109375,2985.2368256484924,2958.015821159296,2975.3918070815257,1027479
2023-05-15,2953.524658203125,2987.0518206947813,2947.4453443068564,2979.792885529059,1150390
2023-05-16,2956.33740234375,2980.700292430745,2949.3507214579936,2954.5680811783823,986306
2023-05-17,2911.46826171875,2976.1635689712307,2901.9863214823895,2954.3413497168876,1588815
2023-05-18,2903.4384765625,2929.842724193188,2899.037657861475,2927.1206231059946,1369364
2023-05-19,2924.30712890625,2934.877863331554,2906.3412222750712,2912.6473771198916,1152449
2023-05-22,2993.130859375,3001.9776857947654,2919.0444477620817,2930.7948036761345,1333243
2023-05-23,2991.6337890625,3019.671334917514,2985.3276340299108,2999.7546777174225,1687418
2023-05-24,2997.3505859375,3009.9174847895656,2972.5340122132757,2972.5340122132757,1016555
2023-05-25,2988.4130859375,2999.75517294956,2964.4586867780845,2988.866769417982,1374917
2023-05-26,3020.533447265625,3029.3802741378013,2986.1443319315176,2988.4127490782294,1791115
2023-05-29,3012.77587890625,3059.6412922971313,3005.199276419958,3049.4788269717515,1210372
2023-05-30,3009.009765625,3018.763958815021,2995.535501435705,3007.9209697599713,1344224
2023-05-31,2984.783203125,3019.444571909924,2962.6887320872042,3002.4768564038986,5815424
2023-06-01,3016.087646484375,3030.6055172255756,2992.042423069262,3007.013977271125,1177314
2023-06-02,2999.392333984375,3026.8853758575733,2991.9971602900687,3018.1293732382414,2030661
2023-06-05,2984.239013671875,3018.8097823868075,2980.7457838991895,3007.9213792041683,1861468
2023-06-06,2932.88134765625,2984.1929774281175,2922.265201864673,2976.1626937450287,2022849
2023-06-07,2971.535888671875,2975.1201652874615,2940.776238166273,2951.664641393053,1567196
2023-06-08,2936.64794921875,2967.0901570618307,2933.517577303027,2958.9238538772565,1759366
2023-06-09,2912.012939453125,2948.942731820432,2908.428884130249,2944.4058968484005,1775689
2023-06-12,2946.12939453125,2952.934646039938,2913.5550125863747,2917.184480057675,2324605
2023-06-13,2943.225830078125,2962.552788439429,2938.961250154766,2958.015954153917,1371928
2023-06-14,2949.89501953125,2954.2504246831013,2927.0294193904156,2943.225784624499,1658544
2023-06-15,2940.068115234375,2968.5427081775592,2934.3091461074932,2966.577450199209,2273810
2023-06-16,2902.22412109375,2924.6199424279303,2884.947433905012,2922.4261553213955,4156189
2023-06-19,2934.674560546875,2938.7880778419694,2902.314980427836,2916.026704744818,1468186
2023-06-20,2950.4892578125,2954.877054918367,2926.1281797146307,2937.965925601742,1528452
2023-06-21,2978.369384765625,2981.294508068641,2947.060946684183,2970.873686560209,1645987
2023-06-22,2960.361572265625,2987.007936549625,2952.68309515918,2980.015045726706,1529603
2023-06-23,2940.114013671875,2970.3253373650405,2933.5322068110854,2959.2646792263045,1119505
2023-06-26,2915.707275390625,2937.8745675991736,2900.487347535049,2929.7390320989075,1978803
2023-06-27,2922.745849609375,2933.9892862063707,2908.988373447767,2926.9963953304227,863542
2023-06-28,2939.291259765625,2953.460043363007,2919.134977819985,2932.4811471226985,1575872
2023-06-30,3018.63623046875,3025.7206216523773,2938.0570832427293,2943.4502724231584,2672406
2023-07-03,2991.2587890625,3033.76513982982,2988.0136359285348,3029.6516220136277,1687264
2023-07-04,3024.669677734375,3030.2913960326273,2995.8293032220745,3007.4385197427887,1656681
2023-07-05,3034.816162109375,3043.08894780055,3021.150186987329,3034.861912495592,1453008
2023-07-06,3037.5126953125,3042.58607828234,3018.4077807602575,3022.567048714725,1848238
2023-07-07,3043.3173828125,3068.592573451774,3018.407748906473,3018.407748906473,1789326
2023-07-10,2990.938720703125,3039.2040404212626,2984.7684440589132,3039.2040404212626,1407431
2023-07-11,2991.349853515625,3012.0089419005876,2980.746253359692,3012.0089419005876,1110172
2023-07-12,2979.923583984375,3006.661449392106,2970.9654349670614,2999.165750561899,1515240
2023-07-13,3053.6474609375,3078.2370696219364,2991.6704080781747,3001.954203690696,4585146
2023-07-14,3212.794677734375,3222.1188306720537,3064.1139399358403,3075.9974367196014,6306101
2023-07-17,3191.815673828125,3245.0171284101766,3178.4239767823524,3208.544024917349,2743228
2023-07-18,3196.5234375,3221.341572891563,3167.4087826530267,3177.464048629703,2600090
2023-07-19,3172.025146484375,3214.8057777866934,3149.7206041471604,3199.402849087036,2405370
2023-07-20,3174.08740234375,3188.3845460576213,3149.1129905127177,3164.7392268860317,1715404
2023-07-21,3087.020751953125,3148.058998813378,3078.543199020897,3119.785348420925,3770223
2023-07-24,3111.26171875,3128.4000771632996,3090.5032611034767,3098.659951717726,1680132
2023-07-25,3115.29443359375,3122.3057333138704,3097.926950811684,3113.782310935107,1272980
2023-07-26,3105.349853515625,3135.181712531565,3102.3253851989666,3116.3936267423246,1066803
2023-07-27,3113.23193359375,3126.750192106114,3102.3716364305046,3111.444818744401,1701769
2023-07-28,3075.197509765625,3110.299202025282,3052.8351919764364,3102.3257654879126,2599831
2023-07-31,3135.73193359375,3140.4976478889985,3080.2382907228434,3083.446013157544,2743678
2023-08-01,3163.776611328125,3171.062678801949,3129.8205341354496,3129.8205341354496,1956167
2023-08-02,3153.328125,3158.5979540245685,3128.5371952867654,3148.104165326231,1914899
2023-08-03,3116.027587890625,3146.546822678413,3086.7457070649953,3134.4033011170673,2026351
2023-08-04,3155.98681640625,3181.1444829948086,3117.219150903513,3117.219150903513,2248493
2023-08-07,3193.104248046875,3196.7243469805094,3153.8783426165933,3165.517747179838,1853889
2023-08-08,3180.778076171875,3198.5120668673753,3167.9471847371406,3193.1048521210755,1634225
2023-08-09,3173.353759765625,3177.4779740382446,3139.031176847413,3175.5532512098443,1794589
2023-08-10,3154.65771484375,3175.5535568337395,3143.613939700264,3161.8979133179873,1096701
2023-08-11,3160.7978515625,3177.1571005314463,3128.903883221951,3150.991431301233,1679974
2023-08-14,3161.760498046875,3166.480343065744,3126.1546889138212,3153.3744607157764,1190425
2023-08-16,3169.59619140625,3176.5616208724146,3148.3336194216304,3161.8977472619245,1328445
2023-08-17,3148.83740234375,3171.795571791625,3128.1704629055844,3166.479873418513,1843241
2023-08-18,3085.920654296875,3125.2380760753504,3076.205748488831,3125.2380760753504,2526749
2023-08-21,3117.58544921875,3125.009125174637,3090.4115463271137,3093.1610227918177,1375579
2023-08-22,3099.7138671875,3126.1547554854496,3084.0419855146843,3116.0733417327847,1222012
2023-08-23,3114.46923828125,3117.9060836115095,3094.0772893217095,3105.0751943785403,1330046
2023-08-24,3104.84619140625,3128.033486881535,3096.0021319156044,3123.4051569072394,1152881
2023-08-25,3098.93505859375,3103.059273411215,3070.477931602647,3093.1611130987044,1158046
2023-08-28,3093.664794921875,3110.5740285527827,3079.50503745056,3110.5740285527827,1037485
2023-08-29,3094.21484375,3106.4959726571,3083.9960459073914,3098.705789480217,944517
2023-08-30,3107.779296875,3123.4972729436513,3100.539097725863,3114.2406118768426,1188200
2023-08-31,3076.480712890625,3132.0199996616384,3064.4287075753277,3116.9896187870163,3417652
2023-09-01,3097.010009765625,3105.9916769517795,3076.4806765569438,3084.9123589907613,1277950
2023-09-04,3133.028564453125,3146.180316935127,3088.62456241485,3095.910630604843,1828332
2023-09-05,3142.972412109375,3159.148408891023,3120.7931233027793,3134.403121092921,1501842
2023-09-06,3143.476318359375,3156.307208388253,3114.332047153296,3147.2340256547322,1314818
2023-09-07,3166.70947265625,3171.06281032939,3136.5111013373767,3144.301284541943,1885092
2023-09-08,3154.4736328125,3175.6446868929556,3148.195797048318,3166.708890154945,1518917
2023-09-11,3189.988037109375,3194.6163668180566,3157.3151842826364,3172.8955494880947,1783604
2023-09-12,3281.77490234375,3290.114846064527,3192.1419316903975,3200.3903604544553,4476016
2023-09-13,3269.90625,3289.152583049449,3248.9643171569232,3272.884849162415,1754929
2023-09-14,3262.7578125,3297.2636512739155,3249.514546133057,3271.922733688605,2604721
2023-09-15,3297.813720703125,3306.1080193423236,3264.9573878973515,3269.906579718022,2952897
2023-09-18,3305.0078125,3317.05981755895,3276.6882968344953,3281.0875035527256,1395753
2023-09-20,3304.91650390625,3322.283985091515,3281.0418390696896,3281.0418390696896,1649396
2023-09-21,3285.8994140625,3303.9542650181074,3233.3843680953905,3288.8780136079395,2004073
2023-09-22,3302.716552734375,3330.3030534939417,3267.3400931464826,3284.7075730917886,1989083
2023-09-25,3278.429931640625,3317.7017112878607,3261.47482621001,3301.6630980426844,1238778
2023-09-26,3286.265625,3294.7431767877106,3240.716013118244,3269.677252510413,1726062
2023-09-27,3289.565185546875,3312.2024959846676,3258.770961052586,3290.2066852753064,1541134
2023-09-28,3241.40380859375,3301.938163532405,3232.7888713611383,3299.371940605782,1755753
2023-09-29,3233.934326171875,3270.4564045061975,3212.8091371274368,3241.816024498274,2243791
2023-10-03,3220.416259765625,3239.0667420924833,3189.4846475037402,3239.0667420924833,1948148
2023-10-04,3242.320068359375,3251.71411279459,3186.9181632456966,3195.166592505886,1788138
2023-10-05,3289.611328125,3321.3676929730136,3254.6470168624746,3257.213239742299,2990768
2023-10-06,3318.984375,3331.402887606666,3276.5051007551597,3291.123104883123,2075691
2023-10-09,3334.51904296875,3371.7743564547645,3327.7827366912884,3340.659495143479,4233074
2023-10-10,3325.858154296875,3343.363243234952,3300.6089754727277,3336.0771756544805,1848148
2023-10-11,3308.44482421875,3345.196247840039,3303.954102318724,3345.196247840039,2426417
2023-10-12,3246.71923828125,3288.969391201641,3242.6408930553534,3276.459363134494,4241281
2023-10-13,3272.656005859375,3278.2923429472667,3230.6347522754027,3235.217212916928,2890357
2023-10-16,3229.763916015625,3276.1382803907245,3225.227325030977,3268.2107135060846,1671104
2023-10-17,3214.183349609375,3239.020148837798,3210.792373921708,3235.216796496065,1672065
2023-10-18,3196.036865234375,3228.526463289023,3193.058266105545,3217.8035511758235,1408245
2023-10-19,3175.270751953125,3194.750838771474,3171.8250136242077,3187.9971019140276,1514545
2023-10-20,3211.0146484375,3215.5629781222533,3164.612039380442,3170.446688296385,1481211
2023-10-23,3133.462646484375,3196.6805076496757,3125.3308381439233,3191.2133140425376,1106272
2023-10-25,3115.03955078125,3147.1078003867246,3103.1860758536272,3115.407006485019,1518537
2023-10-26,3066.017822265625,3099.969784152135,3059.815493562458,3094.778295044471,1984471
2023-10-27,3079.0654296875,3089.218915665749,3066.247329439799,3078.1925542772933,1108851
2023-10-30,3104.426513671875,3108.3776718312,3063.261381474391,3078.1929142674794,910972
2023-10-31,3095.421875,3123.2174999999997,3078.2391698663882,3123.2174999999997,999811
2023-11-01,3060.4130859375,3098.040731376272,3042.3575051849602,3082.7875052538634,1563475
2023-11-02,3087.4736328125,3102.0374860880515,3071.944703570906,3071.944703570906,1245384
2023-11-03,3079.02001953125,3113.0179735265256,3072.955654228553,3107.596767892487,1402598
2023-11-06,3105.988525390625,3117.060876071951,3086.462674887097,3101.164491736812,1099852
2023-11-07,3096.983642578125,3127.949299700163,3092.8947446003413,3103.921107326189,1191144
2023-11-08,3107.182861328125,3125.927586681882,3096.1564995125254,3097.9022504005666,992899
2023-11-09,3075.849853515625,3116.32583917985,3070.88807990428,3115.0395198974807,2112352
2023-11-10,3062.98583984375,3075.8499303163658,3052.7865884253365,3067.166714113737,1338557
2023-11-13,3061.239990234375,3083.7061597919806,3057.059116098903,3083.7061597919806,1030990
2023-11-15,3128.08740234375,3136.081470807579,3083.7522335870945,3108.6075388652434,2059802
2023-11-16,3214.046875,3242.991076076638,3137.183806430668,3151.7478830543773,3951984
2023-11-17,3218.273681640625,3238.534668324732,3209.1770219858477,3214.047043797082,2021292
2023-11-20,3234.032470703125,3247.172040938642,3207.9825974720807,3207.9825974720807,1475621
2023-11-21,3225.39501953125,3251.9043245816342,3216.9415191317103,3234.032472119512,1807236
2023-11-22,3243.72607421875,3246.023233095817,3198.6559965162287,3216.022427894088,1798051
2023-11-23,3223.60302734375,3256.4523990326375,3216.022403107853,3243.588309420206,2729804
2023-11-24,3176.603271484375,3220.2033021073066,3172.835841192993,3210.738962666845,1989733
2023-11-28,3188.593994140625,3198.7934684334177,3154.458305818865,3176.6030052720557,1689195
2023-11-29,3228.656982421875,3232.562152731457,3193.7861535827024,3198.564199448039,1441634
2023-11-30,3204.62890625,3231.3217154069443,3198.5643165203733,3215.5173057360876,3266235
2023-12-01,3226.726806640625,3231.5968278858527,3206.879490337294,3216.0221369745987,1172141
2023-12-04,3227.46240234375,3259.944320290129,3214.1848682091013,3257.049765355103,1625213
2023-12-05,3245.05859375,3250.9392307206267,3218.595278718338,3250.9392307206267,1377656
2023-12-06,3311.67626953125,3319.7163257375805,3239.131811495445,3245.977524530947,1896572
2023-12-07,3321.599853515625,3335.980203089425,3300.282263403626,3312.503193839517,1967653
2023-12-08,3332.4423828125,3349.2576305979355,3309.792486099661,3338.2312680280656,1641155
2023-12-11,3347.327880859375,3356.608492292705,3321.6916779737553,3328.950610165191,1102503
2023-12-12,3374.1591796875,3398.3251133631525,3336.3937952739866,3343.698716167012,2236866
2023-12-13,3301.982421875,3353.85222859886,3273.9110932870517,3347.9256030886827,3850968
2023-12-14,3369.7021484375,3379.5799309981935,3333.26930063245,3335.47448328533,3290396
2023-12-15,3547.732177734375,3579.8464140417323,3369.196944540151,3369.196944540151,8531230
2023-12-18,3546.078125,3610.214844891434,3519.38509432448,3545.0675097062062,2521612
2023-12-19,3506.5673828125,3542.3113130556862,3482.4932002785463,3533.030700546441,2004435
2023-12-20,3473.350341796875,3582.4653925926305,3460.9456833906206,3516.7206581730966,2586083
2023-12-21,3480.195556640625,3497.837691229688,3439.6278222609985,3451.481071849861,1517562
2023-12-22,3513.734375,3533.903385973376,3456.7648323091003,3491.681648797071,2413058
2023-12-26,3487.5927734375,3522.9230339059286,3482.6307754103036,3509.921203730051,1285231
2023-12-27,3501.97265625,3508.4047009886162,3462.2777964437796,3490.762566000509,1293976
2023-12-28,3491.58984375,3526.5986380449217,3484.4228868485006,3513.734547129698,1682889
2023-12-29,3485.61669921875,3512.447692792302,3459.8885213069443,3484.330380055923,1574996
2024-01-01,3501.881103515625,3521.0852627367144,3466.8723111444738,3482.4929921117296,825907
2024-01-02,3476.244140625,3501.880565342347,3461.5883135420804,3501.880565342347,1344068
2024-01-03,3392.214599609375,3465.815661625944,3387.895985677585,3461.3590835588857,1803075
2024-01-04,3369.288818359375,3417.2534494983192,3354.770729797893,3401.4030536919613,3598144
2024-01-05,3434.6201171875,3443.6710132655903,3376.685947407125,3376.8236872126063,1963127
2024-01-08,3379.855712890625,3436.319831034353,3374.4342835516945,3434.6198437984353,1067805
2024-01-09,3390.514404296875,3447.8976104439284,3383.944619877953,3408.9376626935145,1370944
2024-01-10,3411.786376953125,3426.671921717854,3388.7687999719633,3390.606527086916,1292227
2024-01-11,3432.460693359375,3466.8720875812282,3406.227094795551,3421.847774755498,1777909
2024-01-12,3567.76318359375,3588.391623960816,3511.5287831912233,3535.7866894568133,6813450
2024-01-15,3587.0595703125,3643.2939746897505,3569.784890711143,3638.6996569410876,2801505
2024-01-16,3548.0078125,3582.6489229025124,3542.7243471738425,3582.6489229025124,1432672
2024-01-17,3569.417236328125,3592.7102914180577,3503.213076388841,3509.1397010883193,3458696
2024-01-18,3585.95703125,3591.6539404750943,3548.6510808536727,3581.7301691267776,2239110
2024-01-19,3648.366455078125,3667.3343888864547,3622.459033291139,3650.1706767736177,2941975
2024-01-23,3569.9033203125,3639.89952002954,3555.5617142826045,3608.5331301027018,2618854
2024-01-24,3554.682861328125,3593.405063199735,3521.188315964987,3590.0279365554666,2657709
2024-01-25,3525.537109375,3572.447997496506,3496.298646388011,3552.924816553991,2205154
2024-01-29,3516.9326171875,3534.5126539479743,3498.28861592839,3516.7476093479286,1646747
2024-01-30,3516.51611328125,3560.2348866740044,3503.9787267378097,3522.9003517362453,1411621
2024-01-31,3530.7646484375,3547.4657255271886,3512.7219823843493,3526.3696400399376,2459358
2024-02-01,3566.10986328125,3613.067060107317,3520.6794891794907,3534.512155183783,2363107
2024-02-02,3669.87890625,3686.626068543693,3582.62636463885,3585.4484682920206,2826510
2024-02-05,3676.355224609375,3721.4155819266507,3665.992302479133,3685.3302493321357,1691523
2024-02-06,3826.89599609375,3839.7570890882835,3691.807307643632,3698.2841625693227,4474396
2024-02-07,3778.22705078125,3844.4761158429774,3769.4833416173137,3842.625585823318,2124267
2024-02-08,3825.137939453125,3847.2516815117974,3780.6789132023487,3784.333664594337,2345173
2024-02-09,3824.767822265625,3872.002416231367,3793.5862134054855,3827.4044658847934,2100596
2024-02-12,3812.73974609375,3848.7324649898974,3798.721619618426,3821.3445300582025,1013716
2024-02-13,3839.38671875,3858.3546492800338,3776.468705284522,3817.134278526908,1257415
2024-02-14,3793.67919921875,3807.372940800221,3746.8606988444094,3800.063437499442,1391283
2024-02-15,3796.547607421875,3836.4261683169548,3777.857073318582,3819.493999181755,1091582
2024-02-16,3819.77099609375,3837.952813239409,3793.6787963717234,3805.845939735945,1307556
2024-02-19,3797.102294921875,3819.7712872346397,3751.949544010636,3814.9136460247614,772291
2024-02-20,3729.41943359375,3791.7361242365173,3710.312800924459,3777.0245004960025,1193648
2024-02-21,3693.195068359375,3759.6754457426146,3683.1097707064782,3713.0882648944435,1885939
2024-02-22,3781.650390625,3788.9135847979874,3674.2270417559253,3674.2270417559253,2982052
2024-02-23,3749.266357421875,3821.344409805824,3743.9921662615307,3821.344409805824,2538072
2024-02-26,3702.03173828125,3747.3234168691433,3685.0993428482916,3734.3697062923115,1379284
2024-02-27,3797.65771484375,3815.792999866402,3700.1348706269982,3700.1348706269982,2960475
2024-02-28,3811.120361328125,3844.3833662089555,3783.408494524996,3789.5153337368693,1939225
2024-02-29,3789.052734375,3828.8391287714094,3760.785843874876,3792.661177462347,3772719
2024-03-01,3788.35888671875,3830.597144097078,3781.3730907093754,3800.2486324635324,2043265
2024-03-04,3775.72900390625,3810.1488182185494,3771.287686534873,3798.2129895593343,1749271
2024-03-05,3712.255615234375,3760.276776027011,3682.554519829602,3758.426246117549,2070859
2024-03-06,3760.554443359375,3767.678938412685,3662.6150564319732,3695.5545795520343,1744204
2024-03-07,3801.5439453125,3815.792936239284,3735.9425199649227,3761.202300148567,2688905
2024-03-11,3814.266357421875,3842.625640015194,3783.408678550958,3783.408678550958,2304068
2024-03-12,3878.942138671875,3913.824809369905,3813.063090933948,3814.2662064898195,4039801
2024-03-13,3838.924560546875,3924.048942222053,3823.1024383775984,3890.7394015665486,2837260
2024-03-14,3893.144775390625,3909.24429467232,3780.632470539905,3843.0417702321947,2919608
2024-03-15,3903.92431640625,3922.198299993149,3864.8318705051624,3879.2660947342424,3373143
2024-03-18,3842.162841796875,3936.771186305901,3810.102500494757,3900.2232194784533,1526904
2024-03-19,3680.05615234375,3754.7249850086127,3670.155863037833,3748.4794468990003,8931209
2024-03-20,3674.134521484375,3717.7145912468923,3664.2342316393506,3688.106112670511,1817913
2024-03-21,3676.031494140625,3708.8320928330704,3652.946177836041,3691.853615815909,3829582
2024-03-22,3618.618896484375,3643.6936690237358,3566.8966719366435,3605.7578029927627,5852485
2024-03-26,3587.71484375,3651.7431331132784,3582.1169456233524,3585.4016813749195,3440925
2024-03-27,3553.85009765625,3603.907022394527,3543.209550606818,3597.892800149196,1968575
2024-03-28,3586.6044921875,3622.4121997880625,3553.4799625251735,3562.362596208228,4311783
2024-04-01,3624.031494140625,3639.344674247267,3597.4764352455786,3606.405151658199,1569676
2024-04-02,3593.5439453125,3617.647141683191,3583.5510389868773,3599.280542643675,2142666
2024-04-03,3652.298583984375,3683.4799693421774,3563.195519200383,3563.195519200383,3973090
2024-04-04,3704.113525390625,3727.5688582731514,3641.1491951647313,3678.761128130228,3394637
2024-04-05,3681.86083984375,3702.9106191002543,3664.512120676301,3680.7042585659196,1636819
2024-04-08,3675.6611328125,3731.269417903905,3664.0490131096794,3685.3301058625893,2302538
2024-04-09,3651.604736328125,3715.725647857853,3631.711538253932,3686.255866399333,1876992
2024-04-10,3686.857177734375,3691.992443782896,3625.18835440643,3660.718440875778,2101965
2024-04-12,3702.35498046875,3713.412077038102,3650.632761520108,3674.2270171071723,4354821
2024-04-15,3646.654541015625,3760.462141264771,3626.1600106782666,3702.3554514057623,4200329
2024-04-16,3583.365966796875,3635.088184592879,3574.159626177411,3610.383656825331,3051420
2024-04-18,3573.373291015625,3641.8428983525378,3562.270111447477,3587.067257661961,3476284
2024-04-19,3540.2490234375,3564.6298474104997,3516.839772927929,3551.167196003858,2957749
2024-04-22,3575.779052734375,3588.177512833397,3527.1100255082283,3550.2416494950344,1728883
2024-04-23,3585.124267578125,3603.907192347492,3572.0781665521927,3587.298730696502,1807586
2024-04-24,3544.736572265625,3606.683019690121,3538.6297328235796,3599.28089958814,1317312
2024-04-25,3564.3056640625,3584.1525524444287,3526.1847925650745,3526.369800379696,2856271
2024-04-26,3535.76123046875,3587.0671256561996,3518.36620460651,3567.035004385664,2039178
2024-04-29,3580.960693359375,3587.9927979834483,3533.772176573303,3551.167204410655,1110693
2024-04-30,3535.113525390625,3591.6473055453566,3525.2595437954037,3582.62597206714,2203078
2024-05-02,3574.576416015625,3581.7935283890847,3495.6975726397995,3495.6975726397995,2491044
2024-05-03,3556.1630859375,3602.6115654122227,3513.7861335226567,3599.419220737888,2962234
2024-05-06,3628.01025390625,3645.497671472227,3565.0459275516187,3565.0459275516187,2053831
2024-05-07,3681.5830078125,3689.956700971341,3621.0244606949204,3637.031589857526,2062112
2024-05-08,3679.732177734375,3686.532965068202,3644.2484045600954,3664.974247843116,1247685
2024-05-09,3664.234130859375,3674.227037283015,3617.832184974583,3665.8996529124415,1726486
2024-05-10,3602.8896484375,3676.633456925493,3594.701187916868,3666.455540921808,1672489
2024-05-13,3652.76123046875,3659.423093323152,3580.7755679293546,3594.191910496532,931326
2024-05-14,3609.643798828125,3650.9107084833586,3601.9640540938385,3641.8430662390724,1058317
2024-05-15,3590.39794921875,3633.469076951638,3585.8642414130813,3612.696924421978,1115021
2024-05-16,3635.646240234375,3643.6148000120916,3582.1034617844925,3626.466275520861,2599399
2024-05-17,3573.343017578125,3653.4008690771816,3569.5217674912255,3652.4688790595596,2765804
2024-05-21,3560.38818359375,3583.2685838009415,3550.928576025766,3570.0810162003927,1908117
2024-05-22,3571.385986328125,3580.0068945675653,3557.9187751803274,3574.1819565679434,1311168
2024-05-23,3628.656494140625,3639.4210243679117,3565.3278178538917,3579.7270181408007,2095742
2024-05-24,3587.695556640625,3619.6628596080805,3582.849254078192,3614.490269526303,1309452
2024-05-27,3585.412109375,3642.5431408365193,3580.099811979568,3592.8213842320465,1841538
2024-05-28,3578.748291015625,3606.8012808815743,3569.5216810791803,3595.617400940856,1801993
2024-05-29,3544.96337890625,3587.1359229136956,3541.561706702611,3587.1359229136956,1568095
2024-05-30,3482.0078125,3536.342645636951,3462.7620831275535,3520.126111198893,2919230
2024-05-31,3421.28857421875,3494.7760752132112,3405.25839205768,3485.6425278948263,10956800
2024-06-03,3451.019287109375,3496.407154925521,3444.6350645492275,3478.9323423009814,2156773
2024-06-04,3462.343017578125,3490.3027189313802,3347.242247007224,3448.363166901497,3395997
2024-06-05,3491.65380859375,3526.4637252968946,3448.3629196102897,3463.274759262659,2799670
2024-06-06,3569.894775390625,3578.7486813092887,3487.0409468085227,3523.8545556282306,4328036
2024-06-07,3629.1220703125,3648.74050345654,3576.324932841619,3576.324932841619,4552445
2024-06-10,3596.269775390625,3640.259657979909,3580.6122978489143,3630.101057972248,1734661
2024-06-11,3590.118408203125,3616.0741905653326,3579.7732292310616,3583.5011888553586,1419898
2024-06-12,3571.059326171875,3628.7029976160984,3567.145013751887,3610.901897932011,2177001
2024-06-13,3614.396728515625,3625.4409004223003,3590.0252823719024,3594.498879632959,1932323
2024-06-14,3571.432373046875,3624.50915875349,3567.6577679887782,3624.50915875349,1860730
2024-06-18,3555.635009765625,3580.7054488326035,3536.9485654428177,3565.8402543844654,1774045
2024-06-19,3543.14599609375,3573.1096082285862,3534.991084379514,3567.3310887560774,1509050
2024-06-20,3529.67919921875,3550.835327141292,3522.9689165897294,3537.834111884448,2846526
2024-06-21,3551.580810546875,3614.0707841122357,3539.7445833273214,3566.725647697406,4642195
2024-06-24,3557.2197265625,3594.685681678317,3533.453979898565,3549.7171610298915,1702154
2024-06-25,3577.396728515625,3585.9709904295314,3534.9445413738563,3557.4055898723664,1338808
2024-06-26,3593.614013671875,3603.958966959271,3579.773870074401,3583.035835329611,1639845
2024-06-27,3666.588134765625,3673.9043468159107,3558.4308841597035,3570.453463381977,4526556
2024-06-28,3638.62841796875,3690.6801469139846,3632.757063400671,3651.3502171183336,2731571
2024-07-01,3707.642578125,3729.544343158271,3619.849165498956,3619.849165498956,2658723
2024-07-02,3744.17626953125,3749.768209134794,3711.696556855965,3721.9950911331453,2307449
2024-07-03,3695.5732421875,3752.2849230860397,3686.0203449597284,3746.599693233403,1821198
2024-07-04,3747.48486328125,3772.089533953604,3711.2771910250785,3727.8200122814974,2518001
2024-07-05,3738.95751953125,3752.8907244942034,3716.776112071244,3737.2798920275045,1668616
2024-07-08,3721.6220703125,3757.084331964001,3707.5025141632937,3748.4634252798046,1758882
2024-07-09,3714.446044921875,3734.437184375931,3704.753440197671,3713.9800499344306,1305801
2024-07-10,3643.288330078125,3731.035318178022,3636.6246931184464,3712.768224604405,2669716
2024-07-11,3656.84912109375,3709.320203652745,3630.6603385899334,3663.6526936077744,4872189
2024-07-12,3899.3994140625,3914.311252806398,3701.2116207349213,3709.3198875445955,13509164
2024-07-15,3885.653076171875,3951.637789303582,3874.329033070802,3947.6304141409055,4848030
2024-07-16,3894.273681640625,3909.2783561355113,3863.005145027192,3888.2621642902236,2029521
2024-07-18,4022.04931640625,4030.8568040536547,3877.0784519914923,3877.0784519914923,5613364
2024-07-19,4019.1064453125,4071.7461454391314,4003.085786003565,4033.1187635646565,3903354
2024-07-22,4005.04736328125,4035.5008910284364,3984.168919102834,4016.8178011381533,1896386
2024-07-23,4019.060302734375,4074.502471790674,3985.3837543169,4000.9843192418566,2365208
2024-07-24,4022.703369140625,4053.390439914128,3987.0654612879484,4005.1879698555426,1809793
2024-07-25,4037.883056640625,4057.033224983282,3992.763574168281,4012.1938064248666,2810342
2024-07-26,4098.93017578125,4131.252014771132,4051.474850472995,4063.5723344725097,3552210
2024-07-29,4092.62548828125,4139.239719328842,4083.190434029873,4124.293243249117,1746803
2024-07-30,4077.912109375,4108.412167596899,4042.3672511181926,4101.96659171143,1797906
2024-07-31,4096.59521484375,4123.358654531239,4058.901983221168,4063.5727565045063,2330091
2024-08-01,4107.5712890625,4128.309247535578,4077.6313604093743,4109.71966219366,2202244
2024-08-02,4001.0302734375,4108.411516326508,3988.8397395894017,4077.584417636473,2811282
2024-08-05,3881.458984375,3959.881447438652,3839.842578366732,3959.881447438652,2787771
2024-08-06,3896.545654296875,3977.863625691211,3886.830082040627,3896.312115658603,2203067
2024-08-07,3923.869873046875,3965.439752757732,3905.0462929478185,3949.6056498315265,1237666
2024-08-08,3897.806884765625,3953.3425623336675,3886.08342611249,3905.700674177,2441283
2024-08-09,3950.306396484375,3973.566755574024,3928.63382658957,3939.330079568338,1302536
2024-08-12,3919.385498046875,3959.8811895481867,3910.698043069639,3951.473798487575,936912
2024-08-13,3920.600341796875,3955.210587370805,3907.568702638658,3935.5933407163916,1495593
2024-08-14,4012.42724609375,4022.6564206521393,3912.379204677013,3931.8564178589354,3226545
2024-08-16,4125.27294921875,4135.502123822571,4040.3118679924623,4063.5722246731834,3457058
2024-08-19,4194.35400390625,4198.32416081418,4101.265592573427,4129.897338812813,2055210
2024-08-20,4225.46142578125,4264.415856031023,4203.695805507033,4208.366578624263,2212298
2024-08-21,4251.8046875,4259.745001647808,4196.736091046363,4220.510508211579,1896990
2024-08-22,4205.56396484375,4260.63256038501,4201.080205263111,4259.744931072301,1829872
2024-08-23,4169.97265625,4209.300656405166,4161.658771479141,4203.69572876681,1809253
2024-08-26,4205.98388671875,4252.411089215228,4189.682709110859,4193.419326911627,1844164
2024-08-27,4201.03369140625,4213.037670451652,4191.365099096131,4208.366896981085,930697
2024-08-28,4209.34765625,4262.080872178137,4163.807614054124,4202.528509306607,1848058
2024-08-29,4214.71923828125,4256.009060876179,4166.330204457366,4166.330204457366,2133641
2024-08-30,4253.90625,4289.871199903925,4192.298575439788,4203.695443315948,3637222
2024-09-02,4223.359375,4285.901206487449,4214.905458515991,4274.691351544587,1216500
2024-09-03,4215.232421875,4255.914670528628,4199.865396904255,4223.35929287244,1717263
2024-09-04,4184.31201171875,4191.551709902781,4144.563915753981,4182.163638580721,1265505
2024-09-05,4181.2294921875,4202.761573408929,4160.864648093675,4185.946790496868,1688793
2024-09-06,4163.29296875,4221.397559718623,4147.645881247546,4179.360608219492,1649179
2024-09-09,4156.56787109375,4194.588149910487,4138.7724064759,4161.659196670836,1184938
2024-09-10,4211.02880859375,4241.01526179445,4148.066881218769,4149.935190376069,1385591
2024-09-11,4184.40576171875,4249.796587828451,4176.839017757158,4223.733764076483,1325919
2024-09-12,4220.22998046875,4234.14879133681,4139.518666509012,4213.270346969656,2742216
2024-09-13,4224.8076171875,4247.600897834605,4208.366405266087,4231.720269890206,1458786
2024-09-16,4216.0732421875,4246.713330569917,4198.511318185657,4228.917867918421,1155120
2024-09-17,4208.9736328125,4237.138303114714,4171.934493703706,4216.0732990838,1699364
2024-09-18,4059.9755859375,4200.9394121289515,4036.4816909272813,4200.9394121289515,2961779
2024-09-19,4013.267822265625,4131.018272379729,3999.8626137698093,4100.9848398642125,2927551
2024-09-20,4002.75927734375,4045.5438351546454,3949.1388902025246,4032.652226956164,5447908
2024-09-23,3987.438720703125,4025.6455508023273,3972.959325090873,4016.864589205444,1702319
2024-09-24,3990.05419921875,4008.457226546826,3960.815343872883,3971.69815329688,3012026
2024-09-25,3993.27734375,4007.149630672786,3960.8154716650097,3972.352372106861,2713073
2024-09-26,4009.858154296875,4032.557925985633,3979.49813332666,3979.49813332666,3964251
2024-09-27,4024.9921875,4089.7289201150743,4016.9113851451907,4049.560271516411,3012477
2024-09-30,3987.438720703125,4015.6968960109075,3979.544932255997,4004.6270733006713,2503416
2024-10-01,4005.561279296875,4012.89448387877,3963.571305160189,3975.3412878081467,1823365
2024-10-03,3954.04296875,3997.247619935326,3932.7909511399207,3981.9275753897014,3350119
2024-10-04,3972.259033203125,4014.996607609391,3945.9156901334163,3946.803319485732,2965463
2024-10-07,3991.5029296875,4014.2962127335372,3950.913726246811,3992.4836096528597,1472619
2024-10-08,3973.193359375,3997.6214128260062,3927.1397164894747,3991.2693435073857,1541867
2024-10-09,3972.9130859375,4012.1941053785968,3967.0746195443417,3979.4986935769084,1082504
2024-10-10,3949.044921875,4011.1196752502233,3922.141452820864,3973.1929086369787,2378875
2024-10-11,3875.994384765625,3962.6372224848437,3841.6642037825386,3870.2024438892004,5759183
2024-10-14,3864.270751953125,3891.12769821191,3850.7724909029175,3867.4002612649715,2137590
2024-10-15,3845.72705078125,3895.37772720069,3825.3626651987865,3859.0387523634436,2759474
2024-10-16,3825.31640625,3844.0462519484536,3799.393615608063,3816.0216134166303,2359151
2024-10-17,3838.44140625,3858.0121283615904,3823.4481787021273,3841.9910114211275,2522659
2024-10-18,3860.96240234375,3882.594110124687,3820.649118439755,3830.013454514362,2361000
2024-10-21,3820.50830078125,3876.788045496717,3811.2843393712883,3869.905167833298,1595450
2024-10-22,3760.2490234375,3829.8260838402684,3751.6807476679483,3807.538919013043,1928049
2024-10-23,3807.772705078125,3852.0658265646516,3741.192192029528,3745.359503986049,1966476
2024-10-24,3790.58935546875,3819.7125309359994,3749.480013206115,3749.480013206115,2676744
2024-10-25,3799.6259765625,3831.886066466202,3776.3555115186805,3799.15775978996,1759676
2024-10-28,3830.809326171875,3871.2163428984345,3793.4923573008123,3810.301294003955,1532534
2024-10-29,3816.200927734375,3842.655176236552,3802.0140505171976,3835.4915508341114,1445885
2024-10-30,3825.003173828125,3845.9325549291766,3801.967045880175,3815.966681601265,1935002
2024-10-31,3716.189697265625,3819.0570147766425,3708.276879446656,3811.284570542396,3740372
2024-11-01,3730.938720703125,3744.7511163671993,3723.3068782763153,3736.2297077405597,154895
2024-11-04,3712.1630859375,3738.149117791104,3664.49870814831,3714.176555308054,2269192
2024-11-05,3718.905517578125,3732.624177811658,3690.578402330056,3690.578402330056,967590
2024-11-06,3876.5068359375,3886.0115444872176,3722.5572604185204,3749.1052415175327,3792017
2024-11-07,3887.042236328125,3938.452350809554,3825.3782193936936,3904.6474627956704,3724349
2024-11-08,3883.3896484375,3904.693510145229,3855.905234302243,3890.8811162907673,1648039
2024-11-11,3931.803466796875,3965.1401331569796,3855.905258290536,3865.784905929242,1406487
2024-11-12,3930.5859375,3949.8765593236603,3899.6369927808482,3948.0036922969543,1587640
2024-11-13,3886.527099609375,3929.977525148187,3868.4536576373816,3912.513130781797,1098813
2024-11-14,3882.35986328125,3895.5636681242045,3854.7821688707118,3872.1528287724964,1825432
2024-11-18,3763.99462890625,3945.1945196123975,3736.557080351516,3945.1945196123975,3313944
2024-11-19,3782.77001953125,3869.483625120444,3758.93783249858,3764.3689639428794,1776233
2024-11-21,3813.95361328125,3832.307574351096,3768.208741263394,3787.780111716493,2384347
2024-11-22,3974.7861328125,3984.4783119791628,3796.301797976082,3812.2211691072102,3096553
2024-11-25,4040.80419921875,4052.977834453394,3981.902624801247,4007.935292636629,4052167
2024-11-26,4076.01416015625,4089.0304939802354,4036.0282679685406,4046.375674946332,2060669
2024-11-27,4057.145263671875,4099.1444026279705,4049.1855779681123,4081.8674768285296,1558993
2024-11-28,3975.06689453125,4064.075182497466,3963.9234261473007,4044.456715693407,2558544
2024-11-29,3999.367919921875,4025.447689660041,3928.9479234743953,3951.7501752946628,2017425
2024-12-02,4004.798583984375,4015.614666194075,3961.1606876475703,3998.5713921173747,1670944
2024-12-03,4029.2392578125,4050.074903268622,3994.3104710236757,4040.1019779033772,2010905
2024-12-04,4077.605712890625,4108.086895956562,4016.4096956397384,4039.352315106556,3302642
2024-12-05,4180.2861328125,4203.65033349106,4082.850401875924,4121.056708977947,3746747
2024-12-06,4162.91552734375,4181.175982361904,4132.247327249158,4169.938779273809,1842087
2024-12-09,4169.142578125,4185.296057017253,4134.869018418065,4148.822244241094,2066639
2024-12-10,4150.7880859375,4208.144637237795,4131.63829540013,4144.795003046134,2087828
2024-12-11,4146.01220703125,4165.864320608972,4126.861961255123,4150.1324225101835,1635256
2024-12-12,4171.7646484375,4199.904292516949,4144.654715424752,4148.447088243233,1914642
2024-12-13,4189.5107421875,4209.175850371938,4115.064261203555,4153.036923019799,1967048
2024-12-16,4134.5419921875,4190.540540988883,4117.498717034216,4175.557602741771,1646224
2024-12-17,4053.3525390625,4151.1632042757365,4043.519986986687,4129.671871841429,3225027
2024-12-18,4071.47265625,4084.723099385618,4016.9254025729683,4037.620675244945,1575404
2024-12-19,4000.350341796875,4086.5959621440575,3991.0797412140178,4009.808411984614,3015763
2024-12-20,3905.20849609375,4103.451653679163,3888.5401624606857,4053.8206774936325,4116989
2024-12-23,3893.971435546875,3948.940267652302,3853.3303110561437,3933.0675361336625,2195338
2024-12-24,3913.823974609375,3949.8766658457575,3893.971400693724,3893.971400693724,1181886
2024-12-26,3904.085205078125,3932.9742715466155,3879.784571556427,3913.824022550346,1208464
2024-12-27,3900.10546875,3915.1821407656116,3883.624146371002,3898.372975186565,858100
2024-12-30,3894.439697265625,3932.3652563563705,3850.6147896579423,3887.135698411994,1527169
2024-12-31,3834.508056640625,3876.7881676077986,3775.746852751546,3872.1526387464664,1555429
2025-01-01,3851.03662109375,3871.2165826951264,3825.752684747837,3834.133719917376,763161
2025-01-02,3910.3125,3917.1016434173503,3836.521717202397,3858.1063282045143,1720835
2025-01-03,3839.28369140625,3914.2454689148967,3832.1669338378674,3914.2454689148967,1791953
2025-01-06,3834.695556640625,3885.871560960142,3807.9134644789865,3844.52810934996,2085593
2025-01-07,3772.2353515625,3877.162777576041,3756.5500894487573,3853.3774566252837,2669054
2025-01-08,3847.24365234375,3863.724974901958,3762.3560392419636,3778.415783789389,2181277
2025-01-09,3782.114990234375,3874.728183134026,3769.4262690508385,3840.314247847898,2392472
2025-01-10,3994.49755859375,4023.8548409344226,3904.927783732032,3933.020789370392,7894300
2025-01-13,4018.330078125,4048.155577994656,3958.6790783856877,3975.160400233359,4003771
2025-01-14,3963.969970703125,4039.680716861343,3950.859900623536,4028.5372487422837,3441709
2025-01-15,3979.4677734375,3985.882434168278,3939.9971940474534,3949.876384278346,1653474
2025-01-16,3938.920166015625,4021.0455693202,3925.3889758814885,3989.2068293675015,2637705
2025-01-17,3933.1982421875,3967.8165423249693,3910.071878467617,3967.148790924069,1761466
2025-01-20,3888.85302734375,3953.70197855909,3879.6025285384753,3953.70197855909,1287799
2025-01-21,3848.846923828125,3920.514717096685,3843.2678934321675,3905.542231174273,1971591
2025-01-22,3964.002197265625,3970.2485138616216,3856.81016118588,3862.3414621912134,2409223
2025-01-23,3953.36865234375,3997.1417593700044,3948.218491564728,3974.87360036335,1822998
2025-01-24,3959.94873046875,3984.4101308405807,3913.838960500178,3913.838960500178,1910099
2025-01-27,3876.789306640625,3963.7636988388535,3853.806130953275,3911.931938025521,1551782
2025-01-28,3853.090576171875,3911.9316269694687,3841.6466026166254,3882.1773422914675,2468272
2025-01-29,3909.83349609375,3917.5107746444246,3866.155848644477,3866.155848644477,1217089
2025-01-30,3910.072021484375,3938.539000483225,3870.447447016769,3909.929064937949,1531251
2025-01-31,3921.849609375,3937.1562032629076,3895.9577125678047,3919.5609078155994,1492943
2025-02-01,3884.418701171875,3944.261152184611,3868.0634471339617,3922.422326938359,437172
2025-02-03,3880.126953125,3888.0901447868278,3813.4181682881867,3844.1261184510477,1265713
2025-02-04,3916.74755859375,3928.0010789730964,3877.6475473199966,3894.4796324423637,2547132
2025-02-05,3901.537109375,3957.7078578894043,3887.136681628244,3957.7078578894043,1693912
2025-02-06,3893.57373046875,3947.6941907477535,3863.819444687176,3915.174138224137,2284536
2025-02-07,3842.695556640625,3900.487717170586,3822.2872299314695,3900.487717170586,1548940
2025-02-10,3849.89599609375,3864.248693904035,3828.34331731039,3852.804719489709,1339511
2025-02-11,3779.89697265625,3852.8045770599656,3771.743094621823,3832.2053307443857,1810908
2025-02-12,3767.11767578125,3835.400146101803,3757.5810309224153,3787.097133023103,1678002
2025-02-13,3728.97119140625,3799.828511079361,3721.437334907012,3784.140776452309,2277310
2025-02-14,3752.52685546875,3765.0674505275315,3719.2915544724856,3743.133167001155,1681975
2025-02-17,3723.582763671875,3751.715864332221,3677.520725177595,3677.8068710719904,1799806
2025-02-18,3693.733154296875,3742.5607282734563,3685.4363200281987,3717.765452216856,2149879
2025-02-19,3608.761962890625,3695.402243866394,3593.5508277041968,3692.779666465734,4366672
2025-02-20,3604.279541015625,3612.4811488989126,3577.4817080927064,3587.209039488717,2888572
2025-02-21,3610.573486328125,3640.137083284325,3600.083177730764,3601.132301721791,1833931
2025-02-24,3505.28955078125,3588.830426562075,3499.948936112553,3569.709405563437,2508516
2025-02-25,3461.373046875,3488.504755446709,3453.4575849265707,3457.033826816381,4101954
2025-02-27,3445.160888671875,3469.431604706493,3433.8598707149063,3444.3501806796594,3823856
2025-02-28,3321.851806640625,3433.192134904543,3296.8181139902795,3418.83943788603,7085018
2025-03-03,3331.197998046875,3359.9986208488913,3315.0809274786084,3323.5209518650067,4990439
2025-03-04,3368.39111328125,3386.46301097297,3303.780336318868,3313.030836417938,2797737
2025-03-05,3382.69580078125,3433.526166541638,3357.7098367858857,3357.7098367858857,2501894
2025-03-06,3434.718505859375,3442.2046332492396,3372.253474752731,3392.1849716997262,2786513
2025-03-07,3443.873291015625,3457.033908045006,3408.778389880028,3433.1922948860747,2051315
2025-03-10,3423.321533203125,3454.268131170074,3416.598385027634,3439.3908724736634,1004626
2025-03-11,3409.63671875,3422.4634596541796,3373.7311107824903,3393.138276405314,1995450
2025-03-12,3343.73828125,3403.8668719856255,3325.285013656077,3399.8137980328515,3174167
2025-03-13,3348.363525390625,3360.9995790197195,3322.6623157069057,3340.0189616732987,1693004
2025-03-17,3335.63232421875,3366.86483705381,3316.225391054831,3327.3354895121856,2690906
2025-03-18,3335.63232421875,3335.63232421875,3335.63232421875,3335.63232421875,0
2025-03-19,3335.060302734375,3382.6480693895237,3302.301833176931,3382.6480693895237,3051244
2025-03-20,3398.04931640625,3413.117260947197,3349.269474003577,3349.269474003577,2845192
2025-03-21,3412.306884765625,3448.6890906480107,3304.4473416095007,3313.98398617403,4161925
2025-03-24,3460.800537109375,3480.636804108051,3401.339698729423,3433.1919980242437,1834751
2025-03-25,3488.26611328125,3538.095080383689,3469.4312405487494,3476.106891643813,3135390
2025-03-26,3467.33349609375,3509.9622534210275,3457.8445807190283,3478.7297405017125,1734499
2025-03-27,3482.019775390625,3493.2730630548403,3443.2056768112207,3447.354210516991,2528474
2025-03-28,3439.05712890625,3491.3179898494645,3425.467409839091,3481.829074680501,2051919
2025-04-01,3386.27197265625,3417.933587672838,3361.667381848982,3407.1571321951615,2618493
2025-04-02,3379.739501953125,3398.955982710949,3366.4836575784243,3379.7872317472165,1764313
2025-04-03,3245.463134765625,3339.732960373482,3238.7874835027424,3329.242651246095,4537821
2025-04-04,3146.520751953125,3242.1256239661316,3142.80155330537,3206.7925383276747,5317367
2025-04-07,3122.345458984375,3138.891399190129,2914.446587584341,2956.3600978903933,6623955
2025-04-08,3140.369384765625,3193.822325127449,3104.464010431693,3149.0478246149446,5557558
2025-04-09,3096.16748046875,3118.4831382349053,3063.2183230694536,3109.47105463043,2990265
2025-04-11,3081.7666015625,3146.0912207172287,3057.448158628926,3137.126868218105,7108961
2025-04-15,3097.693115234375,3160.8256612772952,3088.5380753385457,3160.8256612772952,3512160
2025-04-16,3122.106689453125,3126.207493109741,3079.382475986214,3097.6927866639667,2384391
2025-04-17,3146.043701171875,3150.526110549214,3068.8923368600476,3095.1181104037555,2932346
2025-04-21,3167.69189453125,3198.590529231532,3131.92947805952,3137.651464694997,2432946
2025-04-22,3160.82568359375,3179.422142272889,3142.3246845006793,3168.6459191470717,2710498
2025-04-23,3254.85693359375,3262.390790001095,3182.6645776182195,3209.081037662751,3543923
2025-04-24,3243.9853515625,3254.380201786355,3230.7292749264034,3243.508519298502,2252175
2025-04-25,3288.235107421875,3316.65435532197,3247.2275350265327,3261.532502141187,2742991
2025-04-28,3283.943603515625,3297.581052006719,3247.227521408655,3275.837455517982,1593296
2025-04-29,3311.60009765625,3333.0575496928996,3271.450727603039,3294.9109682944113,1578332
2025-04-30,3293.6708984375,3347.266794515735,3210.034571873815,3311.123004618504,2809332
2025-05-02,3272.02294921875,3329.7196523454577,3261.532639559349,3311.123194312883,1721761
2025-05-05,3294.243408203125,3342.1173206897283,3286.7093187748424,3290.1426041887753,1284443
2025-05-06,3299.67919921875,3312.076837828531,3277.7449155245213,3299.67919921875,1324763
2025-05-07,3285.469482421875,3299.202157339632,3262.104703449532,3262.104703449532,1477128
2025-05-08,3289.09326171875,3315.89132616591,3269.8292861996833,3288.2350568363695,2543591
2025-05-09,3280.891845703125,3286.5183728127727,3240.6472525793256,3241.5054574508877,2531757
2025-05-12,3452.646728515625,3462.278832722667,3339.923635561146,3342.5939426230407,2228678
2025-05-13,3352.130859375,3455.126629734175,3347.839368943368,3452.647008797929,3062887
2025-05-14,3384.26904296875,3395.999162462871,3346.027237589939,3357.8525838336896,2119499
2025-05-15,3414.0234375,3433.192187008764,3351.272499900048,3398.8602651386764,3548330
2025-05-16,3396.285400390625,3427.37472311883,3381.789746684424,3427.37472311883,1666727
2025-05-19,3355.754638671875,3385.5089240585153,3341.3542118072583,3385.5089240585153,2537377
2025-05-20,3336.20458984375,3393.1383143193784,3332.103785899918,3368.1523508133114,2038374
2025-05-21,3362.43017578125,3373.111171091834,3336.2044033172906,3345.454901948022,1440153
2025-05-22,3315.891357421875,3335.7276249349993,3291.382227143766,3333.057317857191,2034383
2025-05-23,3351.749267578125,3371.2039297984234,3305.0197081551764,3315.8913900733005,1274331
2025-05-26,3373.397705078125,3380.7408756471646,3347.4580755316188,3357.852926136436,967470
2025-05-27,3336.5859375,3375.972327891045,3321.708911006242,3368.3430118958113,2467680
2025-05-28,3335.63232421875,3365.482070074091,3331.1501475683763,3356.8990894476624,1222933
2025-05-29,3336.013916015625,3368.8198820327834,3324.951314566822,3342.3079620855306,3188072
2025-05-30,3302.921630859375,3344.2153514588645,3293.0990724903722,3328.2892004179307,3404365
2025-06-02,3289.95166015625,3299.678990962806,3260.1973759363364,3290.142346480254,1877585
2025-06-03,3247.418212890625,3312.553542881876,3242.936036438699,3286.3277699067066,2848125
2025-06-04,3252.90234375,3266.2762443041534,3242.415101032151,3260.6957796433117,2544807
2025-06-05,3243.4736328125,3279.9386829080418,3236.353648443686,3279.9386829080418,3584683
2025-06-06,3256.07763671875,3262.5239346599506,3231.5430403786086,3243.473730125776,2070390
2025-06-09,3292.350341796875,3303.992342378787,3262.5239694574043,3271.27954690969,1718678
2025-06-10,3331.798095703125,3353.8312663403485,3293.601143598204,3309.7651599636156,2419874
2025-06-11,3340.45751953125,3356.910225947693,3318.5208908396253,3338.629545439523,2847013
2025-06-12,3304.1845703125,3343.1512807546196,3293.6010193282204,3340.4572389790806,4060134
2025-06-13,3315.2490234375,3319.867346975648,3264.7366235777054,3264.7366235777054,2178493
2025-06-16,3363.933837890625,3376.152982383372,3296.4876555687347,3309.765249187461,1934088
2025-06-17,3382.214111328125,3386.736126790608,3356.043924600645,3377.1147173394984,2111940
2025-06-18,3320.7333984375,3404.0549041256045,3312.747815947458,3385.8705329382847,2696327
2025-06-19,3294.370849609375,3320.3486571267385,3283.787298398597,3319.386516107577,2672768
2025-06-20,3305.627685546875,3315.826473793808,3281.7665424976394,3295.332824141505,2351248
2025-06-23,3265.12158203125,3295.3327135334735,3242.414961929286,3285.7113041508937,3123421
2025-06-24,3262.042724609375,3311.785601803136,3253.9608342374113,3304.569544364703,3403048
2025-06-25,3314.38330078125,3319.3863869066126,3271.2793378210094,3278.3030139670477,1757699
2025-06-26,3311.496826171875,3320.7332385135887,3286.000090554292,3314.3832490719788,2879106
2025-06-27,3310.823486328125,3335.1654656898822,3301.105768277059,3324.1971522580116,1778433
2025-06-30,3330.931884765625,3333.721999491074,3300.143375143297,3309.66847634863,1468351
2025-07-01,3299.854736328125,3353.06117731207,3284.268100073099,3324.1969490999145,2375183
2025-07-02,3293.697265625,3357.7757139896216,3290.5221534097136,3355.1779803217332,3090585
2025-07-03,3272.049072265625,3305.242935877825,3268.9702681275116,3300.143541734672,2531870
2025-07-04,3290.329833984375,3297.257202194738,3261.7542933055606,3278.9765232213795,1109320
2025-07-07,3282.536376953125,3296.3913481829886,3279.361264698508,3288.8866014623586,1639174
2025-07-08,3277.244873046875,3295.333172183221,3264.9294203435506,3276.090350739815,2325242
2025-07-09,3255.69287109375,3284.7494832808984,3239.5288547764453,3280.90091915286,2034938
2025-07-10,3253.9609375,3270.3173348795094,3228.9452709195743,3252.036655455352,3035012
2025-07-11,3142.352783203125,3208.740518059529,3137.638385846326,3174.9692720213116,7635550
2025-07-14,3100.691650390625,3148.1252470894524,3078.8510973979974,3142.352401281831,3924009
2025-07-15,3129.171142578125,3136.002202567695,3084.623968418985,3084.623968418985,2590889
2025-07-16,3121.255126953125,3132.6467324603605,3109.1875484963994,3115.366054388286,2540733
2025-07-17,3098.181396484375,3129.846765619747,3093.257966493316,3112.5660896618524,2947640
2025-07-18,3079.549072265625,3117.103513998714,3076.749488627971,3113.434923384125,3432645
2025-07-21,3048.94580078125,3086.982946316993,3042.960329505588,3079.645764950135,3844346
2025-07-22,3050.29736328125,3070.088189339792,3045.4703325352643,3050.29736328125,3198036
2025-07-23,3069.122802734375,3071.92238630693,3048.3665703944635,3050.297382705153,1922875
2025-07-24,3039.0986328125,3063.909524321329,3031.37538342797,3055.6071726498794,2934778
2025-07-25,3027.32080078125,3047.6907301283586,3017.47370470728,3031.375459671135,2568917
2025-07-28,2972.775390625,3010.1365638260077,2963.700430830921,3002.413314143324,3374473
2025-07-29,2950.281494140625,2967.658806606113,2935.993434530025,2954.1431191329557,4785312
2025-07-30,2947.96435546875,2962.831516110354,2941.7856146047457,2954.14286063789,2880121
2025-07-31,2931.74560546875,2953.9499481457733,2910.6997030967705,2936.47600158721,2968371
2025-08-01,2899.114990234375,2931.745768865168,2896.218771462912,2925.084324273871,2053847
2025-08-04,2968.044677734375,2972.8717086542492,2888.1092342571515,2905.0038424767117,2519252
2025-08-05,2957.907958984375,2971.0375775693733,2936.7656575031788,2968.044724074376,1927996
2025-08-06,2927.401123046875,2960.7076353045086,2921.319017147813,2957.0390447864347,1487081
2025-08-07,2941.5927734375,2946.0337363593026,2906.741514367591,2911.665180402855,2543076
2025-08-08,2931.359375,2953.950022141175,2920.353838284088,2942.654816418027,2762140
2025-08-11,2935.607177734375,2944.3922326106717,2916.78175710605,2931.3592490987544,1884215
2025-08-12,2930.393798828125,2989.2835752923374,2922.187846369997,2935.8001676667204,3358232
2025-08-13,2931.166259765625,2939.0825434733065,2923.8293140563796,2931.0698605624675,2148166
2025-08-14,2917.7470703125,2950.1845757137776,2914.6578177545016,2929.0422751905776,3342174
2025-08-18,2907.03125,2943.5236533530624,2899.501034118434,2941.1101377304376,2945609
2025-08-19,2911.8583984375,2920.3540209100356,2906.9349677861255,2907.0313669979796,2650784
2025-08-20,2991.407470703125,2996.041231481408,2906.741166187621,2906.741166187621,4952358
2025-08-21,2995.269287109375,3021.721321975882,2976.443866732848,3021.721321975882,3230726
2025-08-22,2948.350341796875,2988.607730562596,2944.4887172496624,2979.2433381745764,1593791
2025-08-25,3031.954833984375,3042.960370488012,2970.6515397185153,2980.498635910434,3448370
2025-08-26,3047.980224609375,3052.6142212302902,3012.067163263285,3020.755818541929,5522097
2025-08-28,2986.67724609375,3037.6507428505593,2979.7263682848406,3036.2026334864163,3116051
2025-08-29,2977.988525390625,3007.2403810515466,2970.747978726777,2986.001444170926,2271789
2025-09-01,3004.92333984375,3022.7833539936464,2983.105066117822,2983.105066117822,1246862
2025-09-02,3003.861572265625,3045.856744495596,2995.752253975034,3013.1295666219185,2185229
2025-09-03,2990.345703125,3033.2096441073413,2981.1743442292172,3021.6247697126682,1799774
2025-09-04,2988.60791015625,3010.136515439645,2983.877514079595,3008.205703050011,1481391
2025-09-05,2942.847900390625,2996.041643012066,2923.8294445249576,2989.959772231462,2802055
2025-09-08,2914.561279296875,2958.8733290135365,2911.6650607351357,2944.4888711015133,2626187
2025-09-09,2943.909423828125,2954.1428233110028,2925.9530108288373,2927.208085964641,2489301
2025-09-10,3002.413330078125,3014.6739418754814,2947.7712440051832,2950.667462651561,2079428
2025-09-11,3016.1220703125,3030.4101295308183,3002.5099840051885,3030.4101295308183,2263446
2025-09-12,3025.00390625,3039.7746692912174,3013.032962803265,3035.23730697003,1447167
2025-09-15,3004.24755859375,3025.583130595429,2988.8976937854013,3025.583130595429,1732539
2025-09-16,3036.87841796875,3041.029712016194,3001.5446903508278,3019.79077434497,2573429
2025-09-17,3063.041015625,3072.3087742640014,3033.692524030945,3042.960518364833,2418271
2025-09-18,3066.805908203125,3092.1961390627853,3052.035145819797,3074.8188270106057,2633138
2025-09-19,3059.565185546875,3070.474322402291,3035.2369972120114,3060.337557621526,4901694
2025-09-22,2967.465576171875,2999.420379452393,2958.96995461183,2987.93214013821,3634901
2025-09-23,2956.4599609375,2974.126942183857,2946.419830367542,2963.79714260431,3177741
2025-09-24,2930.393798828125,2951.2466664114318,2928.0769182943645,2944.4888232106205,1625714
2025-09-25,2855.092529296875,2924.795053492919,2848.9140231856827,2917.4578712528405,4974361
2025-09-26,2798.80908203125,2852.5821577986485,2791.278866873073,2839.2595057026215,3934636
2025-09-29,2795.912841796875,2827.964278797825,2793.885394606466,2815.124329879908,3110035
2025-09-30,2788.479248046875,2814.448816935253,2785.2935960579534,2810.297523025748,2253458
2025-10-01,2813.38671875,2823.620118812873,2767.433524755383,2790.989341906879,1952902
2025-10-03,2801.51220703125,2822.8477787064007,2791.086008442819,2822.8477787064007,2899519
2025-10-06,2885.019775390625,2890.040076154485,2795.4302691582598,2801.608774520881,2112774
2025-10-07,2870.828369140625,2900.5629272327596,2853.2580234436414,2891.391568334869,3062943
2025-10-08,2922.4775390625,2937.7310038355854,2865.325540382523,2872.083383638142,4121889
2025-10-09,2955.783935546875,2959.9352290932507,2915.5265465954394,2929.042232573034,3211304
2025-10-10,2923.539794921875,2963.7971884204,2902.879959748528,2944.489063414404,8817365
2025-10-13,2903.169677734375,2930.4907222176985,2894.481021335113,2922.284768951729,2866865
2025-10-14,2857.89208984375,2922.477671901626,2853.2580928331454,2916.492200456414,3611416
2025-10-15,2877.756591796875,2887.349664986807,2859.539215693528,2878.9193527026337,4282226
2025-10-16,2878.628662109375,2882.7954389661986,2851.8842144350965,2877.8534092983937,3251495
2025-10-17,2870.391845703125,2896.1675207642234,2863.8025522629873,2877.950145926403,4374683
2025-10-20,2921.749267578125,2929.307567962745,2886.186765192536,2892.9698128193104,3133039
2025-10-21,2913.512939453125,2937.8351067763124,2903.1446131495227,2937.1568492749448,310644
2025-10-23,2977.95166015625,3001.983076189401,2942.001649703373,2960.3157836535247,5564758
2025-10-24,2968.26171875,2994.231149497321,2963.513679841537,2984.541081052346,2684318
2025-10-27,2989.2890625,2998.300873295387,2965.3546412157716,2971.4594315335457,1946312
2025-10-28,2963.1259765625,2994.424945391891,2945.974602490029,2980.6650953225503,3470737
2025-10-29,2962.83544921875,2980.665080689528,2951.691870406029,2963.125962015583,2895420
2025-10-30,2941.2265625,2968.843257944529,2938.804045355743,2954.598904451086,2241536
2025-10-31,2963.222900390625,2972.3314700068563,2931.342670159881,2940.9357431934422,1868085
2025-11-03,2923.300048828125,2963.2230855965854,2916.7107546258085,2952.467014430014,2194877
2025-11-04,2897.524169921875,2935.4124315282234,2883.7643202783443,2926.01311261092,2670720
2025-11-06,2917.58251953125,2930.2766034150336,2897.3303717628805,2897.427367073782,2542721
2025-11-07,2899.074951171875,2910.896788283535,2868.7449872547954,2907.989767522932,1830520
2025-11-10,2931.439453125,2953.4358611387806,2899.2684732632038,2900.237480105872,1556656
2025-11-11,2952.56396484375,2960.9942773891976,2924.462765309628,2950.6259510827763,2806868
2025-11-12,3034.735595703125,3039.192885115363,2962.3508338140637,2965.1608589527805,4460315
2025-11-13,3009.4443359375,3034.8322664831685,3005.859058134587,3034.735507748666,1740435
2025-11-14,3009.7353515625,3016.6153949995773,2981.924901585002,2994.2312415737683,2210794
2025-11-17,3006.052978515625,3026.6928715689805,2990.93661372188,3009.7352518307202,2232853
2025-11-18,2991.421142578125,3008.7662705711664,2982.6030856096777,3005.8592500198897,2548350
2025-11-19,3050.142822265625,3057.216619603584,2987.932629650603,3001.0142221592077,3151053
2025-11-20,3047.332763671875,3066.4221511422043,3040.8404651460387,3050.4335382511167,2700767
2025-11-21,3052.953125,3071.7517635606687,3038.030277327296,3047.332837865448,4177037
2025-11-24,3043.84423828125,3080.375748831919,3033.960415828725,3060.1236005069036,6703764
2025-11-25,3022.526123046875,3052.1778273241375,3018.4563415864895,3047.817296493595,2737920
2025-11-26,3064.87158203125,3079.503679669953,3020.394263540353,3022.1385231343734,2508527
2025-11-27,3039.386962890625,3081.4417653096157,3028.1463888655812,3081.4417653096157,2836233
2025-11-28,3040.259033203125,3049.755347777002,3028.1464474134714,3042.681550361056,1616690
2025-12-01,3036.2861328125,3056.247769627983,3025.4333028223336,3040.6466638725274,1747647
2025-12-02,3038.514892578125,3046.557697172346,3023.6890396759504,3033.960607457575,2512003
2025-12-03,3081.441650390625,3112.3528729457903,3041.7123712503685,3042.6813780586676,3952112
2025-12-04,3129.11669921875,3149.27208789607,3088.6121678196405,3095.00770730463,5025905
2025-12-05,3137.837890625,3170.2028609083113,3122.527535293584,3129.892081880524,5244013
2025-12-08,3136.190673828125,3158.8653395160463,3109.1554773099156,3142.489218360763,2544725
2025-12-09,3108.864501953125,3133.4771795542747,3082.604323565585,3129.8919017803323,2734893
2025-12-10,3090.356689453125,3125.0471830165943,3079.6008550466445,3125.0471830165943,1386849
2025-12-11,3092.972900390625,3108.9615135733166,3055.3756234989633,3105.6669848803986,1914362
2025-12-12,3120.6865234375,3123.1090405337873,3086.9650381423917,3098.5931202045713,1146554
2025-12-15,3130.085693359375,3137.8377476982373,3098.205464520373,3111.577805569695,1562190
2025-12-16,3105.763916015625,3120.202023295087,3092.197820262168,3120.202023295087,1734623
2025-12-17,3118.0703125,3136.5782015286727,3101.306446555184,3101.306446555184,1376350
2025-12-18,3179.11767578125,3185.9007236352077,3121.1710196569366,3127.954067510894,2307422
2025-12-19,3180.280517578125,3215.067769256,3177.179742937931,3196.753634213965,3902511
2025-12-22,3221.8505859375,3225.436100324642,3189.0013503402283,3207.412479375921,2632816
2025-12-23,3207.41259765625,3217.005670614833,3191.423985009323,3217.005670614833,2365420
2025-12-24,3216.1337890625,3223.98283930865,3193.943626455098,3201.695681385047,1367708
2025-12-26,3178.342529296875,3217.102804044398,3170.3967202884214,3210.4167512800273,1176664
2025-12-29,3150.7255859375,3186.094333865139,3142.392032892103,3178.342279524835,2079473
2025-12-30,3146.171630859375,3166.230026251057,3139.0978332181485,3149.272405605489,2807593
2025-12-31,3106.829833984375,3145.3963554042443,3099.3685282687848,3139.58231408187,3362634
