Date,Close,High,Low,Open,Volume
Ticker,TCS.NS,TCS.NS,TCS.NS,TCS.NS,TCS.NS
Date,,,,,
01-01-2014,800.3019409,811.8978082,799.4843005,810.2625273,529952
02-01-2014,805.3936768,813.5702623,801.3610971,805.0220138,1726948
03-01-2014,825.9093018,828.4738303,798.0531848,804.5386844,2618174
06-01-2014,832.3763428,834.0116234,816.5434655,828.4366794,2311810
07-01-2014,819.9441528,838.6388167,817.2867991,832.5249796,2897486
08-01-2014,829.793396,834.0118075,821.375265,822.118591,2550020
09-01-2014,833.2498779,838.2859299,825.8724215,828.3439443,2582206
10-01-2014,847.7261353,858.4672508,830.6668391,839.9584145,3369334
13-01-2014,880.3766479,886.0445082,849.2498746,849.2498746,3814316
14-01-2014,864.7667236,886.3417749,862.2579989,881.5844712,2974964
15-01-2014,874.74646,883.8893194,864.8601835,870.6023612,3048854
16-01-2014,873.5194092,884.5949827,864.1163188,884.5577801,2997962
17-01-2014,822.5087891,854.0815416,819.9071482,854.0815416,7564756
20-01-2014,869.0221558,873.407796,823.4191371,824.7013559,6010558
21-01-2014,847.5032349,869.4127526,845.5706052,867.4615216,3132282
22-01-2014,845.1802979,853.6542327,841.482269,850.0305183,2384030
23-01-2014,837.1522827,846.1651102,831.5216247,842.9688629,2290762
24-01-2014,835.7583618,848.5993334,830.6665981,834.0115643,1850266
27-01-2014,830.1366577,841.2691496,826.5995668,828.7962501,2532948
28-01-2014,823.7139893,836.9315386,817.6637026,831.0301457,2852166
29-01-2014,822.7643433,834.0085475,820.9771639,834.0085475,1698076
30-01-2014,825.6685791,829.1684004,815.392365,818.3896017,2225250
31-01-2014,834.3994751,845.1038255,826.9343361,828.4609059,2174246
03-02-2014,817.0492554,835.5910739,815.6903044,827.3068358,1362480
04-02-2014,801.001709,809.807162,786.3693131,809.4348369,2694166
05-02-2014,817.0305176,819.1155754,796.7760597,805.6374191,1853650
06-02-2014,809.9006958,815.3552257,798.6378543,811.6692412,1922652
07-02-2014,798.4143677,817.2540649,793.4252448,815.3924384,1990912
10-02-2014,779.4813843,798.2651711,776.3352547,798.2651711,4019270
11-02-2014,782.5158081,791.7494907,780.3935728,781.8828735,3568786
12-02-2014,783.9123535,790.6701128,780.021572,788.5850546,3074348
13-02-2014,794.4491577,796.1804341,780.5800394,784.4894553,2094350
14-02-2014,807.1638794,813.4375963,792.345407,795.9941218,1910062
17-02-2014,806.2329712,813.9029069,799.4566706,804.2224514,1670394
18-02-2014,806.4564209,815.7645513,802.6773563,806.0840957,1526916
19-02-2014,818.352356,824.7005204,805.0603612,807.9458822,1072918
20-02-2014,815.1503906,827.3067747,812.7116419,821.3495702,1587924
21-02-2014,821.2377319,823.9557243,815.671488,818.3708459,1717860
24-02-2014,810.887085,821.0702164,807.9830209,820.6048099,2450424
25-02-2014,814.982666,818.9293498,811.6690078,815.0199349,3305374
26-02-2014,812.4696655,817.2540823,810.6080389,816.881757,3859712
28-02-2014,847.3192749,848.9016574,804.2784352,804.5949481,3988192
03-03-2014,834.0272217,855.9757777,829.5406841,845.8485488,1606078
04-03-2014,834.2503052,839.2208823,828.0511278,831.476501,2030332
05-03-2014,838.4390259,851.228432,834.95784,839.5374579,2302006
06-03-2014,834.2877197,841.4549801,831.0856865,838.7928912,1314562
07-03-2014,829.7267456,837.7503722,801.5417449,836.0562743,4698472
10-03-2014,797.7626953,829.7268558,794.9144434,829.577962,3829768
11-03-2014,801.1137695,810.7942282,790.0743597,802.3610958,2550254
12-03-2014,811.4642944,815.2992629,801.6163092,801.6163092,1669788
13-03-2014,800.3318481,819.8602915,795.6033351,799.7733602,2019884
14-03-2014,796.6085815,804.4087781,790.9306209,797.148435,2161246
18-03-2014,790.0740967,801.1694061,783.4653242,795.100487,2565842
19-03-2014,759.3202515,772.5750235,749.5094886,772.5750235,8652662
20-03-2014,784.9362183,790.4093823,748.8951547,758.7989991,5728956
21-03-2014,791.9359131,798.6377685,776.2982505,791.1912625,4680776
24-03-2014,801.4674683,803.4593541,791.6193915,795.6405228,2183014
25-03-2014,799.2520752,808.690558,793.0528953,798.2654495,2249968
26-03-2014,779.4628296,803.6639683,777.2475128,799.773188,3192350
27-03-2014,779.7422485,787.4679984,768.8703681,782.2368098,5012476
28-03-2014,782.6647949,790.3905424,774.4550065,780.7659001,2971162
31-03-2014,794.225708,798.6191649,775.1813045,783.3724615,2683268
01-04-2014,810.4404297,813.5307477,798.6004674,798.6377363,2755932
02-04-2014,808.7833862,819.8600605,804.6133623,815.3921583,3763016
03-04-2014,806.6425781,812.413619,799.6056679,809.0068796,1581194
04-04-2014,796.3479004,814.2753249,793.0527856,808.6904461,1694656
07-04-2014,801.9141235,806.4378389,789.5901217,793.0900335,2594986
09-04-2014,796.9248657,804.9671268,783.7445893,801.2438746,3350500
10-04-2014,791.6193237,799.9966422,787.5423803,796.9249587,2152886
11-04-2014,805.7490845,809.7701243,781.8830003,788.5848546,2340742
15-04-2014,838.7557983,840.7105061,809.4538162,812.0414587,3597244
16-04-2014,817.737793,842.9441889,813.232622,842.9441889,3475910
17-04-2014,827.6416626,829.1682323,797.7811993,826.5619559,7681438
21-04-2014,827.2136841,835.0883273,823.3229031,826.5621148,1842594
22-04-2014,826.9529419,837.6944699,826.5247134,831.7559008,1486274
23-04-2014,824.2351074,835.4606785,819.5252289,830.8066124,1938992
24-04-2014,824.2351074,824.2351074,824.2351074,824.2351074,0
25-04-2014,821.0702515,832.1469276,816.5837141,829.1683256,3160448
28-04-2014,815.8947754,827.5671146,811.7061173,821.0700588,2550766
29-04-2014,816.9748535,821.4800264,810.5149727,813.9031696,1846180
30-04-2014,815.0943604,821.2005486,812.0413117,813.5678815,2397378
02-05-2014,822.2620239,826.5251316,812.1347911,812.1347911,1917778
05-05-2014,824.2161255,829.9127182,820.6604023,823.136419,1314478
06-05-2014,818.7059937,827.1578499,815.3923351,824.2164258,961232
07-05-2014,806.2890015,820.2325646,796.8133416,815.7832958,4716182
08-05-2014,804.9859619,812.3393869,799.6244229,806.1215723,2606900
09-05-2014,804.1851807,813.418864,801.2438479,801.2438479,1799440
12-05-2014,803.9804688,806.7170045,790.5022236,801.6161673,2886064
13-05-2014,823.192688,833.6364319,806.3822353,806.3822353,2547484
14-05-2014,825.1098633,833.1520326,819.5249856,824.4768378,1389228
15-05-2014,816.5650024,828.4235968,808.3738478,825.1099388,2520196
16-05-2014,804.5018921,838.9977948,781.9762114,819.1342946,5241798
19-05-2014,758.3147583,804.2224762,744.4642783,800.499224,6516606
20-05-2014,770.0430298,804.2225044,755.0755736,755.0755736,4702114
21-05-2014,775.4977417,777.7875058,765.4263247,767.4368449,4116946
22-05-2014,786.3324585,790.8189969,772.6123247,780.6731317,4216842
23-05-2014,792.2709351,800.1270349,780.3937949,788.9572764,3094780
26-05-2014,801.9885254,807.7968352,794.3931272,800.1268993,2650850
27-05-2014,793.5926514,813.3817933,788.5848948,804.2783681,1795094
28-05-2014,800.7040405,803.7570892,790.2416652,796.7759912,1887488
29-05-2014,804.2039185,811.669058,794.9888684,798.6376741,2820710
30-05-2014,797.2786865,806.8287925,793.1085711,803.7757438,2585648
02-06-2014,792.9968262,803.3846624,787.8587205,798.2651911,1095158
03-06-2014,792.5314331,796.0312535,783.8189691,792.9968396,2484628
04-06-2014,777.8804321,794.8770413,773.3194484,793.0526842,2141062
05-06-2014,783.4282837,787.9892688,769.9687598,775.5909084,4348470
06-06-2014,783.4656982,792.3181178,772.8465758,789.442442,3361586
09-06-2014,794.5736084,796.1523624,781.8682313,784.4995186,2666196
10-06-2014,811.2445679,812.2971011,795.0245992,795.0245992,2628068
11-06-2014,829.588501,832.2386016,803.7455001,813.8195901,3544562
12-06-2014,841.0159912,847.2746604,820.8866215,845.3951691,2734338
13-06-2014,832.069458,841.6360486,821.3563596,841.2601504,1904022
16-06-2014,853.1950073,855.9014562,830.7350881,830.7350881,2439906
17-06-2014,856.9914551,863.4380718,853.6647197,858.8896674,1918144
18-06-2014,837.1439819,861.9344462,834.9825676,861.9344462,1948824
19-06-2014,855.5628662,860.4307281,830.7724055,838.2527408,1896354
20-06-2014,861.7089233,864.189888,850.2816557,858.8896871,1155674
23-06-2014,852.8565063,864.5280698,847.2931957,861.9344095,1262734
24-06-2014,867.9677734,871.8958913,847.650457,852.9130319,1479100
25-06-2014,868.5317383,872.0839585,861.9347055,868.3249759,1028422
26-06-2014,867.4414063,881.1616899,861.2390862,863.0622291,2036182
27-06-2014,901.9863892,904.7491854,870.2041835,870.9559797,3058836
30-06-2014,911.7035522,915.312212,893.3597916,902.3625361,2146470
01-07-2014,898.6784668,909.2975891,895.5021459,909.2599626,1092790
02-07-2014,902.7572632,906.5725937,895.9534682,902.1557893,907740
03-07-2014,908.8844604,919.0713411,899.1487312,901.7800193,1526762
04-07-2014,906.102478,911.7409502,902.5314457,906.8166478,536136
07-07-2014,935.4415283,938.9937481,906.0650275,909.6925004,2204902
08-07-2014,920.7440796,934.539529,914.6545454,934.0884693,2500588
09-07-2014,901.4602051,929.4646202,895.2391635,928.4685267,1554242
10-07-2014,884.0371704,909.52308,877.722064,901.9863047,1990562
11-07-2014,900.069458,905.9146936,887.5333077,891.2546633,1329446
14-07-2014,912.0229492,916.815651,896.611124,909.2225262,1587924
15-07-2014,901.892395,913.4324492,899.8061421,912.0040179,1389656
16-07-2014,902.8510742,911.1771821,897.2126016,905.7830066,1407240
17-07-2014,895.3707886,913.3575559,892.7583142,905.9147525,1790220
18-07-2014,917.6425781,934.106936,915.3120279,921.7022966,3507488
21-07-2014,926.1194458,928.4124622,918.3383693,927.7170136,981072
22-07-2014,951.9243774,954.7812399,925.4235596,926.5888805,2399016
23-07-2014,972.1293335,975.9447562,951.8872655,954.781664,2065858
24-07-2014,975.5308838,978.0870096,964.9305741,975.418096,1481418
25-07-2014,979.4963989,982.729159,964.9303487,975.0795966,1806914
28-07-2014,990.4175415,994.3764015,977.2976367,985.7700623,1314922
30-07-2014,992.6168823,998.3352976,984.0296874,988.6962169,1899252
31-07-2014,986.8790894,993.7450149,982.748029,984.985714,2407210
01-08-2014,962.5327148,989.9008858,960.0847274,984.9474793,2381882
04-08-2014,966.223999,972.2866298,951.6697069,968.4998786,1828636
05-08-2014,965.3248291,973.4721788,952.4727573,973.433891,1404656
06-08-2014,958.8031616,969.589844,952.5301363,962.4369479,1837562
07-08-2014,944.7081909,954.3472709,940.5962738,952.4347513,1672656
08-08-2014,948.1126099,959.2052254,942.8723239,942.8723239,1464790
11-08-2014,944.1724854,954.5575211,939.046971,952.7788222,1290896
12-08-2014,945.4537354,952.3961417,933.3857222,952.3961417,984552
13-08-2014,956.2786865,967.7346572,944.7844281,944.7844281,2768378
14-08-2014,956.1636963,968.4994415,952.4534288,961.6143744,1578056
18-08-2014,951.5164795,958.1720082,944.7843753,952.8360989,1373260
19-08-2014,932.7357178,958.1339382,931.3969542,956.2597066,3234156
20-08-2014,931.8554688,939.0657006,929.5031084,935.030268,2056758
21-08-2014,930.4215088,940.959509,929.484393,935.9869587,2265450
22-08-2014,942.5657959,944.095811,931.7027259,934.8392382,3096238
25-08-2014,964.6939087,967.16104,943.5987641,944.7845635,3143512
26-08-2014,969.1881714,975.3847144,956.2595239,967.3521344,1815490
27-08-2014,975.3659668,982.0406423,961.6341118,969.2650472,1435460
28-08-2014,964.8087769,975.1172386,961.2323279,974.2374609,1766288
01-09-2014,970.4698486,979.2101011,965.076599,965.9754273,810148
02-09-2014,970.7567139,977.2210865,961.6531948,973.778551,1407940
03-09-2014,996.9580688,1000.630143,971.1773449,971.1773449,3061690
04-09-2014,988.677002,1005.009901,985.8847047,1002.925273,1701598
05-09-2014,993.9749146,1002.848989,988.0269588,994.472095,1467060
08-09-2014,1010.842896,1013.635192,994.14664,999.1000461,1697342
09-09-2014,1006.463013,1020.137522,1004.110652,1014.399966,1418098
10-09-2014,994.5674438,1010.862147,991.1440527,1009.045253,1258768
11-09-2014,993.878479,1003.842625,991.2582914,998.3346095,1075622
12-09-2014,997.4172974,1003.824238,991.9091847,998.3352695,1196210
15-09-2014,978.5593262,1001.62432,976.9145414,999.8647656,1151544
16-09-2014,975.7099609,984.9473914,973.0897723,981.5048568,1535608
17-09-2014,991.1439819,996.3269279,979.5923841,979.5923841,1657700
18-09-2014,1010.689758,1014.323544,987.2422579,991.3350296,1483078
19-09-2014,1038.191772,1048.060389,1010.575017,1010.957521,3587864
22-09-2014,1041.098999,1045.765527,1023.67593,1038.11545,999584
23-09-2014,1028.246826,1064.297814,1026.372595,1041.940483,2055990
24-09-2014,1010.957581,1035.418681,1007.036916,1030.082771,2442132
25-09-2014,1036.050049,1042.323075,1017.460323,1017.823683,2473158
26-09-2014,1026.640137,1042.284504,1021.323372,1036.585235,1612712
29-09-2014,1058.751343,1061.620121,1023.312404,1031.000674,2089534
30-09-2014,1046.759888,1062.079089,1035.87758,1060.663844,2788954
01-10-2014,1061.677734,1071.775799,1046.913048,1052.650606,2142022
07-10-2014,1044.751953,1086.19619,1042.552556,1047.90761,3457674
08-10-2014,1026.333984,1048.041071,1013.348001,1047.295207,1962442
09-10-2014,1035.074341,1041.672531,1027.596373,1035.820204,1685176
10-10-2014,1024.536621,1043.260167,1020.711582,1035.055478,2344362
13-10-2014,1039.090942,1042.246599,1021.285368,1025.110407,2209532
14-10-2014,1032.454224,1046.415612,1024.651184,1044.235359,2369406
15-10-2014,1032.454224,1032.454224,1032.454224,1032.454224,0
16-10-2014,1024.383179,1055.174726,1019.085465,1044.235083,3848014
17-10-2014,933.7492065,960.6010507,929.4843261,946.6969988,9892812
20-10-2014,926.9215698,953.8116083,924.8751369,952.4345572,3399242
21-10-2014,930.78479,934.7437421,923.7467569,927.8969608,1950732
22-10-2014,937.842041,952.0520208,935.2601402,950.5220055,2067664
27-10-2014,939.8694458,963.7950841,935.2029168,963.52735,2797208
28-10-2014,948.0741577,950.4838575,938.4541291,950.4838575,2289958
29-10-2014,960.5110474,963.5580799,947.8437277,948.6102815,2425016
30-10-2014,980.4993896,986.9000981,961.6421764,966.5481416,4111292
31-10-2014,999.5291138,1004.185893,981.5725462,981.5725462,3170070
03-11-2014,992.8214722,1015.300628,989.0461568,1015.300628,2541632
05-11-2014,996.3283081,1011.084469,992.6871775,1011.084469,2310642
07-11-2014,986.1143188,1002.537683,980.0393406,998.3600009,2126740
10-11-2014,984.8880615,989.6215716,977.7399803,986.9769968,1541964
11-11-2014,989.1226807,994.2202822,979.4257563,988.0878517,1249940
12-11-2014,993.3583984,1000.736482,986.9385072,988.8548926,1320582
13-11-2014,992.0933228,998.3982106,983.16295,994.6038058,1645540
14-11-2014,998.9923096,1000.793693,986.9382667,990.8476734,1457174
17-11-2014,1003.534363,1006.1023,993.5499765,994.6423536,1570552
18-11-2014,991.0974731,1006.735109,988.7594446,1004.186353,1467026
19-11-2014,986.4594116,995.7538811,980.2119763,995.7538811,1865746
20-11-2014,998.6090088,1000.448757,981.3999095,991.9208441,1795386
21-11-2014,1005.01001,1011.851543,991.4036727,999.5866762,2001594
24-11-2014,1018.635193,1021.433133,1004.952224,1004.952224,1942766
25-11-2014,1010.318604,1026.952795,1002.65306,1019.517255,2371684
26-11-2014,1006.983521,1018.117734,1002.269195,1008.037532,1584800
27-11-2014,1016.948853,1022.583006,1006.217097,1006.983651,1732418
28-11-2014,1013.000732,1031.742933,1010.068702,1018.88407,1989768
01-12-2014,1032.145996,1034.848118,1013.863698,1015.875903,1896354
02-12-2014,1018.482117,1039.044893,1015.435083,1032.165089,1436572
03-12-2014,1010.068787,1024.652397,1003.610534,1024.077482,3094670
04-12-2014,1011.065369,1022.199582,1007.979971,1021.049751,1285308
05-12-2014,988.4525757,1015.607799,985.8462724,1012.196576,2359676
08-12-2014,963.0984497,994.6037999,958.8248551,994.6037999,3232574
09-12-2014,963.8843384,980.8059829,961.6804953,964.3250696,2487940
10-12-2014,961.2201538,970.4187999,956.7358325,963.9414574,2087970
11-12-2014,955.184021,966.9697922,953.2101813,958.4227875,1938822
12-12-2014,939.2971802,965.8583022,928.5462387,958.1927601,2380786
15-12-2014,904.0164795,914.1158683,901.5635435,914.0775032,3487788
16-12-2014,936.364563,942.5736295,898.7842477,900.700632,3339140
17-12-2014,936.767334,946.6941707,921.8769854,940.3317352,2287076
18-12-2014,943.1300659,946.1196464,933.2032251,940.98377,1481444
19-12-2014,962.2359009,967.2951376,945.927449,947.1922816,1903130
22-12-2014,963.328064,969.3072207,948.3802658,968.15739,1643954
23-12-2014,964.5934448,972.2398041,956.1230772,958.1927361,1266476
24-12-2014,950.4886475,966.1839163,945.0269499,963.9417083,3288972
26-12-2014,960.1089478,962.0253329,944.7778668,952.8266843,626206
29-12-2014,966.9693604,972.3544201,960.8752944,961.2585713,778920
30-12-2014,969.710022,974.4626195,964.3249612,967.7744543,701342
31-12-2014,980.5178833,983.6415518,967.7739296,970.7251422,1573792
01-01-2015,975.651062,983.8723373,973.9071325,983.8723373,366830
02-01-2015,988.6438599,993.0515455,977.5863743,977.7396477,925740
05-01-2015,973.6194458,996.4818825,967.6402869,989.2379843,1754242
06-01-2015,937.7254028,969.3457505,935.1957376,969.3457505,2423784
07-01-2015,926.6486206,950.2009694,922.720032,946.6940229,2636332
08-01-2015,936.6522827,938.6453043,927.7410931,936.1156388,1565408
09-01-2015,962.9065552,965.8194034,939.0283861,940.9447705,3197642
12-01-2015,961.9101563,968.9241432,950.6226686,964.7080967,1596006
13-01-2015,957.3872681,969.8437665,950.5650146,965.8577244,1468432
14-01-2015,966.6053467,970.3806623,958.3840743,964.3248674,1787096
15-01-2015,973.1784668,989.52519,967.1034902,970.8404402,5009920
16-01-2015,970.5151367,975.4402852,952.1753824,974.9420062,5293830
19-01-2015,962.4085083,977.7395877,959.3422924,971.9904329,1135074
20-01-2015,958.3648071,969.6906594,951.7724625,965.85789,2058566
21-01-2015,963.4815063,966.6243583,953.6887627,966.6243583,2310480
22-01-2015,963.3859863,966.3372007,956.4678173,964.5166348,2113214
23-01-2015,959.5722046,970.476415,956.6976275,963.5582474,3150380
27-01-2015,960.8970337,965.8703833,956.0964851,964.8527045,2738736
28-01-2015,975.3181152,977.3534733,961.2236264,961.2620683,3121980
29-01-2015,977.2576294,986.4939073,965.0642311,974.703774,3734392
30-01-2015,953.2163086,988.9131751,948.5885602,983.4213279,5817402
02-02-2015,965.5631104,968.3474285,945.5352594,953.1969161,3181802
03-02-2015,982.4801636,985.0724595,962.8363585,964.5836829,2345054
04-02-2015,965.6017456,987.6458314,960.9164281,986.2248875,2245418
05-02-2015,980.2341309,995.3270829,967.4070953,967.7911394,4530168
06-02-2015,989.2010498,996.5171047,979.6383944,980.4640513,2136416
09-02-2015,965.0640259,986.6473714,960.1098963,983.7285998,2076432
10-02-2015,937.5088501,970.1910277,934.3789294,963.9503135,3799054
11-02-2015,944.7095947,955.2132334,939.8514767,942.847038,2937522
12-02-2015,945.5737305,952.3521621,939.7555024,952.3521621,3107980
13-02-2015,974.9920044,978.4484015,944.8445411,948.5889713,4158326
16-02-2015,992.6766968,996.5939258,981.2321697,983.1523893,2364392
18-02-2015,1012.205566,1015.028327,985.1689054,992.7729956,2660014
19-02-2015,1029.640991,1032.041266,1011.95575,1012.339794,2618002
20-02-2015,1027.528687,1036.457707,1014.740006,1036.457707,1801588
23-02-2015,1035.631592,1045.367139,1025.780907,1025.780907,1614892
24-02-2015,1038.742798,1048.439907,1028.853667,1034.614326,2199922
25-02-2015,1026.242676,1045.368092,1024.57214,1040.759562,1767994
26-02-2015,1020.19342,1034.134233,1008.249711,1028.853629,1991994
27-02-2015,1022.459351,1027.605502,1004.77411,1021.345567,2877376
02-03-2015,1025.166992,1040.355951,1018.695907,1029.122664,2176038
03-03-2015,1066.106201,1071.482817,1027.759368,1030.006063,3424308
04-03-2015,1054.584717,1079.97006,1042.928945,1070.714563,3862994
05-03-2015,1035.555542,1064.070812,1029.641301,1056.121119,2173514
09-03-2015,1016.487549,1029.160999,1002.354713,1013.876031,2883174
10-03-2015,1014.913025,1028.565807,996.6901565,1017.294079,3037052
11-03-2015,1001.029846,1021.537757,997.6694614,1014.644186,2240200
12-03-2015,1005.830383,1008.076984,994.7123291,1007.69294,1827636
13-03-2015,991.7357788,1013.856651,988.9130187,1013.107784,1586838
16-03-2015,984.0357666,1002.354643,980.0800954,992.830335,1556296
17-03-2015,992.2542725,1001.087283,982.2883513,991.7934385,1267318
18-03-2015,982.9030151,998.3031228,979.9650224,995.0387489,1255170
19-03-2015,997.0745239,1000.761385,986.2637197,989.2976307,2448964
20-03-2015,1002.719604,1005.427133,990.3918491,996.9781658,1963908
23-03-2015,1005.100647,1010.419694,1000.818594,1004.659034,1566608
24-03-2015,995.173645,1012.724444,991.6404575,1010.036135,2394878
25-03-2015,988.4333496,1003.891122,977.4688735,995.2116894,2224858
26-03-2015,965.1408691,993.406447,960.4938999,980.5794169,3091642
27-03-2015,965.7937012,987.7225535,961.6844498,972.0151941,2751776
30-03-2015,984.746521,986.9547743,967.7910136,969.7112338,1339006
31-03-2015,980.8291626,986.7818446,968.1749315,986.7818446,2427028
01-04-2015,976.4891357,984.5349301,968.6546781,982.3842468,2075758
06-04-2015,978.2750244,984.2660529,960.1481715,982.3842753,1568542
07-04-2015,992.7537231,998.1303391,977.0079194,984.0935123,1886922
08-04-2015,1014.414124,1020.213227,995.0007678,996.2104693,1652134
09-04-2015,1023.304016,1032.098582,1012.013071,1021.172554,2544450
10-04-2015,1019.157043,1025.705014,1009.267908,1017.140812,1815544
13-04-2015,1019.828674,1023.477092,1009.267466,1023.093048,1308642
15-04-2015,1009.171387,1042.256732,1002.124143,1019.521351,2913934
16-04-2015,991.9090576,1008.883787,987.5117717,1008.864566,3217570
17-04-2015,950.4512939,983.1526018,948.5886431,982.0389117,9668742
20-04-2015,932.7660522,953.9268196,931.2490973,952.4483065,2890722
21-04-2015,932.0941772,941.676058,922.0898105,932.7662544,2546032
22-04-2015,939.026062,949.7408526,924.6051904,933.8030259,4186812
23-04-2015,943.6923828,952.3525962,933.8800371,949.3570334,4342990
24-04-2015,957.4408569,965.4865595,939.966856,942.9431968,3625158
27-04-2015,960.1868896,967.7909804,954.733483,959.9180776,2733052
28-04-2015,958.1895142,963.9501726,942.8662003,963.9501726,3088298
29-04-2015,955.232666,958.1897861,941.3110709,953.9653021,2019620
30-04-2015,946.1688843,956.269257,932.1129346,952.4288182,3738054
04-05-2015,953.024353,961.9533755,943.6728447,956.6535499,1890630
05-05-2015,966.965271,974.1084335,960.1100478,960.4940918,3255070
06-05-2015,945.9196777,965.8707466,943.1353585,965.8707466,3394406
07-05-2015,977.4880981,980.7524725,942.3288473,946.6301219,3205028
08-05-2015,970.5753174,993.9059932,966.3700538,983.1527599,3003664
11-05-2015,981.6160889,984.3236168,969.7107294,973.5511679,2573082
12-05-2015,968.904541,985.0728304,965.102543,983.1526105,2467386
13-05-2015,966.0239258,978.1597497,952.6016111,978.1597497,1863774
14-05-2015,959.8220215,967.7909349,954.3493942,967.7909349,1309050
15-05-2015,964.3921509,972.5530867,960.4941414,965.8707579,1461454
18-05-2015,967.9447021,969.8073535,958.9965497,965.5252994,4507752
19-05-2015,964.9874268,971.6314073,958.8619432,967.560503,1957722
20-05-2015,982.0196533,986.9545621,966.6002317,967.7908055,1897814
21-05-2015,981.4244995,990.8335781,978.6017384,982.0005655,1579578
22-05-2015,1005.389099,1009.556015,975.1840655,979.31254,2691632
25-05-2015,998.8983154,1012.685456,993.0224242,1006.19515,982978
26-05-2015,1001.912964,1007.443159,994.2512131,1000.434357,1961740
27-05-2015,1004.370911,1011.24526,995.4418891,1001.586592,1620690
28-05-2015,1002.162964,1007.347559,991.6977633,1000.01228,2763608
29-05-2015,1002.470276,1017.179183,997.4584819,1005.043352,4423532
01-06-2015,1005.331177,1016.602906,1001.721201,1002.143593,882264
02-06-2015,998.475647,1010.035405,994.865672,1004.658791,3935820
03-06-2015,1002.700317,1008.345838,994.8658583,1000.050452,1804684
04-06-2015,1000.684204,1007.270615,994.0978871,1005.081583,4131468
05-06-2015,998.4360962,1011.285469,996.1685152,1004.696028,2308534
08-06-2015,999.0560913,1003.920668,992.9317687,1003.920668,1570320
09-06-2015,992.9318237,1003.920724,988.8037706,1001.982653,2578914
10-06-2015,1008.087891,1011.673323,993.7655612,994.6182937,2763350
11-06-2015,996.6726074,1012.836104,991.0328008,1009.928997,1847336
12-06-2015,971.2836304,1003.513712,960.0428192,996.9048709,2571456
15-06-2015,970.895752,976.9618744,961.6705181,971.089559,2525176
16-06-2015,973.6867676,976.5163699,966.8841202,969.0353977,1267396
17-06-2015,974.3842163,980.3340352,969.7328477,977.1750185,1975720
18-06-2015,980.6833496,986.9820805,972.1364374,974.8497368,2165046
19-06-2015,988.2417603,990.3542386,979.5398408,982.601955,1999610
22-06-2015,1004.50238,1007.797102,987.2535454,987.2535454,1102002
23-06-2015,997.9517212,1010.898,995.0833189,1007.797086,898318
24-06-2015,996.2850342,1003.106989,991.8468695,1000.044874,1170246
25-06-2015,988.4164429,997.3315716,986.1488614,993.0678144,1930992
26-06-2015,1005.006531,1006.382581,988.4941212,988.4941212,1290102
29-06-2015,1005.045044,1009.3476,985.8581368,996.9439432,1372756
30-06-2015,988.7843628,1003.436198,984.5400065,1001.982644,1549952
01-07-2015,1005.122253,1010.897666,991.0324417,993.8038449,1279708
02-07-2015,999.1724854,1008.940344,996.5754892,1007.796901,1445880
03-07-2015,1009.308777,1011.673262,996.1686907,997.3509332,963470
06-07-2015,1020.704773,1025.239841,1000.161215,1000.161215,1182338
07-07-2015,1014.095703,1025.976041,1008.959815,1020.491338,1642836
08-07-2015,1005.897583,1016.208063,1000.238378,1007.002227,2667850
09-07-2015,977.757019,1007.118801,971.6132949,1005.859054,3934122
10-07-2015,959.0929565,991.9044512,951.5925861,991.9044512,8263654
13-07-2015,972.7375488,976.2454774,959.5004628,959.5004628,2280308
14-07-2015,968.8416748,974.8496948,965.15934,973.299238,1703274
15-07-2015,986.7686768,988.3966372,969.0353302,969.4229443,2003660
16-07-2015,984.6177979,991.8468611,979.3463003,985.9744479,1456608
17-07-2015,993.9970703,996.2065453,985.8184736,987.1751223,1070526
20-07-2015,1001.863892,1003.709016,991.2787019,995.9789525,853786
21-07-2015,994.9693604,1010.099466,992.522217,1000.640732,1274500
22-07-2015,982.0142822,997.9211813,979.2951509,994.8136027,1320628
23-07-2015,966.6902466,985.8212812,964.5149032,977.9163386,1496780
24-07-2015,973.1191406,977.5280573,968.049977,970.1475554,1574972
27-07-2015,969.9724731,973.0606106,963.7961034,966.4570057,2003738
28-07-2015,971.9147949,978.4989591,968.0691089,970.9242351,1891188
29-07-2015,973.7405396,976.964672,964.7091373,975.391441,2413318
30-07-2015,963.6019287,977.644358,960.5526738,977.3530225,2770574
31-07-2015,975.2943115,978.4990026,966.0686858,967.1951453,1963776
03-08-2015,974.84729,980.82934,971.467723,972.4388411,1179324
04-08-2015,974.5755615,980.0527073,965.6801547,975.1582326,2342692
05-08-2015,989.4336548,990.5407677,975.3913207,978.8873469,988994
06-08-2015,999.5913086,1003.359228,990.5793515,996.3671775,2211366
07-08-2015,991.3373413,999.4752965,989.3756627,999.4752965,1188506
10-08-2015,999.1254272,1005.690149,993.1044936,999.0865446,1431182
11-08-2015,1011.594116,1013.847129,987.4716035,1001.416819,2200306
12-08-2015,1037.814697,1045.467091,1010.739938,1011.167268,3479784
13-08-2015,1023.791809,1042.592622,992.871364,1037.154359,1406426
14-08-2015,1050.050659,1056.32414,1024.374351,1024.723916,2293964
17-08-2015,1042.884155,1047.564965,1031.327845,1044.962387,773644
18-08-2015,1064.695313,1068.191339,1044.92338,1051.488102,1916926
19-08-2015,1061.859863,1069.337476,1057.314953,1068.230363,1690070
20-08-2015,1043.699829,1066.288005,1037.931348,1066.288005,2349298
21-08-2015,1039.543457,1060.422504,1031.366715,1053.469334,3536080
24-08-2015,1001.669189,1027.442695,997.9595951,1025.112013,4692344
25-08-2015,997.2026978,1018.509075,984.9083756,1005.262981,3925800
26-08-2015,1000.931641,1025.112487,975.7602351,993.6676946,3216158
27-08-2015,1000.115906,1015.750911,988.9092569,1015.750911,5264798
28-08-2015,998.6395874,1013.458811,993.5314495,1013.458811,2744152
31-08-2015,995.9985962,1006.078787,983.1798317,1006.078787,3692044
01-09-2015,985.6461182,1014.313547,982.7716461,992.8712757,2987602
02-09-2015,1006.778015,1017.906995,989.7639996,994.3088154,3765950
03-09-2015,1012.138611,1015.789979,1000.737641,1008.44836,2265074
04-09-2015,989.550293,1015.751051,986.3261606,1014.391485,2426396
07-09-2015,986.559082,994.4056989,983.8205095,991.706009,1759184
08-09-2015,986.7727051,996.0177699,980.2467714,988.5983884,1787746
09-09-2015,990.4433594,999.863205,988.2097877,995.570844,2045076
10-09-2015,988.7536011,1001.611243,981.6062095,987.4329183,2665818
11-09-2015,991.3175049,997.6880026,986.8892436,989.1810447,1592672
14-09-2015,991.1815796,996.3673893,987.8215482,996.3673893,1589318
15-09-2015,985.5884399,993.9982906,985.1028806,991.1820461,1379900
16-09-2015,990.6765747,996.3672895,987.063996,992.4828167,1756816
18-09-2015,991.026001,1004.524542,986.2675224,996.3671504,2455294
21-09-2015,990.9485474,993.2986726,984.0147248,990.5406587,1108840
22-09-2015,981.5288086,999.2419513,967.2339268,993.4541236,2081246
23-09-2015,983.8012695,993.5513372,976.012975,984.4422646,1228352
24-09-2015,1002.349487,1006.07862,982.7328965,984.9082395,2354254
28-09-2015,1007.515503,1017.343236,1001.999572,1007.632056,2366812
29-09-2015,1005.39856,1023.170021,998.2511684,1003.495206,3325952
30-09-2015,1005.321106,1026.938161,998.6786188,1026.938161,3368336
01-10-2015,1027.28772,1029.365856,1006.933025,1009.574486,2834408
05-10-2015,1053.333374,1075.999318,1030.434418,1030.434418,4807306
06-10-2015,1048.807861,1058.907493,1042.592704,1058.519045,3979590
07-10-2015,1030.919922,1055.411549,1028.20079,1046.457817,2065530
08-10-2015,1023.092651,1040.398,1017.732059,1037.154426,2357550
09-10-2015,1021.480591,1029.618639,1013.070743,1029.579756,2249724
12-10-2015,1007.08844,1033.405743,1004.913097,1031.327512,2455912
13-10-2015,1009.400085,1014.624684,997.3776565,1011.050987,6179712
14-10-2015,964.7866821,989.7638662,963.3494459,989.7638662,8337128
15-10-2015,958.5906372,972.4776255,957.5224073,967.2335879,3215710
16-10-2015,960.2422485,968.0111988,959.4653535,963.6993935,2333828
19-10-2015,966.7480469,969.1564007,953.9681709,967.2336059,3130642
20-10-2015,981.5094604,982.7719145,969.409362,969.6618148,2695084
21-10-2015,982.7718506,987.433219,979.7613835,984.7140874,1929688
23-10-2015,987.6960449,991.9199178,983.8615607,991.9199178,2335398
26-10-2015,987.4625244,992.3092099,979.1121972,992.3092099,1414630
27-10-2015,985.3410034,990.7131787,981.1560975,984.9322262,1530420
28-10-2015,984.5623779,986.2947153,977.1463166,977.1463166,1255342
29-10-2015,971.423584,987.0147128,969.3603094,986.2945768,3130316
30-10-2015,971.3653564,977.8665405,967.3945808,973.2339847,1516696
02-11-2015,979.9882202,982.1098512,968.3872527,973.2339387,1319294
03-11-2015,990.1486816,991.8421466,980.4358264,984.1341152,1364906
04-11-2015,986.392334,991.6088312,981.0200623,990.7524041,991434
05-11-2015,966.4797974,986.8398733,965.4482073,985.2243428,1596098
06-11-2015,975.4723511,980.3385206,966.7910856,970.1195646,908024
09-11-2015,962.0812378,974.3050247,961.0106799,971.2879978,2021556
10-11-2015,956.9423828,964.2806079,953.7696768,962.7039493,1361920
13-11-2015,933.2924194,949.117261,929.068641,949.117261,2743232
16-11-2015,924.4168701,930.4119552,917.1759692,930.4119552,2043528
17-11-2015,930.6259155,933.7012972,924.5723805,926.7134955,1985028
18-11-2015,915.4043579,929.9833833,913.2827269,929.9833833,1520352
19-11-2015,919.7255249,927.1415863,915.6184588,920.8155659,1866906
20-11-2015,933.6625977,943.47278,919.4922497,921.2635551,2012126
23-11-2015,930.8206787,939.5213355,927.3948753,936.3681137,1088082
24-11-2015,921.8278809,931.3655753,920.8741304,926.538372,998640
26-11-2015,913.1079102,927.4533268,910.1103675,925.7015051,2915292
27-11-2015,916.144043,918.5186767,908.0272342,914.0612844,1737206
30-11-2015,924.0081787,930.8986589,914.8986481,920.6796982,4100048
01-12-2015,919.4724121,925.7595601,917.5843954,919.8617057,1721994
02-12-2015,920.7571411,925.7790852,913.4773703,925.7401179,1640296
03-12-2015,915.131958,923.7937409,913.672107,918.7329239,2283358
04-12-2015,906.4310303,913.7887351,903.5892635,910.9468733,1246092
07-12-2015,903.0836792,912.4656017,901.3123736,907.9108838,1382604
08-12-2015,906.664917,914.45079,902.1102003,902.9276599,1139964
09-12-2015,921.7108765,923.7157954,903.161076,910.1293928,5282806
10-12-2015,928.289917,930.878681,915.6183934,922.2363835,1723988
11-12-2015,928.8543091,931.1705864,919.9978818,927.6864286,1652378
14-12-2015,925.9154053,929.2438848,907.2877623,909.078456,2718532
15-12-2015,924.9033203,928.4653191,919.9203428,925.9154267,1135868
16-12-2015,937.5747681,939.9494973,928.0760412,928.0760412,1435934
17-12-2015,949.7789917,951.822783,931.715808,940.1439758,1618844
18-12-2015,940.8449097,947.6185811,934.5577602,942.0906303,3024970
21-12-2015,952.368042,953.7695373,936.9715526,942.0712429,1610104
22-12-2015,936.2705078,949.8762989,934.3045563,949.8762989,1560858
23-12-2015,944.3485107,947.9299931,938.4117829,940.1441205,849834
24-12-2015,947.6378784,949.175569,935.8617479,942.4797386,843160
28-12-2015,958.713562,960.1539297,942.16858,945.2050898,3704198
29-12-2015,956.0274048,959.7256946,952.1149844,957.0201226,1708524
30-12-2015,941.428833,957.2730652,939.0930712,954.9567871,1605762
31-12-2015,948.6503906,953.1856242,937.2245825,940.4362555,1240318
01-01-2016,940.6891479,949.4872226,939.0736173,949.4872226,712262
04-01-2016,922.4700317,939.7546273,921.0880206,938.2558091,1870184
05-01-2016,914.4312134,929.0881749,911.3363482,928.4652671,2678020
06-01-2016,927.1417847,928.9129947,914.9179072,914.9179072,2653228
07-01-2016,923.1123047,927.6475364,918.7327524,922.6256878,3199580
08-01-2016,933.3704224,937.1660352,923.5991145,928.4652847,1907544
11-01-2016,919.6478882,928.0760577,914.3924239,927.4921172,2930228
12-01-2016,905.9056396,920.6793119,895.9981371,919.7839177,3482594
13-01-2016,887.2781372,905.8863941,877.8962165,901.9934573,4746092
14-01-2016,887.1226196,894.947367,875.9109406,884.8646969,2742052
15-01-2016,880.2318115,892.1441389,877.8570825,891.0347091,3269408
18-01-2016,886.6746216,892.222056,879.8036268,880.5822141,2213922
19-01-2016,887.3172607,895.3756223,883.0350295,886.4218661,967910
20-01-2016,887.628418,889.5359187,873.1855867,885.1758492,1615954
21-01-2016,879.7846069,893.5988847,876.3700515,891.6867717,2675536
22-01-2016,895.8816528,898.3401514,881.930757,887.00381,1343178
25-01-2016,899.3550415,912.7596517,894.2234894,898.2818953,1397560
27-01-2016,905.2475586,909.2279362,890.4771271,898.320888,1626986
28-01-2016,909.7156372,916.6227763,900.6817368,903.5889679,3106660
29-01-2016,933.1687622,936.5637869,911.2180485,920.447066,2235744
01-02-2016,937.6176758,941.6175848,920.5644242,933.0910067,1495274
02-02-2016,935.8223877,949.4415481,928.6420081,940.0759102,1475588
03-02-2016,942.9246826,948.2318205,921.0715265,931.6858976,1308692
04-02-2016,944.3880005,952.1731678,937.3442414,945.1098779,1250046
05-02-2016,945.1298218,952.1540531,939.7251231,939.7251231,1402996
08-02-2016,922.1057129,941.2662882,915.8814841,936.5639377,1063658
09-02-2016,890.2821045,910.652448,880.2141176,910.652448,2489610
10-02-2016,885.3651123,893.5990129,881.1896172,887.78455,1890732
11-02-2016,857.7166748,893.2475772,847.4534791,889.7354635,1962408
12-02-2016,868.8970337,875.4529035,844.4682918,858.5167476,2172568
15-02-2016,885.5018921,900.2138308,874.1265776,878.0289284,2479712
16-02-2016,884.0966797,890.5160246,875.2968638,884.2722663,1588702
17-02-2016,887.9989624,889.5988682,876.623559,883.8819655,1585178
18-02-2016,903.7258301,905.2477086,888.9553961,891.6870413,1529140
19-02-2016,905.2086182,908.0768836,899.6673,900.4088037,879012
22-02-2016,903.7449951,914.3203993,899.4914727,905.4425551,1324884
23-02-2016,883.4919434,905.3060394,880.6627399,901.5403101,1306852
24-02-2016,862.7901001,882.8872037,858.9853086,882.8872037,1659328
25-02-2016,863.5315552,869.4435773,852.917087,866.2436694,1830556
26-02-2016,862.6144409,880.7213063,858.3609177,870.1069336,1537536
29-02-2016,849.4631958,872.9553135,825.3466643,872.9553135,2191718
01-03-2016,888.4284058,891.7259675,843.6880046,855.7852887,1999760
02-03-2016,904.8962402,909.2473213,880.4674973,899.4914487,1527486
03-03-2016,926.0859375,933.0516687,897.9305269,911.5887487,2648284
04-03-2016,919.9987183,928.7594766,916.8768377,928.7594766,1512966
08-03-2016,918.7302246,923.6861898,899.1794142,913.9693769,1268152
09-03-2016,919.8812866,924.6226029,895.6476594,913.539969,2017784
10-03-2016,916.3886719,920.8959042,903.3742993,919.4129925,1661666
11-03-2016,923.0030518,932.9931028,911.1984466,913.149621,1530528
14-03-2016,919.0032349,935.7833364,913.1497111,921.7348793,1636742
15-03-2016,909.2085571,922.3204922,905.3843301,916.6816151,1623356
16-03-2016,908.0960083,910.0276517,900.2327191,903.3936594,1918246
17-03-2016,917.8519897,921.6567799,910.0277612,910.8082309,2221088
18-03-2016,946.6515503,948.2709873,920.9545391,920.9545391,3204070
21-03-2016,954.6121826,958.0072074,944.3685159,946.7099254,2336982
22-03-2016,965.090332,969.734091,950.8076912,952.953984,1951984
23-03-2016,965.3630371,970.8652916,958.9241618,970.8652916,2278434
28-03-2016,965.2073364,982.2801199,960.5831082,972.0755114,3320882
29-03-2016,963.645874,970.4945145,958.0265304,967.0019318,1838796
30-03-2016,971.4899292,977.5385711,959.9779979,964.2315209,2136504
31-03-2016,983.5093384,995.0992994,964.719465,967.1194676,4363964
01-04-2016,957.5976563,983.7239665,949.8710792,977.5387034,3041400
04-04-2016,964.3681641,970.9045998,954.9049661,958.4170808,1752352
05-04-2016,961.0510254,969.6946905,952.9731818,964.1924355,1491794
06-04-2016,968.5236816,971.2943867,959.7239634,963.8799258,1763150
07-04-2016,964.192688,969.6169166,958.8074258,967.782831,2390942
08-04-2016,949.0706787,965.323922,947.0999737,962.3191327,1399500
11-04-2016,978.1826172,982.2215879,941.6371441,949.4418448,2400648
12-04-2016,982.6699219,985.3430689,970.94344,974.8067272,1303628
13-04-2016,985.8113403,993.1477752,980.4651415,987.2942519,1601468
18-04-2016,983.2944336,996.4648621,952.1731989,957.2462528,7121504
20-04-2016,956.2124634,989.2067596,952.1734926,989.2067596,6405024
21-04-2016,946.0858154,962.8659225,941.3249669,956.4661059,2525724
22-04-2016,943.2174072,950.3781614,938.20285,943.9783463,1964126
25-04-2016,956.5634766,958.8268585,937.4614937,937.4614937,2267654
26-04-2016,971.6068726,973.0507226,952.9536253,955.6852696,2554368
27-04-2016,979.9191895,981.285012,966.1828406,967.7828423,1848670
28-04-2016,986.4164429,991.1968212,974.8460141,976.094747,4992744
29-04-2016,989.4406738,991.9772009,979.489683,982.2213276,2372178
02-05-2016,986.0065918,987.2943861,975.5873381,986.9041512,1116692
03-05-2016,967.0413818,987.29454,964.6609103,985.343365,2153118
04-05-2016,967.0020142,973.2653029,958.8070818,965.4020131,1364892
05-05-2016,963.9975586,971.6656384,961.3634723,967.0023491,1246566
06-05-2016,965.2073364,969.4609556,948.6614084,961.9294001,885598
09-05-2016,980.4849854,982.6117471,958.5732326,965.2072277,1821276
10-05-2016,984.5234375,988.8355515,974.0261584,981.4406204,1158534
11-05-2016,982.7286377,985.5773717,971.6849702,975.5873195,1598716
12-05-2016,1001.420776,1002.864626,983.6065914,983.6065914,1513082
13-05-2016,984.718689,1001.342733,979.5480766,1000.952499,1621730
16-05-2016,995.5479126,1000.874677,984.3677187,990.4163608,1111526
17-05-2016,1002.981689,1011.196153,995.8794336,1000.64028,1756698
18-05-2016,995.5280151,1001.283978,985.7526146,1001.283978,1500740
19-05-2016,997.8111572,999.0013928,985.7724671,997.0502182,1038792
20-05-2016,987.0214844,1001.265063,984.4849567,992.0945398,1230918
23-05-2016,972.2505493,993.4988168,967.8604075,992.7574087,1533016
24-05-2016,962.9828491,971.0021971,959.8220029,969.3436984,1339158
25-05-2016,985.9092407,988.4457683,968.1730782,968.1730782,1548678
26-05-2016,994.5917969,1000.913584,977.5776102,987.2944224,1943248
27-05-2016,1003.937805,1006.747573,995.3332016,996.3282244,1104676
30-05-2016,1028.815063,1030.980886,1007.586327,1007.976562,1349464
31-05-2016,1002.669678,1032.951949,999.7819771,1030.220304,3722608
01-06-2016,1027.703369,1032.171541,1003.294152,1003.37218,1911942
02-06-2016,1034.181152,1035.800685,1014.610907,1014.610907,1408756
03-06-2016,1026.142212,1037.244376,1022.610567,1034.668787,1554922
06-06-2016,1030.065308,1040.513817,1026.398453,1033.219575,1322026
07-06-2016,1037.418579,1040.513742,1030.262375,1030.656658,1202194
08-06-2016,1030.302368,1036.39403,1027.305775,1031.938606,938266
09-06-2016,1016.166687,1033.96854,1007.472721,1033.96854,1562138
10-06-2016,1007.689514,1026.41797,1006.684073,1011.730918,1396832
13-06-2016,1004.240051,1006.74379,992.80583,1001.480067,1029978
14-06-2016,999.4494019,1008.951575,992.9042583,1008.951575,977570
15-06-2016,1008.123718,1011.297623,994.382901,997.5371687,1270844
16-06-2016,1008.695251,1011.218627,992.1944525,1003.668138,1145070
17-06-2016,1026.162231,1029.079891,1008.971433,1008.971433,1878988
20-06-2016,1048.517578,1051.947824,1021.903456,1026.161735,1872838
21-06-2016,1045.323853,1050.764981,1041.459857,1050.173556,1027690
22-06-2016,1051.810059,1055.772626,1037.655323,1044.850995,1761712
23-06-2016,1043.0177,1048.596772,1035.112298,1046.822497,1397014
24-06-2016,1014.866028,1022.455985,991.2878545,1011.396314,3766586
27-06-2016,984.0724487,1004.24001,978.8678299,1004.24001,4272566
28-06-2016,971.494812,986.8521351,969.3065193,984.0725134,4499524
29-06-2016,986.852417,990.6375782,972.0274109,975.8519427,2531264
30-06-2016,1006.644836,1010.508736,985.8463902,994.382586,5121812
01-07-2016,986.0432129,1011.178768,983.480372,1010.153593,2197296
04-07-2016,983.421875,995.9010054,978.6116356,992.0172745,1883484
05-07-2016,979.9124146,984.5452438,976.6989475,983.4214978,1559748
07-07-2016,958.0298462,982.495151,956.1372666,980.8588171,3316800
08-07-2016,956.7682495,962.8599095,947.6602634,960.080192,2456356
11-07-2016,971.5733643,974.5896899,956.925775,958.1086252,1543632
12-07-2016,971.888916,975.8514837,960.415326,974.5503292,1465536
13-07-2016,982.9882813,985.4130864,966.4874774,977.0345616,2102300
14-07-2016,994.3432617,997.1427123,974.2742753,980.1885263,2699988
15-07-2016,964.1608276,996.6694706,956.7482814,992.4111911,8336366
18-07-2016,959.4691772,973.4859751,958.345527,964.811738,2598850
19-07-2016,972.3816528,974.9839616,957.1229053,957.1229053,2362896
20-07-2016,983.7174072,986.6942663,965.2649238,965.9943866,2815252
21-07-2016,988.0943604,993.3974551,971.6921253,981.568948,2527148
22-07-2016,991.6625366,995.1716215,982.5545486,985.2750665,1517216
25-07-2016,1011.565918,1013.245965,990.5554915,993.0063637,1688796
26-07-2016,1009.055664,1015.143323,1001.307647,1011.565793,2311290
27-07-2016,1018.918396,1020.044957,1006.051199,1010.004249,1750510
28-07-2016,1035.402954,1039.474616,1018.721097,1020.08488,4632080
29-07-2016,1035.422363,1041.589063,1027.397653,1033.327228,2488084
01-08-2016,1070.584595,1077.205952,1040.442593,1040.442593,3961704
02-08-2016,1067.007446,1073.52998,1063.291617,1068.470056,2578162
03-08-2016,1050.048462,1066.927962,1047.182501,1061.788999,2294702
04-08-2016,1048.348999,1060.583671,1042.122944,1055.46449,1415416
05-08-2016,1047.202759,1061.117479,1040.443003,1057.006248,1868484
08-08-2016,1047.360596,1054.673738,1039.276628,1043.605198,2058244
09-08-2016,1047.637817,1051.432786,1019.432849,1050.721217,2261914
10-08-2016,1057.599243,1060.208295,1046.767922,1047.953837,2062078
11-08-2016,1071.237427,1073.253522,1053.705701,1053.705701,2233138
12-08-2016,1082.523193,1085.033419,1068.134127,1069.300258,2327358
16-08-2016,1064.04248,1083.135732,1056.986344,1082.345122,3183754
17-08-2016,1037.498291,1066.928744,1034.909023,1066.928744,1848566
18-08-2016,1043.032104,1050.5429,1039.691796,1041.628752,1292064
19-08-2016,1029.176392,1046.154719,1027.792824,1043.605022,2416244
22-08-2016,1007.513611,1025.598811,1002.611869,1023.049113,2265274
23-08-2016,1028.208252,1029.749903,1004.1539,1006.031599,1503374
24-08-2016,1016.744629,1028.583999,1015.558713,1023.761295,1116878
25-08-2016,1008.44342,1023.721929,998.5410052,1019.887487,1939690
26-08-2016,998.1251831,1016.941737,995.0615698,1011.901599,1250314
29-08-2016,988.4803467,1002.078806,975.1190128,1002.078806,1488728
30-08-2016,1005.71521,1007.948741,988.7566635,992.2155824,1444026
31-08-2016,992.7297363,1008.028025,988.5988173,1008.028025,3231668
01-09-2016,991.227417,1002.078521,983.143448,998.1056863,1345736
02-09-2016,994.1131592,995.9315045,986.7011895,993.0062857,1742330
06-09-2016,981.9573364,996.227788,980.356332,996.1289618,2239066
07-09-2016,964.7614136,988.1436603,957.8237931,988.1436603,3854040
08-09-2016,917.9378662,932.9198885,903.1731845,932.9198885,7021516
09-09-2016,929.9354858,935.5487991,917.1276389,920.9422946,2742438
12-09-2016,932.5442505,934.4812063,918.6887914,923.8277562,2024454
14-09-2016,920.4480591,939.8773609,913.1546999,933.7105633,2069858
15-09-2016,919.8549805,925.8439093,915.8228886,924.9939456,2818964
16-09-2016,933.59198,939.2448619,917.1077776,923.7093531,4358004
19-09-2016,953.2583618,959.4053748,928.9668853,934.8964612,2802546
20-09-2016,951.3017578,955.4128924,942.9607813,953.0806308,1184552
21-09-2016,954.0291748,958.219447,949.0088199,951.7759553,1678020
22-09-2016,940.0355835,959.8008397,937.3080167,958.7137506,2857574
23-09-2016,947.9810791,950.2540831,937.3275308,941.6166292,1800726
26-09-2016,949.1669312,956.2824216,946.7555319,949.1669312,1753476
27-09-2016,963.0027466,967.7068384,949.1670687,949.1670687,2038792
28-09-2016,957.8443604,963.5565016,954.7411757,960.9870176,1731328
29-09-2016,963.6746826,971.0668678,956.4801499,962.5678092,3603958
30-09-2016,960.9072876,968.4180816,957.8634588,963.3779435,2175364
03-10-2016,953.3573608,971.5216122,949.1671844,968.4975666,1818880
04-10-2016,950.7678833,958.6345115,947.9414909,956.6382018,1780718
05-10-2016,943.3363037,954.8198389,939.2844267,951.89462,1176354
06-10-2016,944.2850342,949.6809101,937.9601527,946.755691,2267572
07-10-2016,936.003479,943.9886231,932.2085113,943.9886231,1816512
10-10-2016,940.9445801,943.5535354,930.9631281,936.8333499,1202142
13-10-2016,920.6260986,936.8336093,917.4636575,934.2246533,5173334
14-10-2016,935.3710327,943.5933992,905.6441045,915.1314282,7741214
17-10-2016,933.8883667,939.1657276,926.7530915,936.4380649,2728346
18-10-2016,948.8109741,954.9382012,930.864167,939.2446131,2128632
19-10-2016,946.7950439,952.6850498,936.9914606,949.1273048,1985058
20-10-2016,949.1865845,952.4281628,943.1977522,947.5065382,1265854
21-10-2016,960.0575562,961.3422975,948.0403214,948.7321052,1259660
24-10-2016,962.2574463,965.1112613,952.2888829,962.4556292,1253190
25-10-2016,950.6635742,957.0649402,943.7470101,953.2597897,1772466
26-10-2016,949.7919922,952.3683711,940.3783,950.723491,1437130
27-10-2016,958.4523315,962.9708637,937.6034485,943.2318244,2941602
28-10-2016,950.7625732,957.2630301,946.5214788,955.2415259,1752102
01-11-2016,931.4598999,951.1592665,925.1774614,951.1592665,2934776
02-11-2016,913.2467041,929.0814996,909.659574,927.8924021,2325076
03-11-2016,919.350769,925.5142775,905.4978017,909.2632773,1463310
04-11-2016,923.7505493,925.9701403,909.2633566,919.5688698,1183752
07-11-2016,902.545166,929.4385395,895.8069444,926.6639776,2048052
08-11-2016,904.982605,914.4161328,895.7869354,903.8925988,1933634
09-11-2016,860.0541382,901.7319521,849.3522645,864.0772113,4500226
10-11-2016,854.3465576,878.9410724,848.5398379,873.9072466,2172426
11-11-2016,832.8241577,851.0174103,826.898507,851.0174103,2398424
15-11-2016,840.8109741,855.1792375,813.3031235,839.0669062,6290324
16-11-2016,867.8827515,875.5325354,847.4302338,850.2444702,4019958
17-11-2016,847.1132813,875.4138679,844.318882,866.0595928,2504688
18-11-2016,842.3170776,852.1865483,834.0329736,849.0156216,2140534
21-11-2016,845.4086914,848.2229277,834.3501228,842.7530595,1793366
22-11-2016,846.2410889,863.0667998,841.1081705,845.0519913,1318860
23-11-2016,854.7036743,857.3196313,843.1495499,851.7903462,1275808
24-11-2016,867.4266357,875.0170982,847.0336366,854.128545,3026234
25-11-2016,911.7801514,914.5150368,868.9131299,876.7611925,4276148
28-11-2016,904.7446899,919.3507128,892.5761814,909.2632217,1924296
29-11-2016,895.727478,908.4706024,892.8339877,901.7323824,1442296
30-11-2016,902.1484985,909.5605205,888.7711513,897.7686366,3445832
01-12-2016,897.1544189,907.6779534,893.428618,902.5251965,1123052
02-12-2016,880.6654663,900.0675545,874.0659171,894.9940525,1998032
05-12-2016,866.4556885,887.0072951,860.1138353,883.4994189,2249526
06-12-2016,865.0091553,873.5706006,860.0743224,868.0413157,1593444
07-12-2016,853.9900513,865.8413513,850.4623372,864.9495282,2065706
08-12-2016,870.3203125,871.6085015,856.1502334,856.3484163,3239546
09-12-2016,870.1222534,879.8926343,861.4220412,873.986821,1588718
12-12-2016,875.2549438,878.9808404,857.339229,869.9436808,1311758
13-12-2016,872.1239014,879.1395584,865.266752,879.1395584,2147534
14-12-2016,875.0174561,881.7952553,867.6450111,877.5541593,1870366
15-12-2016,895.5094604,900.5829631,872.797676,872.797676,4295410
16-12-2016,904.7642212,907.6775481,892.6156499,902.5247935,1987230
19-12-2016,907.2417603,910.7297991,896.3021208,903.7141429,1334210
20-12-2016,927.2185669,929.4778327,906.5084531,908.4704446,2922760
21-12-2016,917.0319824,929.0022106,913.8610559,929.0022106,2034902
22-12-2016,914.6935425,921.5506917,906.1716759,914.0197398,1868300
23-12-2016,906.9249268,918.6771379,903.2387042,911.6416426,1118954
26-12-2016,908.9066162,912.2757261,898.1650624,898.1650624,897408
27-12-2016,920.9164429,923.5324964,904.3087513,904.3087513,1294692
28-12-2016,916.9526978,931.4200509,912.8899479,922.2243828,1350418
29-12-2016,932.1338501,935.3840318,912.8308463,912.8308463,1963516
30-12-2016,937.6234131,942.7960076,929.7356733,933.402058,1405748
02-01-2017,935.9586792,941.4087105,932.4111269,938.0396002,823132
03-01-2017,938.6937256,940.0611689,928.8044138,935.9191637,1475324
04-01-2017,943.1525269,946.8585862,934.7495903,939.2681222,1420066
05-01-2017,925.2762451,947.2943837,919.7271242,944.9360267,2216404
06-01-2017,904.2689209,923.2747389,894.6373091,919.9650457,3009896
09-01-2017,913.1080933,916.1205128,894.5978253,901.7324114,1854578
10-01-2017,917.725708,923.4531752,908.2723438,913.2269169,1533914
11-01-2017,921.3129272,923.3741075,903.7935725,917.5871262,1931296
12-01-2017,929.220459,935.4235468,913.2270558,921.3128817,2570374
13-01-2017,891.5458374,934.6109537,887.0074672,930.6671323,10235580
16-01-2017,895.2120361,901.2961934,883.1030411,891.823089,3364808
17-01-2017,903.2185669,906.8056967,892.9328937,893.7652039,3009956
18-01-2017,909.6991577,910.8485798,897.9468541,902.921264,3136574
19-01-2017,908.0741577,909.7190373,904.8833933,909.6596211,2251676
20-01-2017,905.8345947,911.6413148,897.7685122,906.4885596,2037246
23-01-2017,916.9049683,919.6079633,898.2624251,900.329387,2318546
24-01-2017,921.5357056,923.3840248,910.2666452,915.8315941,2282638
25-01-2017,935.3091431,938.0916182,921.4166616,923.2252899,4111648
27-01-2017,937.217041,945.5445713,932.1489619,932.1489619,2871658
30-01-2017,927.319397,934.8917235,921.4563245,930.5391569,2577956
31-01-2017,886.3375244,926.9815328,874.5120061,922.1916816,4666804
01-02-2017,861.7323608,890.3719943,856.8233388,882.441961,4864152
02-02-2017,877.532959,882.0445823,855.8098178,862.5871514,6009482
03-02-2017,887.430481,891.5842983,870.9144885,878.3476507,2153372
06-02-2017,890.6899414,897.7455016,880.4345162,897.5467534,2408910
07-02-2017,892.22052,895.4004914,884.8270476,891.9819833,1814638
08-02-2017,902.694519,907.3254108,892.0019036,892.3397174,2212584
09-02-2017,921.1185303,925.3717228,902.3964089,904.3044113,4033202
10-02-2017,953.1765137,963.7101687,918.6142196,918.6142196,5782160
13-02-2017,959.6555786,965.5186499,946.9754837,952.4012701,3819812
14-02-2017,956.4755249,961.8019368,953.1961802,961.8019368,2033328
15-02-2017,959.4370117,965.1212295,944.0937094,952.7988415,1924972
16-02-2017,972.972168,984.9964385,968.1426238,977.8415006,4175680
17-02-2017,957.1314697,984.0420516,954.78628,982.6110258,2723324
20-02-2017,994.6156616,1015.603495,957.2113015,963.9289531,3973948
21-02-2017,979.9676514,1004.035977,975.913111,999.3058097,5501112
22-02-2017,958.5625,981.8160377,954.0508774,980.1862638,4505496
23-02-2017,986.5067139,991.0580288,959.9539315,959.9539315,4853352
27-02-2017,989.706543,994.5360859,981.8360941,985.4334563,2139892
28-02-2017,980.3259277,989.7664714,973.8666084,989.5677231,2354828
01-03-2017,985.6121826,994.4961686,981.8160727,985.7512481,1130374
02-03-2017,994.3175049,997.716119,981.8361548,988.4544321,1544942
03-03-2017,991.3759155,993.6217314,983.9625494,990.5610285,1013970
06-03-2017,982.8099976,987.3812068,975.6749555,985.791221,1400694
07-03-2017,993.661377,995.7283385,983.8233425,986.9436305,1511672
08-03-2017,998.5906982,1001.69119,990.6407682,994.5362533,1791510
09-03-2017,1001.591614,1003.280974,995.3509393,999.365595,858468
10-03-2017,1010.5354,1013.437144,999.2862309,1001.532144,1171420
14-03-2017,1020.572144,1028.38291,1014.033346,1016.318951,3402294
15-03-2017,993.0654907,1022.420548,991.2966508,1022.360962,3022496
16-03-2017,1002.04895,1004.473718,996.1262908,996.1262908,1571818
17-03-2017,1003.976685,1012.025988,997.6167412,1012.025988,2593152
20-03-2017,985.7911377,1004.056079,980.2261877,1004.056079,3487540
21-03-2017,988.4542847,990.561035,979.8286321,986.586071,3373700
22-03-2017,985.3739624,992.1512974,981.7964938,985.8509388,1888716
23-03-2017,977.9804688,987.798612,972.753332,986.5862284,2620638
24-03-2017,964.8035278,981.7369183,963.2533302,981.7369183,5099814
27-03-2017,958.78125,969.8912554,956.3763773,964.7039078,2181270
28-03-2017,965.8961792,971.2424854,957.9661469,957.9661469,1153158
29-03-2017,971.7198486,974.1843072,964.1674162,968.3013404,1717764
30-03-2017,970.2889404,979.8288563,967.9039615,971.8391379,2986086
31-03-2017,966.6318359,970.229198,959.9538765,969.2552541,1867044
03-04-2017,958.6420288,967.9037141,957.2507914,967.9037141,1196888
05-04-2017,954.4882813,961.9015507,952.0039286,961.9015507,2905568
06-04-2017,954.0114136,957.966484,951.0301901,953.9915193,1720704
07-04-2017,965.5386353,967.2081007,950.8709601,951.9640752,2277012
10-04-2017,962.8356323,973.4686608,955.9788196,966.7112221,2543264
11-04-2017,961.6630859,971.1235199,956.3763643,960.8680931,1557784
12-04-2017,951.3081665,965.1211651,947.2338288,962.9349351,1050538
13-04-2017,925.6298218,957.5686918,922.6089078,953.9912247,2500472
17-04-2017,920.1447754,927.3195093,912.314017,926.3257681,2270882
18-04-2017,917.7398682,927.8362397,915.056767,926.1667739,1730620
19-04-2017,913.9038696,933.599837,895.4799685,899.7331609,5626812
20-04-2017,924.3780518,926.9617788,910.6445292,916.3486424,1268842
21-04-2017,918.534668,928.4123949,914.639184,925.8088712,1161154
24-04-2017,925.411499,930.0025053,907.2856226,914.2418103,2000020
25-04-2017,918.8128662,931.9103523,915.3148787,925.3715564,3148710
26-04-2017,918.3557739,931.7115937,915.454031,930.1415024,2187438
27-04-2017,915.295105,925.2921983,905.3576943,916.6466511,5773186
28-04-2017,903.5689087,913.7448554,901.521841,911.8567475,2540510
02-05-2017,910.2269897,915.0367351,906.2918141,911.8567638,2382696
03-05-2017,929.0685425,932.129246,901.7207652,912.254422,3514406
04-05-2017,926.2067871,934.11693,917.7400908,934.0970357,2708208
05-05-2017,922.390564,927.1605216,915.2356275,917.4218581,1682474
08-05-2017,931.1153564,933.0829441,921.2773212,922.5890787,1071782
09-05-2017,935.1303101,938.4891357,927.1803809,931.7118017,1790270
10-05-2017,927.1403198,936.5609637,920.6015244,936.1038817,1206388
11-05-2017,933.8979492,938.0915559,923.2848142,933.0433707,2071302
12-05-2017,938.3499756,942.0268178,922.2116776,931.4534703,2314446
15-05-2017,940.1188354,945.2266063,930.7776694,944.0937997,1817604
16-05-2017,965.578064,967.9034561,943.4375403,946.0411603,3601026
17-05-2017,975.993042,978.1394842,963.1339918,967.3077049,2876198
18-05-2017,1008.130798,1022.361195,970.7860144,973.8666128,5138594
19-05-2017,996.5828857,1009.859321,988.1758772,1008.130174,1786044
22-05-2017,1006.202637,1015.106518,997.716049,997.716049,1663940
23-05-2017,1002.36676,1019.240465,999.3060571,1006.937969,2748596
24-05-2017,1017.253052,1021.565927,1005.526906,1007.574071,2534548
25-05-2017,1043.269165,1048.416724,1020.770828,1024.348296,4094094
26-05-2017,1024.844971,1044.163332,1019.438981,1043.427925,1362550
29-05-2017,1022.698425,1032.099174,1019.180544,1025.142989,1749290
30-05-2017,1014.052979,1023.930705,1003.678285,1017.590657,927634
31-05-2017,1012.264221,1022.559338,1004.87075,1006.858232,2502730
01-06-2017,1015.04718,1019.181105,1005.666223,1005.666223,1080064
02-06-2017,1019.539001,1030.251613,1014.610082,1016.100695,1355648
05-06-2017,1035.060547,1041.400594,1017.650188,1019.578084,1500188
06-06-2017,1071.650269,1076.797827,1045.415507,1045.813003,5946720
07-06-2017,1039.55249,1073.240311,1024.169399,1072.047822,4927776
08-06-2017,1002.327026,1035.458295,999.9022594,1032.695714,3330714
09-06-2017,996.5236206,1012.582439,988.176195,1001.691075,3148034
12-06-2017,988.6533813,998.8690231,981.97542,992.5488669,1626506
13-06-2017,985.3773804,997.2547433,983.5485312,990.7834612,1175414
14-06-2017,992.8735962,995.2048712,986.764119,986.764119,1489142
15-06-2017,969.1590576,992.6725804,966.6670458,992.3912416,2997198
16-06-2017,964.536499,978.7250168,959.2309046,970.666091,2450426
19-06-2017,977.3986816,983.2871688,966.7271419,971.4499427,1644742
20-06-2017,982.7445679,984.3523299,956.7390359,977.1174006,1670958
21-06-2017,967.1897583,981.599271,963.5320593,980.7351379,1657818
22-06-2017,962.5875244,977.1176384,958.6283701,968.2749449,5775882
23-06-2017,949.2627563,970.2641452,946.1678345,964.4158919,1424756
27-06-2017,941.6866455,958.507802,937.1648134,944.8016854,1974330
28-06-2017,944.5802002,947.7756072,938.5309766,944.5198502,1789726
29-06-2017,937.828125,953.4234436,933.7484662,948.1780979,2471826
30-06-2017,949.524292,955.4126818,933.7481255,934.2705697,1753848
03-07-2017,954.0462646,957.8445838,941.7870761,947.5347483,1475956
04-07-2017,951.3328857,956.7992175,944.5802659,953.9253823,1215134
05-07-2017,946.9721069,950.5895725,942.5507601,948.9014415,815856
06-07-2017,943.5754395,949.3432267,940.5810024,948.1776385,1026788
07-07-2017,937.3052368,947.1527802,934.7127399,944.5602833,1232090
10-07-2017,978.7051392,982.7044281,956.196468,967.0689797,783608
11-07-2017,995.1240845,1010.79976,975.1074325,975.1074325,3537504
12-07-2017,980.513916,998.1390495,976.7558305,997.8174774,2646450
13-07-2017,983.307251,993.5969676,975.3489072,982.7445735,3131960
14-07-2017,963.6325684,974.7060526,954.6090206,957.8245457,4508432
17-07-2017,962.8284912,973.540266,957.5027788,963.7328575,2211822
18-07-2017,968.0133057,981.9405028,963.1095538,963.1095538,1908002
19-07-2017,984.5935059,988.7736479,970.7265584,970.8872953,3915576
20-07-2017,982.6239014,987.5275557,976.916366,984.4527502,1182504
21-07-2017,1001.314026,1004.851121,978.5441387,978.684759,2148416
24-07-2017,1020.057129,1023.805729,1000.427488,1000.427488,2271402
25-07-2017,1036.502808,1039.92893,1015.09958,1018.062207,2678832
26-07-2017,1030.255005,1037.913395,1026.627346,1031.867298,1459826
27-07-2017,1000.306763,1041.86365,994.1800696,1024.692692,4255304
28-07-2017,1001.354492,1004.881382,984.3044809,1000.024331,1382752
31-07-2017,1004.377625,1015.341194,992.7690989,995.9936839,2019662
01-08-2017,1008.348083,1016.046821,1004.055393,1007.683052,1747460
02-08-2017,997.1220703,1010.907148,992.3657889,1007.682564,1251024
03-08-2017,1003.430298,1008.488885,994.1596167,999.6212768,1882548
04-08-2017,1016.873352,1019.090255,1002.846381,1003.975006,1387890
07-08-2017,1009.073364,1015.744244,1000.104988,1014.333488,1885520
08-08-2017,1008.912292,1019.210831,1006.191549,1012.519778,1073958
09-08-2017,1012.519714,1016.893097,1004.982266,1007.682837,992946
10-08-2017,1012.298035,1015.986213,1002.180958,1011.310525,1526172
11-08-2017,1006.090759,1021.790439,1000.830635,1007.642532,1394736
14-08-2017,995.3486328,1011.673093,992.7690044,1008.891928,786504
16-08-2017,1004.598938,1025.337022,993.655448,1001.233239,1373340
17-08-2017,1001.898438,1009.69794,992.4061464,1007.964706,1752374
18-08-2017,1013.245239,1027.79612,996.1548797,997.2029092,2837356
21-08-2017,1019.291443,1027.433501,1005.385419,1009.899818,2304834
22-08-2017,1006.695068,1023.603962,1004.457993,1016.953257,1131326
23-08-2017,1003.430298,1014.454386,996.8601867,1009.698104,1562272
24-08-2017,1006.312622,1014.918176,1002.100428,1006.755944,1623908
28-08-2017,1002.563782,1009.859346,991.9629391,1009.536966,2036796
29-08-2017,995.9330444,1006.070292,993.1517815,1000.427269,1312602
30-08-2017,1001.4552,1003.651929,991.6000835,1000.024271,970782
31-08-2017,1006.211914,1009.456575,994.2405602,1001.636993,1784664
01-09-2017,990.1289063,1006.896787,982.1077908,999.6212975,1702330
04-09-2017,990.0281982,991.9629689,982.692287,988.7787306,1062544
05-09-2017,1001.374756,1003.65208,982.3093774,991.5598859,1165994
06-09-2017,988.8189087,997.5455003,987.5290945,994.8448319,1228764
07-09-2017,991.6002808,994.9457091,987.9524491,990.7537878,870636
08-09-2017,995.8320923,997.202501,988.5566057,989.0402736,1021134
11-09-2017,989.3228149,1000.810399,987.5291592,996.0742898,732764
12-09-2017,1003.027466,1006.473761,990.3508336,997.1627312,1396460
13-09-2017,1003.32959,1020.440024,997.6865662,1007.682799,1278980
14-09-2017,1002.422852,1006.71564,996.3565804,1000.427659,1081510
15-09-2017,1010.12146,1014.535091,1001.636751,1007.279775,2944072
18-09-2017,1007.300049,1015.321166,1003.349912,1009.678141,726600
19-09-2017,1006.977722,1009.698467,1004.256978,1009.698467,782754
20-09-2017,1005.082947,1013.325772,997.3237896,1013.325772,1334642
21-09-2017,1017.719238,1024.208755,999.6212953,1004.075273,2438740
22-09-2017,1009.13385,1018.525375,1004.458163,1015.703863,2435396
25-09-2017,1012.015869,1021.387319,1004.760553,1006.29225,1599558
26-09-2017,997.4647827,1018.323815,993.9782398,1011.713456,1449230
27-09-2017,1005.667297,1012.600134,997.1019947,1003.651932,2010356
28-09-2017,998.1902466,1013.325659,988.3351301,1005.54633,4332866
29-09-2017,981.8658447,1001.233526,976.0414584,999.2181604,1985014
03-10-2017,986.9044189,989.2624362,978.278693,983.4984706,1923006
04-10-2017,984.425415,989.1413505,977.452231,987.3678682,1300778
05-10-2017,979.3063965,984.8888996,977.2103377,983.9013902,1684686
06-10-2017,986.178894,989.5445942,978.6817924,979.4677654,1389188
09-10-2017,989.1817627,994.7642662,983.9216389,983.9216389,1773616
10-10-2017,991.2573853,995.5702472,988.0328009,989.5443248,1222010
11-10-2017,1007.823792,1013.507063,990.2497663,991.5597537,1527746
12-10-2017,1027.111084,1029.852001,1010.504488,1012.922927,5006356
13-10-2017,1031.302368,1051.59703,1016.952933,1027.110351,4066320
16-10-2017,1041.702393,1043.959642,1029.872253,1029.872253,1218590
17-10-2017,1045.793579,1054.016233,1038.941335,1041.94421,1443016
18-10-2017,1042.588623,1053.491669,1039.928302,1045.974397,1514144
19-10-2017,1041.500366,1046.296994,1036.300763,1044.765297,86822
23-10-2017,1043.112793,1059.679136,1026.808506,1041.540847,1886088
24-10-2017,1039.283813,1056.414423,1035.515138,1056.051697,1339020
25-10-2017,1034.635498,1056.50115,1032.655103,1042.153105,1105106
26-10-2017,1026.128052,1038.374336,1017.660603,1024.612413,3007552
27-10-2017,1044.497314,1048.074162,1022.672118,1025.78421,1409270
30-10-2017,1057.390747,1058.926615,1043.446866,1045.184819,1137252
31-10-2017,1060.542969,1067.009694,1051.368322,1051.368322,1592634
01-11-2017,1051.995239,1061.695331,1042.295147,1060.543406,741882
02-11-2017,1061.411987,1080.751579,1053.571122,1054.27842,1468422
03-11-2017,1058.966919,1065.676088,1051.974751,1063.938136,666886
06-11-2017,1077.336426,1079.862491,1055.592039,1058.926444,1377000
07-11-2017,1095.321899,1118.743552,1077.538404,1079.134857,2696892
08-11-2017,1105.406128,1115.106218,1098.636273,1100.556083,1402252
09-11-2017,1105.972046,1111.468804,1099.06079,1111.468804,1152432
10-11-2017,1094.796509,1101.768448,1088.572324,1100.232581,1356566
13-11-2017,1115.08606,1122.542985,1092.0888,1092.0888,1496996
14-11-2017,1097.160767,1114.115691,1094.291118,1114.115691,1657252
15-11-2017,1093.402222,1113.489471,1091.805768,1093.685121,6670834
16-11-2017,1110.114746,1116.722973,1085.98579,1095.301938,1653482
17-11-2017,1094.210815,1110.700992,1092.715404,1110.700992,1325464
20-11-2017,1092.654419,1102.132195,1089.36047,1097.322607,1014498
21-11-2017,1080.327515,1091.664517,1077.518549,1091.664517,1527740
22-11-2017,1083.439453,1095.180624,1080.105047,1080.347589,1822624
23-11-2017,1083.682129,1088.431132,1078.73104,1083.581086,793470
24-11-2017,1086.43042,1092.432292,1080.388091,1083.985169,2287512
27-11-2017,1085.541382,1089.603216,1075.98269,1086.410309,1856786
28-11-2017,1085.318481,1092.229734,1079.134656,1085.601381,911716
29-11-2017,1074.345459,1088.430836,1071.05151,1082.166195,1447532
30-11-2017,1065.797363,1077.902247,1060.138978,1072.526761,4299962
01-12-2017,1062.947876,1078.326579,1059.532656,1064.988956,1031144
04-12-2017,1063.917725,1074.486738,1052.035059,1059.734523,1259104
05-12-2017,1065.211304,1071.738616,1062.220384,1063.372309,1167914
06-12-2017,1064.301758,1069.030531,1056.036494,1065.392998,1407518
07-12-2017,1057.814941,1069.414612,1056.905558,1063.897725,1326300
08-12-2017,1051.449341,1069.030754,1049.630574,1058.118153,1385548
11-12-2017,1075.53772,1080.205808,1054.217735,1054.217735,1008002
12-12-2017,1055.753418,1075.901347,1053.833609,1075.497177,1882246
13-12-2017,1062.321167,1071.637312,1051.24694,1055.450272,2961458
14-12-2017,1033.786743,1063.776158,1022.995417,1063.776158,5504150
15-12-2017,1028.856079,1044.558038,1025.319589,1036.191731,2718138
18-12-2017,1042.96167,1046.37689,1008.142431,1025.380258,2180664
19-12-2017,1040.860229,1049.954065,1036.575983,1041.143129,1801952
20-12-2017,1046.377197,1047.913065,1030.897447,1043.568232,1577570
21-12-2017,1049.104736,1054.07605,1042.779511,1045.588475,1293648
22-12-2017,1069.738159,1076.669643,1046.8823,1052.459872,3665664
26-12-2017,1070.829224,1087.11731,1063.614841,1085.601671,2175786
27-12-2017,1058.885742,1074.486755,1055.086581,1070.828994,739284
28-12-2017,1061.735474,1072.466218,1053.126624,1054.39982,2605088
29-12-2017,1091.745117,1094.85721,1058.340471,1060.179467,2609542
01-01-2018,1069.273193,1089.158356,1064.988948,1084.106227,1351760
02-01-2018,1063.453125,1078.973327,1059.007251,1075.093252,1920290
03-01-2018,1066.464478,1078.731092,1063.453427,1063.776783,1257120
04-01-2018,1073.921509,1075.901905,1067.010154,1071.051859,913082
05-01-2018,1086.895142,1091.058117,1071.05168,1071.05168,1153706
08-01-2018,1097.080078,1102.112078,1083.924411,1091.260064,1242220
09-01-2018,1094.897705,1099.74775,1081.782394,1097.322728,2149396
10-01-2018,1134.344727,1138.143889,1089.09777,1095.705995,3365850
11-01-2018,1127.83728,1140.528189,1124.482647,1135.718602,2520744
12-01-2018,1122.118408,1133.697849,1107.64909,1133.697849,3360314
15-01-2018,1109.892578,1134.910691,1105.426475,1122.441992,1457214
16-01-2018,1152.229248,1156.59421,1111.690936,1113.893645,4267752
17-01-2018,1167.627686,1182.198044,1156.795903,1159.968679,4280806
18-01-2018,1179.449829,1185.43157,1159.180727,1170.881438,2209478
19-01-2018,1196.061768,1205.236418,1173.56962,1184.441866,1820000
22-01-2018,1262.542603,1269.956475,1183.78565,1199.585664,4367110
23-01-2018,1256.709106,1273.056087,1251.867839,1261.955503,3239610
24-01-2018,1286.121582,1320.33468,1248.86992,1251.847655,5621538
25-01-2018,1264.426636,1288.227941,1248.201216,1286.283304,3833844
29-01-2018,1295.945923,1306.539998,1264.811744,1268.619914,3141060
30-01-2018,1277.310547,1297.951842,1273.603559,1288.309756,1574758
31-01-2018,1260.902344,1276.1554,1255.331824,1270.888727,3043214
01-02-2018,1271.536987,1292.360563,1251.361558,1265.622069,2400630
02-02-2018,1277.633911,1292.360377,1257.296473,1264.001372,2456490
05-02-2018,1257.195679,1291.550621,1246.520594,1259.950574,2757742
06-02-2018,1214.271851,1246.64159,1209.309025,1219.437241,2657306
07-02-2018,1197.175537,1227.945041,1194.09652,1226.324526,2180324
08-02-2018,1204.933716,1226.567647,1198.77578,1207.1822,2755004
09-02-2018,1203.921021,1212.955411,1173.51609,1195.129747,2102458
12-02-2018,1202.13855,1224.846036,1197.378287,1206.594966,1974562
14-02-2018,1179.653564,1205.034834,1171.834562,1203.232031,2847532
15-02-2018,1185.345703,1192.29362,1176.939284,1187.816929,2465236
16-02-2018,1188.262695,1215.224029,1184.191132,1184.191132,2515756
19-02-2018,1184.434204,1196.466506,1172.928491,1193.103918,1568224
20-02-2018,1193.002563,1209.329267,1186.176106,1186.216659,1889068
21-02-2018,1232.522949,1240.747081,1199.201117,1204.852642,3089228
22-02-2018,1235.723267,1247.39099,1224.501224,1236.452518,3463010
23-02-2018,1246.094849,1251.442528,1212.185597,1235.642509,3362500
26-02-2018,1228.228394,1251.827135,1223.974543,1245.770482,1363882
27-02-2018,1232.543335,1247.208974,1228.350213,1231.996372,1717800
28-02-2018,1229.585815,1241.293995,1224.076026,1229.565539,2706864
01-03-2018,1230.659302,1240.179825,1223.488544,1235.237275,1718124
05-03-2018,1258.268921,1261.428845,1228.734981,1235.237316,2858168
06-03-2018,1232.72583,1266.837652,1227.600892,1264.812009,1906764
07-03-2018,1226.506836,1251.442527,1222.880954,1243.745082,1917772
08-03-2018,1216.98645,1237.62774,1210.322102,1237.62774,1951826
09-03-2018,1229.200928,1240.990113,1206.149047,1217.411644,1872436
12-03-2018,1236.513428,1249.376263,1229.768075,1232.80654,2091340
13-03-2018,1169.525391,1190.956656,1163.529467,1184.960733,88067154
14-03-2018,1169.565674,1184.211132,1164.764959,1172.016722,3668668
15-03-2018,1162.597778,1175.906295,1156.885523,1172.847554,2348906
16-03-2018,1144.772095,1163.529572,1136.385951,1162.23318,7197482
19-03-2018,1146.919189,1153.806376,1142.462774,1146.108932,3489940
20-03-2018,1160.633179,1164.015945,1142.057985,1142.463114,4024984
21-03-2018,1157.35144,1168.512756,1154.616822,1163.732218,3907678
22-03-2018,1147.061157,1165.129837,1143.496005,1158.647778,2326094
23-03-2018,1141.713379,1148.175261,1133.570352,1135.17059,3654122
26-03-2018,1141.247559,1145.460858,1126.885766,1142.057816,2964210
27-03-2018,1153.684937,1159.883425,1143.698554,1144.488535,2494574
28-03-2018,1154.272583,1164.745201,1144.488763,1148.904627,6865654
02-04-2018,1178.782593,1180.544942,1150.565421,1150.565421,1662988
03-04-2018,1179.431274,1186.986887,1171.673097,1171.673097,1937290
04-04-2018,1179.289307,1188.647821,1171.632412,1186.804465,2841820
05-04-2018,1198.35022,1200.699986,1183.117442,1185.62922,1809424
06-04-2018,1195.251343,1199.181072,1185.629535,1196.750299,1129018
09-04-2018,1184.555908,1200.599046,1180.950302,1190.956962,1235866
10-04-2018,1190.105835,1198.066573,1185.284745,1185.284745,1184532
11-04-2018,1221.118408,1225.514093,1193.34692,1195.372563,3124416
12-04-2018,1271.800171,1276.155304,1218.606757,1219.437291,6114360
13-04-2018,1277.492188,1312.940944,1268.90348,1276.155243,8179118
16-04-2018,1291.408203,1296.391305,1260.253852,1262.380777,6270274
17-04-2018,1282.880493,1294.365832,1275.020938,1291.408373,3301724
18-04-2018,1279.841797,1293.757905,1274.473843,1282.637145,2433066
19-04-2018,1292.826294,1303.379915,1282.536065,1288.268596,4820952
20-04-2018,1378.42981,1386.491928,1312.616687,1316.667973,18465662
23-04-2018,1380.941772,1441.407225,1373.203874,1387.160537,15185910
24-04-2018,1371.623779,1394.918677,1354.142518,1381.488702,8314336
25-04-2018,1405.897827,1411.063218,1363.278309,1371.360607,8196574
26-04-2018,1433.851807,1442.258227,1404.581257,1404.581257,12135034
27-04-2018,1398.483887,1435.776,1385.540046,1428.078556,4501330
30-04-2018,1430.954956,1437.801591,1392.670298,1398.483835,3458558
02-05-2018,1417.849121,1430.995527,1406.32323,1430.306828,3158046
03-05-2018,1410.596802,1428.483187,1405.958001,1421.920124,3761550
04-05-2018,1410.151611,1416.734952,1405.796478,1414.709309,2347244
07-05-2018,1385.925415,1413.89958,1381.853851,1413.89958,3484426
08-05-2018,1394.128784,1412.481133,1376.100558,1391.495448,2992820
09-05-2018,1413.615601,1415.823532,1393.723742,1393.723742,2615050
10-05-2018,1398.200317,1422.467485,1393.723626,1419.14545,3858678
11-05-2018,1400.509521,1411.8734,1394.655432,1399.395418,2627876
14-05-2018,1391.030029,1406.202083,1381.813349,1400.53028,2433894
15-05-2018,1410.819702,1416.248484,1391.08996,1397.693576,1952890
16-05-2018,1415.478882,1421.596364,1407.923272,1409.827357,1648450
17-05-2018,1414.628418,1431.38043,1408.227365,1423.19685,2968048
18-05-2018,1418.780518,1425.12074,1400.934584,1410.171536,1874996
21-05-2018,1440.941162,1455.221945,1425.262705,1429.577285,3446178
22-05-2018,1421.55603,1448.3148,1415.398094,1441.447889,1857416
23-05-2018,1415.965332,1436.181214,1410.252978,1428.07864,1507298
24-05-2018,1459.962036,1464.540009,1418.902308,1422.001503,2962316
25-05-2018,1452.710449,1488.766902,1447.342494,1468.591474,3769772
28-05-2018,1418.780518,1465.147462,1412.278184,1465.147462,3716798
29-05-2018,1427.470581,1435.775717,1413.088516,1430.063364,3525312
30-05-2018,1423.662964,1431.319858,1410.860856,1421.617044,3779106
31-05-2018,1422.437378,1437.143373,1410.223172,1416.67749,5049371
01-06-2018,1415.410645,1435.87652,1402.216183,1433.017022,1603856
04-06-2018,1425.051758,1428.932506,1399.193697,1425.664508,1681483
05-06-2018,1406.546631,1431.301761,1398.009024,1424.847444,2449568
06-06-2018,1409.936768,1417.412332,1401.317384,1407.690019,2236512
07-06-2018,1417.943604,1428.932208,1408.343859,1409.324218,2414762
08-06-2018,1427.379761,1435.713215,1417.494087,1417.494087,2582138
11-06-2018,1429.504028,1440.370162,1424.030171,1427.37985,2179378
12-06-2018,1455.076294,1458.344292,1432.200305,1435.468303,4608875
13-06-2018,1490.28894,1496.457327,1468.965271,1483.671264,5370983
14-06-2018,1460.427734,1496.988468,1457.527346,1495.109329,3819998
15-06-2018,1503.32019,1509.079978,1461.2855,1470.599316,9183574
18-06-2018,1494.292358,1526.114455,1488.695931,1526.114455,4674987
19-06-2018,1490.615845,1502.46234,1487.756346,1488.695916,3245034
20-06-2018,1488.940796,1500.256319,1485.795368,1496.743182,3107695
21-06-2018,1486.408081,1496.743145,1484.978332,1496.743145,2910659
22-06-2018,1478.605957,1492.658311,1470.231711,1492.658311,2949458
25-06-2018,1486.326782,1488.859461,1475.501536,1480.321854,2083217
26-06-2018,1513.083374,1520.436371,1487.756385,1489.390384,4679712
27-06-2018,1517.985474,1540.167036,1512.470726,1519.619473,4081208
28-06-2018,1505.485107,1528.606236,1492.086394,1523.704238,4888125
29-06-2018,1509.611328,1525.665394,1505.158719,1507.282899,3506276
02-07-2018,1512.552124,1517.821831,1504.177878,1513.083194,2650290
03-07-2018,1531.098389,1535.877817,1517.209393,1519.578613,3242233
04-07-2018,1524.643799,1535.877543,1517.290803,1535.877543,2700614
05-07-2018,1536.204346,1542.086703,1521.334894,1530.240209,2472571
06-07-2018,1562.879395,1569.456281,1537.307366,1538.287726,3713781
09-07-2018,1538.410278,1572.234082,1533.099781,1571.907263,6151747
10-07-2018,1531.956055,1551.400687,1528.402126,1550.665367,5303302
11-07-2018,1617.577515,1632.365187,1547.5198,1552.299227,22903802
12-07-2018,1610.592285,1626.564669,1601.727859,1620.927351,6921701
13-07-2018,1618.55835,1632.283987,1612.757671,1613.574671,4148185
16-07-2018,1625.175415,1630.731052,1615.575671,1625.829055,2582159
17-07-2018,1639.051758,1644.659462,1621.737379,1628.286545,3315492
18-07-2018,1637.496338,1646.869793,1631.602128,1641.384906,2013869
19-07-2018,1622.065063,1645.846668,1612.73248,1639.010994,1746318
20-07-2018,1634.508423,1637.291839,1624.193504,1624.930306,1934995
23-07-2018,1641.917114,1645.437232,1625.830703,1638.110391,2086201
24-07-2018,1636.473022,1649.571356,1624.316152,1649.571356,2038423
25-07-2018,1622.146484,1638.928722,1611.422245,1638.846877,1535492
26-07-2018,1608.393311,1625.01186,1600.534331,1616.78443,3503036
27-07-2018,1591.242798,1608.352515,1588.41851,1605.241621,2033977
30-07-2018,1591.938721,1600.207024,1581.255452,1590.628907,1579251
31-07-2018,1588.336426,1593.903257,1578.348988,1589.810028,2204803
01-08-2018,1618.053833,1622.188035,1596.196025,1596.318742,2425180
02-08-2018,1595.049683,1625.012102,1592.266267,1620.918873,1509287
03-08-2018,1620.468506,1622.597065,1601.680623,1601.680623,1505131
06-08-2018,1617.275635,1636.431865,1614.574064,1634.835546,1532249
07-08-2018,1610.56311,1620.223173,1604.955406,1619.445399,1353521
08-08-2018,1616.006592,1619.526808,1606.182844,1614.3693,1315062
09-08-2018,1616.293457,1621.573783,1609.457784,1620.918826,2060297
10-08-2018,1631.6427,1634.426116,1614.410268,1621.696135,2784105
13-08-2018,1637.414551,1640.770979,1629.105275,1635.490753,3559575
14-08-2018,1640.197632,1657.430064,1622.883255,1630.742234,3311765
16-08-2018,1644.250244,1653.705644,1633.198525,1637.537388,2152065
17-08-2018,1647.729492,1655.220122,1640.566341,1648.629983,1213731
20-08-2018,1645.437012,1656.939025,1640.320476,1656.939025,1587032
21-08-2018,1651.740601,1656.938981,1640.566066,1645.600758,1376866
23-08-2018,1666.026001,1668.400094,1653.910103,1655.956718,3046791
24-08-2018,1672.493286,1674.949223,1662.669537,1666.025965,1570533
27-08-2018,1678.960571,1685.591682,1665.944183,1672.493349,1532702
28-08-2018,1693.941895,1696.234143,1679.861226,1682.317164,1987983
29-08-2018,1696.234009,1699.999859,1674.621741,1696.643332,1525867
30-08-2018,1704.748291,1706.87685,1690.913254,1692.959869,2408020
31-08-2018,1701.473145,1712.606806,1697.871183,1704.665983,2504554
03-09-2018,1680.597778,1710.969616,1676.913872,1706.712698,1439711
04-09-2018,1718.255493,1723.044651,1683.913344,1686.246564,4420803
05-09-2018,1702.169067,1725.091147,1698.730795,1719.155966,1681106
06-09-2018,1698.935913,1704.011478,1686.656224,1698.690279,2238097
07-09-2018,1702.660522,1706.057823,1690.830931,1702.210227,1312182
10-09-2018,1703.397583,1713.753374,1698.076384,1706.385561,1530539
11-09-2018,1675.153931,1710.151038,1671.838375,1710.151038,3679745
12-09-2018,1673.270996,1693.696168,1670.037385,1680.147741,2307661
14-09-2018,1690.830688,1695.865479,1652.14978,1673.311751,3642038
17-09-2018,1697.994141,1700.982318,1681.948803,1694.59684,1033857
18-09-2018,1695.210693,1701.800832,1684.445582,1697.052646,1456507
19-09-2018,1701.064087,1710.151136,1692.01821,1696.152212,1301268
21-09-2018,1721.735107,1736.348017,1678.346873,1700.327596,4508530
24-09-2018,1799.751953,1809.616676,1717.641733,1731.435996,3032226
25-09-2018,1787.267334,1810.762427,1763.199229,1805.031907,2868778
26-09-2018,1753.662354,1800.202456,1747.891059,1790.378705,1970951
27-09-2018,1791.892822,1808.961466,1748.463625,1753.457245,3311802
28-09-2018,1787.67688,1792.834389,1767.333651,1783.010639,2904371
01-10-2018,1846.496338,1863.19663,1793.120679,1793.570774,3772208
03-10-2018,1770.608276,1846.046412,1764.673094,1842.198817,3902322
04-10-2018,1690.34021,1765.532721,1683.422692,1765.491949,4762419
05-10-2018,1721.325317,1735.5289,1654.401131,1678.223701,3417624
08-10-2018,1700.77771,1737.330167,1676.709402,1721.325601,2010154
09-10-2018,1712.443481,1725.418899,1680.843671,1703.070026,1867130
10-10-2018,1672.984741,1724.027293,1661.032531,1719.15639,2749573
11-10-2018,1620.877808,1647.934093,1588.991592,1625.012009,4700256
12-10-2018,1570.408203,1619.281315,1557.882883,1619.281315,9373289
15-10-2018,1595.950073,1600.902921,1571.800021,1588.172938,2638151
16-10-2018,1606.428833,1614.287813,1584.079761,1602.908616,2815425
17-10-2018,1579.494995,1628.286258,1571.799706,1612.73199,2779207
19-10-2018,1566.233154,1579.167798,1530.908667,1579.167798,3428776
22-10-2018,1557.883057,1568.525453,1544.743751,1566.888161,1778496
23-10-2018,1512.475464,1557.062562,1507.019982,1548.85886,2752811
24-10-2018,1516.454346,1537.373786,1485.77248,1519.3667,2735913
25-10-2018,1520.145874,1539.75274,1497.216569,1512.762543,2507233
26-10-2018,1475.927856,1520.884179,1469.364896,1520.884179,2285970
29-10-2018,1534.91272,1540.614253,1463.827618,1483.803614,2609483
30-10-2018,1554.4375,1566.414885,1513.583024,1531.631168,2404883
31-10-2018,1590.000488,1594.717617,1538.563218,1558.703346,2769190
01-11-2018,1588.031494,1595.086657,1559.769783,1594.512438,2769759
02-11-2018,1569.737427,1603.495683,1562.805338,1586.76011,1818635
05-11-2018,1551.196899,1581.14041,1546.192661,1566.907008,1713366
06-11-2018,1585.529785,1589.467603,1551.320381,1553.781492,1398710
07-11-2018,1593.281982,1598.901498,1589.057056,1591.518166,144530
09-11-2018,1566.250854,1609.525386,1562.805339,1608.746074,2570479
12-11-2018,1570.885864,1596.522433,1565.676533,1565.676533,2552008
13-11-2018,1587.375122,1590.697661,1561.164337,1571.008778,1418432
14-11-2018,1542.828979,1583.232205,1534.092018,1579.212372,2422318
15-11-2018,1536.430298,1557.882998,1523.919652,1529.170042,1829123
16-11-2018,1547.710083,1558.539028,1534.297053,1549.678991,1829729
19-11-2018,1560.713257,1564.733091,1529.416214,1557.88302,1740628
20-11-2018,1540.860229,1560.34402,1537.53769,1560.34402,1190182
21-11-2018,1486.510742,1534.953641,1475.476804,1534.912582,3840461
22-11-2018,1486.962036,1515.715951,1484.828994,1493.073754,3194219
26-11-2018,1514.485107,1525.888271,1463.950333,1492.253099,4333177
27-11-2018,1550.704834,1556.980686,1505.666488,1520.966413,3344839
28-11-2018,1627.532471,1631.716339,1544.346912,1549.679318,5313249
29-11-2018,1608.376587,1638.279036,1593.609926,1638.279036,4035441
30-11-2018,1614.693848,1633.357272,1607.802717,1612.848014,5268901
03-12-2018,1626.302002,1632.536796,1614.734801,1627.614574,1610576
04-12-2018,1649.641357,1656.655563,1616.949626,1626.794068,3270615
05-12-2018,1646.277954,1655.507119,1628.434902,1645.662676,2501539
06-12-2018,1634.751709,1654.686746,1624.004879,1639.099711,2321216
07-12-2018,1636.80249,1643.939771,1618.590313,1628.475813,1680420
10-12-2018,1620.887329,1649.764317,1607.925441,1620.230993,2010786
11-12-2018,1640.740356,1648.944058,1608.745919,1616.129251,2942014
12-12-2018,1654.522705,1658.78859,1628.393833,1641.642832,2219993
13-12-2018,1626.46582,1665.105234,1619.820842,1660.429164,3748429
14-12-2018,1632.331787,1639.879154,1620.436418,1626.794288,2473761
17-12-2018,1636.063843,1644.759744,1628.434362,1639.919542,1227921
18-12-2018,1630.772583,1642.380839,1621.379386,1634.095122,1768742
19-12-2018,1614.857544,1628.270676,1607.966515,1628.270676,2498833
20-12-2018,1603.044434,1620.149132,1596.440413,1602.839341,1940277
21-12-2018,1555.257813,1599.721836,1547.669388,1598.081095,3729956
24-12-2018,1573.880249,1590.615821,1562.805251,1563.461587,1864116
26-12-2018,1549.843384,1576.587533,1534.297408,1576.587533,2446614
27-12-2018,1566.045288,1592.912406,1535.814673,1566.086347,4968201
28-12-2018,1555.462646,1575.110469,1552.960478,1571.008619,2239130
31-12-2018,1553.002075,1566.086942,1547.3415,1565.266571,1879740
01-01-2019,1561.000488,1566.907114,1546.397858,1555.421931,1094883
02-01-2019,1577.817871,1586.964918,1558.703207,1562.805058,2100463
03-01-2019,1558.662109,1595.578763,1553.042594,1574.2902,2611668
04-01-2019,1539.711548,1559.687539,1510.301301,1558.703135,4280862
07-01-2019,1556.980591,1565.922646,1543.116315,1551.976353,1856423
08-01-2019,1553.411987,1563.953724,1545.003193,1563.133354,1691756
09-01-2019,1547.997437,1574.29034,1531.384941,1564.774066,2414376
10-01-2019,1549.310425,1562.805477,1535.815273,1550.499922,3053461
11-01-2019,1511.572876,1538.193844,1505.379042,1534.091994,9209862
14-01-2019,1487.536133,1518.505105,1484.86993,1517.684735,3615370
15-01-2019,1532.287598,1533.559111,1483.229417,1484.870157,7711653
16-01-2019,1534.214966,1538.19374,1515.22338,1534.09189,2359280
17-01-2019,1557.358521,1560.400357,1538.449559,1543.957782,2625816
18-01-2019,1562.579102,1565.497599,1542.313607,1546.424251,1683728
21-01-2019,1569.196899,1588.352537,1558.303695,1563.688678,2409803
22-01-2019,1563.606323,1577.048105,1553.822973,1567.881352,2457093
23-01-2019,1541.984253,1567.059173,1537.380353,1562.866338,2578169
24-01-2019,1563.318848,1566.360684,1541.491291,1549.548192,1962927
25-01-2019,1579.144531,1590.818716,1562.866346,1563.688475,2327080
28-01-2019,1607.26123,1613.01613,1583.00844,1589.174403,2769033
29-01-2019,1630.075562,1635.255012,1592.175451,1613.016392,2557626
30-01-2019,1628.965576,1635.624798,1606.973637,1627.485705,2429575
31-01-2019,1655.848999,1660.494045,1631.92508,1633.569337,4094319
01-02-2019,1668.880005,1672.826263,1642.695228,1652.067514,3064163
04-02-2019,1685.569214,1689.844243,1663.166209,1668.879963,1590764
05-02-2019,1680.88269,1689.473892,1667.276425,1685.36325,1111404
06-02-2019,1705.752441,1715.659131,1678.005601,1685.281319,1789812
07-02-2019,1712.411621,1724.784697,1699.339856,1705.711353,1339945
08-02-2019,1694.73584,1717.837734,1686.185783,1705.916869,1684474
11-02-2019,1698.435791,1723.181948,1684.459602,1693.585311,1778730
12-02-2019,1686.679199,1701.806286,1659.055597,1701.806286,2422903
14-02-2019,1680.924316,1705.917049,1671.42879,1693.626265,1724085
15-02-2019,1668.674683,1687.008194,1653.259769,1684.541808,1930065
18-02-2019,1619.839966,1678.745398,1613.550662,1675.169159,2942184
19-02-2019,1565.990356,1620.415221,1555.467072,1619.593093,4408554
20-02-2019,1574.170532,1589.83212,1546.670374,1574.376064,4645778
21-02-2019,1573.718384,1594.92934,1559.61896,1574.170595,4683919
22-02-2019,1583.132202,1586.708442,1566.237417,1576.185154,2271955
25-02-2019,1632.048828,1636.036132,1587.119474,1588.763731,2934880
26-02-2019,1676.073608,1681.376398,1621.443201,1631.103212,6453309
27-02-2019,1692.023071,1705.875819,1662.344146,1677.142462,4732082
28-02-2019,1630.650513,1702.915719,1625.841082,1693.584481,8454295
01-03-2019,1640.475708,1648.368124,1628.10263,1640.187983,4148548
05-03-2019,1634.474121,1650.012374,1625.019641,1648.368117,2449622
06-03-2019,1643.928711,1656.589514,1631.966797,1635.460845,2635047
07-03-2019,1655.191528,1664.029411,1644.421564,1648.367821,2539884
08-03-2019,1662.919312,1671.387275,1652.519466,1664.810247,2031071
11-03-2019,1656.424561,1671.387259,1647.257808,1668.016552,3111689
12-03-2019,1654.492798,1664.646167,1646.723722,1655.808284,2658550
13-03-2019,1644.668091,1657.32889,1626.663456,1654.944697,1833163
14-03-2019,1633.89856,1650.670005,1628.636916,1648.326858,1905495
15-03-2019,1677.101074,1700.942802,1636.857922,1643.352758,5184318
18-03-2019,1663.001465,1697.366474,1653.300309,1679.608419,2349915
19-03-2019,1663.001465,1668.92075,1640.228447,1668.92075,2373993
20-03-2019,1656.630371,1681.088698,1644.257295,1667.276897,3091165
22-03-2019,1648.902344,1657.411355,1630.527789,1656.589227,3148149
25-03-2019,1631.30896,1650.670132,1625.512912,1650.670132,2429205
26-03-2019,1629.993652,1640.105776,1609.769304,1631.103506,2316539
27-03-2019,1617.866699,1642.612747,1612.193992,1639.324233,2266166
28-03-2019,1644.503906,1656.260285,1621.895369,1627.814655,4054489
01-04-2019,1670.27771,1677.101318,1651.039879,1652.478604,2095740
02-04-2019,1709.452026,1714.960248,1674.675947,1674.758139,3719663
03-04-2019,1709.452026,1717.919991,1692.02294,1714.138119,2939886
04-04-2019,1656.178101,1709.780846,1650.341007,1708.506507,4397518
05-04-2019,1683.966064,1688.980929,1659.713271,1667.811217,3152103
08-04-2019,1702.422729,1705.916776,1671.140697,1692.762719,2194294
09-04-2019,1719.482178,1724.826014,1691.653041,1701.806411,2690970
10-04-2019,1677.347656,1714.548971,1673.85361,1712.493649,3313062
11-04-2019,1660.28894,1689.47451,1655.479508,1681.253223,3422442
12-04-2019,1656.178101,1676.320252,1650.012136,1675.498123,3198471
15-04-2019,1737.404175,1742.74801,1677.964245,1701.805971,9189201
16-04-2019,1752.614258,1772.468589,1739.254664,1742.913098,5771952
18-04-2019,1767.61731,1771.686805,1738.143924,1767.49387,3413728
22-04-2019,1776.989624,1788.951634,1763.959008,1765.932036,2007135
23-04-2019,1771.728271,1780.319475,1754.463571,1778.264154,2163524
24-04-2019,1795.076294,1804.571918,1772.591202,1774.153165,3003071
25-04-2019,1804.572266,1812.793552,1782.41594,1788.129694,4211526
26-04-2019,1840.375854,1844.815268,1803.051099,1811.149145,2716958
30-04-2019,1858.298096,1863.724023,1833.42871,1840.375656,3488395
02-05-2019,1821.344116,1857.517784,1817.809123,1853.900498,2457699
03-05-2019,1752.778076,1797.214165,1747.023176,1796.35089,3780886
06-05-2019,1774.030396,1779.908535,1733.458266,1734.691459,2891422
07-05-2019,1769.179688,1795.816776,1758.368776,1775.83901,2201698
08-05-2019,1769.919556,1782.374723,1751.462609,1768.398538,1824895
09-05-2019,1786.115356,1795.610981,1756.148812,1763.465676,2264162
10-05-2019,1755.902344,1802.105932,1747.722204,1788.129745,2039633
13-05-2019,1750.106079,1781.552495,1744.268886,1753.600125,1701744
14-05-2019,1720.18103,1775.63357,1703.738457,1755.244738,2456110
15-05-2019,1722.688354,1746.201315,1713.727232,1724.003841,2346876
16-05-2019,1733.663696,1746.201158,1707.60226,1723.181557,1946529
17-05-2019,1722.729126,1755.244348,1718.248566,1736.82875,1947908
20-05-2019,1762.602783,1768.727602,1685.363832,1747.023485,2625116
21-05-2019,1734.48584,1766.507709,1728.566554,1765.973406,1863157
22-05-2019,1711.466309,1744.51584,1705.91694,1734.691443,2595795
23-05-2019,1688.693359,1739.089885,1685.363698,1724.825873,2541294
24-05-2019,1683.719238,1701.806066,1670.770714,1701.806066,2274208
27-05-2019,1689.597778,1700.943195,1677.224801,1689.310154,2329820
28-05-2019,1704.888916,1724.414467,1681.252722,1693.58465,5872979
29-05-2019,1732.677246,1745.954543,1707.643469,1710.027562,3281320
30-05-2019,1764.53479,1772.961609,1738.308765,1745.379152,4971725
31-05-2019,1805.846436,1812.752235,1769.426102,1775.797598,4265370
03-06-2019,1843.458984,1847.857252,1796.885279,1809.505033,3682419
04-06-2019,1809.314087,1843.21119,1802.600872,1843.21119,2408658
06-06-2019,1795.223999,1822.490834,1783.538097,1822.490834,3735467
07-06-2019,1808.194336,1814.866069,1775.333225,1801.771278,2659446
10-06-2019,1849.426392,1853.031673,1811.302433,1820.584748,2080593
11-06-2019,1867.079224,1876.320058,1849.011744,1853.984434,3048937
12-06-2019,1873.792236,1878.764926,1839.066368,1860.61469,2404448
13-06-2019,1868.156494,1893.765762,1858.998418,1876.36135,3320916
14-06-2019,1868.488159,1875.615762,1851.498136,1870.767309,2131408
17-06-2019,1864.095093,1874.703535,1857.672037,1869.730847,1489497
18-06-2019,1865.463501,1873.046773,1849.177818,1859.786265,1877447
19-06-2019,1872.963867,1886.307335,1859.081772,1868.902917,1652817
20-06-2019,1887.923096,1892.937265,1833.264987,1848.183057,2199377
21-06-2019,1864.634155,1899.981606,1858.12814,1893.765744,3871804
24-06-2019,1885.8927,1889.622218,1865.421833,1868.198131,1382424
25-06-2019,1879.511108,1885.022426,1865.173145,1881.334388,1386077
26-06-2019,1868.239624,1878.682354,1864.758781,1877.190507,1762224
27-06-2019,1866.872314,1876.361825,1857.54852,1868.902789,2813464
28-06-2019,1845.862305,1874.662465,1841.967072,1873.046381,2372928
01-07-2019,1856.098022,1868.902659,1828.789707,1852.327025,2769940
02-07-2019,1866.499146,1870.560094,1836.95296,1860.531756,1771746
03-07-2019,1854.523193,1872.052047,1849.840658,1866.582007,1656881
04-07-2019,1858.667358,1866.416549,1848.266309,1851.498477,984140
05-07-2019,1792.737793,1864.758842,1773.592855,1862.272497,4088470
08-07-2019,1802.931763,1814.03756,1767.045674,1781.052005,2788062
09-07-2019,1768.081665,1802.102995,1744.21271,1801.771563,3977224
10-07-2019,1747.237549,1763.523231,1716.655585,1723.865945,6343581
11-07-2019,1742.555054,1764.47629,1728.880155,1763.647508,2400346
12-07-2019,1746.739868,1756.809482,1734.722537,1742.18157,1560725
15-07-2019,1778.316895,1784.864392,1738.784047,1761.161153,2900415
16-07-2019,1749.491333,1771.50535,1744.507027,1766.105686,2735399
17-07-2019,1758.836426,1765.274486,1737.943964,1751.15229,1802969
18-07-2019,1716.220825,1757.964381,1711.278096,1757.964381,3072096
19-07-2019,1725.358276,1742.014199,1713.354452,1725.399853,1953177
22-07-2019,1752.730591,1759.002548,1718.588227,1725.400069,1920167
23-07-2019,1754.848755,1769.427884,1746.500005,1767.683297,3538588
24-07-2019,1741.848755,1761.785978,1724.985147,1752.814187,2413196
25-07-2019,1767.683472,1773.581646,1738.317733,1751.899841,2544464
26-07-2019,1752.024292,1769.261675,1740.352674,1769.261675,1720592
29-07-2019,1769.428467,1779.397078,1747.248348,1753.47873,1647090
30-07-2019,1810.258057,1815.117835,1761.494977,1769.42837,2851672
31-07-2019,1832.312866,1837.297169,1783.674334,1804.110058,3000677
01-08-2019,1811.005493,1842.115819,1799.541553,1827.578265,2375236
02-08-2019,1831.981201,1835.885533,1798.918607,1805.148987,2500816
05-08-2019,1867.951294,1870.983331,1823.92327,1827.495193,3039682
06-08-2019,1839.955566,1870.733681,1837.089632,1854.825527,2885467
07-08-2019,1838.751587,1859.561101,1833.601179,1852.500002,2165362
08-08-2019,1875.84314,1894.866488,1843.278854,1851.586028,2073298
09-08-2019,1865.999146,1883.984098,1861.928711,1877.421511,1744550
13-08-2019,1827.12146,1865.999077,1822.843346,1864.96068,1647281
14-08-2019,1831.233521,1842.406833,1800.496974,1811.877966,1945002
16-08-2019,1798.585938,1861.969499,1780.434685,1861.969499,3755507
19-08-2019,1796.842041,1815.948544,1792.439197,1810.964239,974884
20-08-2019,1816.571411,1831.732005,1799.749383,1804.318329,1843611
21-08-2019,1816.114258,1829.239633,1812.832965,1815.075861,1214408
22-08-2019,1840.869995,1857.193513,1802.65699,1816.779187,2131601
23-08-2019,1867.203369,1877.33808,1839.125082,1839.997376,2826425
26-08-2019,1890.962158,1895.697207,1848.346313,1866.622097,2345475
27-08-2019,1857.899536,1889.757631,1851.669155,1885.72857,3432106
28-08-2019,1860.183716,1870.899888,1840.869539,1860.806754,1294621
29-08-2019,1855.365723,1867.618804,1846.020152,1846.020152,1670652
30-08-2019,1877.088745,1882.405254,1842.530827,1861.637323,2583625
03-09-2019,1870.443359,1907.493233,1858.273228,1885.728478,2545060
04-09-2019,1865.292847,1885.728577,1854.992032,1881.57499,2228092
05-09-2019,1840.28772,1872.1456,1833.641983,1862.63393,2055943
06-09-2019,1825.501465,1855.407291,1821.431031,1840.869737,1890550
09-09-2019,1813.331543,1829.945891,1810.797814,1827.578265,1703945
11-09-2019,1789.365479,1823.424896,1783.176674,1815.948438,2627440
12-09-2019,1772.418823,1798.50327,1761.411817,1790.196095,2118859
13-09-2019,1779.355103,1792.646581,1757.424244,1773.581657,2291174
16-09-2019,1786.042358,1805.481064,1766.437347,1794.307956,2597948
17-09-2019,1763.322144,1791.483584,1749.158575,1790.154355,2796530
18-09-2019,1776.530884,1780.18596,1755.430538,1766.437545,1454663
19-09-2019,1746.126465,1774.246331,1737.03015,1773.581717,1652691
20-09-2019,1715.805176,1768.929512,1708.785654,1748.576936,6941979
23-09-2019,1674.559937,1743.675574,1640.666631,1743.675574,6323401
24-09-2019,1698.567871,1712.108606,1672.234169,1673.895604,4620978
25-09-2019,1734.911621,1737.860708,1711.319329,1715.43134,4002232
26-09-2019,1734.205933,1750.321771,1713.770201,1742.762161,4234281
27-09-2019,1708.079224,1732.211601,1704.133317,1732.045498,2046795
30-09-2019,1743.925049,1747.82938,1711.277815,1712.814723,2620039
01-10-2019,1711.236084,1741.141907,1694.414058,1741.141907,3342877
03-10-2019,1711.485718,1728.847632,1699.772621,1719.585213,2317618
04-10-2019,1727.352417,1734.496465,1707.082789,1711.776465,2163251
07-10-2019,1701.059814,1739.937426,1695.494049,1727.892024,2177916
09-10-2019,1678.131836,1711.277473,1674.310557,1711.277473,2066920
10-10-2019,1665.131348,1693.874249,1659.025595,1684.694782,2881452
11-10-2019,1650.51123,1657.281599,1599.131368,1604.115673,12593069
14-10-2019,1678.879639,1688.640567,1634.851622,1657.280989,3510704
15-10-2019,1692.420654,1700.478573,1680.292099,1688.017811,2261310
16-10-2019,1699.980225,1707.955092,1674.726394,1693.002178,3034082
17-10-2019,1725.07959,1731.067869,1698.196308,1710.682379,3818774
18-10-2019,1747.503784,1753.067158,1720.025759,1730.643202,3087901
22-10-2019,1742.449585,1793.49833,1732.809072,1766.742376,5552505
23-10-2019,1758.333618,1770.012806,1743.384175,1749.754641,2348134
24-10-2019,1768.441162,1782.880883,1750.858719,1770.139953,2798671
25-10-2019,1804.923462,1809.212952,1762.538697,1778.634705,3954245
27-10-2019,1797.065918,1808.362919,1791.205172,1808.362919,224405
29-10-2019,1864.295288,1870.113521,1801.992062,1801.992062,5064173
30-10-2019,1913.518188,1919.633794,1849.006643,1889.904953,5195136
31-10-2019,1927.829956,1940.825746,1900.097283,1911.139421,4879261
01-11-2019,1869.434814,1932.375115,1864.423463,1923.031763,4172620
04-11-2019,1863.531494,1893.47269,1852.44684,1874.616149,2646411
05-11-2019,1870.241577,1878.013463,1842.338852,1866.121926,2693475
06-11-2019,1858.901855,1877.843415,1850.832599,1868.669903,2540719
07-11-2019,1856.226318,1872.492157,1847.604831,1872.492157,1915598
08-11-2019,1809.169434,1859.835986,1804.115573,1859.835986,2788759
11-11-2019,1784.537109,1816.856644,1776.085667,1813.459062,2983768
13-11-2019,1850.49292,1854.909735,1799.019475,1799.019475,3823365
14-11-2019,1865.952026,1868.67005,1823.39723,1858.052607,2995915
15-11-2019,1846.968262,1878.438411,1842.126748,1865.272779,2724180
18-11-2019,1828.407959,1858.264114,1825.137705,1850.322186,1611089
19-11-2019,1791.2052,1830.149858,1787.977456,1828.748438,2975313
20-11-2019,1790.99292,1813.459389,1779.058872,1802.374737,2894129
21-11-2019,1799.104614,1806.324476,1790.015917,1793.923219,2052574
22-11-2019,1759.692505,1789.676206,1750.179317,1781.182251,3742049
25-11-2019,1768.016602,1770.946974,1743.129274,1762.113345,2737010
26-11-2019,1738.415161,1781.946573,1728.562195,1775.109106,6561580
27-11-2019,1744.912964,1759.69236,1738.33015,1742.959313,2907521
28-11-2019,1764.491821,1778.973849,1749.754726,1755.743006,2924429
29-11-2019,1744.021118,1770.989422,1737.693164,1770.989422,2064271
02-12-2019,1716.670776,1756.294993,1712.381288,1749.754689,3809860
03-12-2019,1742.110229,1751.45358,1707.285013,1722.319272,4664774
04-12-2019,1765.468384,1768.441268,1737.438335,1743.808801,3334301
05-12-2019,1801.822754,1806.494429,1756.847303,1769.290864,3902721
06-12-2019,1803.776245,1807.513502,1784.579825,1804.11592,1829461
09-12-2019,1750.136963,1807.471161,1744.233705,1807.471161,2244747
10-12-2019,1709.705811,1750.476901,1701.551634,1749.754831,4520045
11-12-2019,1734.380615,1739.561907,1704.524344,1720.36559,4943024
12-12-2019,1716.543213,1769.842671,1685.200501,1742.195017,7137306
13-12-2019,1759.310791,1764.534491,1704.737119,1718.32745,5711133
16-12-2019,1806.451782,1814.30869,1766.997405,1780.332872,5574177
17-12-2019,1838.898682,1842.338775,1799.869001,1806.239467,6059673
18-12-2019,1841.276611,1871.599981,1828.748031,1846.585332,8251081
19-12-2019,1893.345337,1899.673293,1841.107507,1851.512603,6251505
20-12-2019,1888.120728,1908.336377,1875.677169,1885.657564,5548338
23-12-2019,1895.595215,1904.301516,1877.163381,1877.163381,2247329
24-12-2019,1881.921143,1905.66171,1878.141166,1901.796918,1805896
26-12-2019,1870.326294,1893.302483,1864.592875,1882.600017,1880367
27-12-2019,1867.396484,1891.094542,1848.285081,1875.465744,2720261
30-12-2019,1854.400146,1889.904919,1849.218959,1874.6158,2288830
31-12-2019,1836.138672,1866.122382,1832.52874,1859.327216,1909289
01-01-2020,1841.149902,1854.994884,1829.59804,1841.489578,1354908
02-01-2020,1832.697754,1851.639311,1825.520405,1851.639311,2380752
03-01-2020,1869.221924,1888.205994,1838.091665,1838.091665,4655761
06-01-2020,1869.052002,1890.711584,1858.392049,1872.916792,3023209
07-01-2020,1873.639282,1881.113797,1854.910069,1869.094933,2429317
08-01-2020,1915.598999,1919.633627,1870.411205,1872.91688,5197454
09-01-2020,1880.859131,1912.796279,1877.164177,1910.078255,3734173
10-01-2020,1880.179565,1897.549663,1875.465379,1892.45329,1915807
13-01-2020,1860.473633,1884.766221,1855.674424,1883.832011,2843893
14-01-2020,1874.531128,1893.982412,1864.423403,1864.423403,2948452
15-01-2020,1891.518433,1895.001037,1863.743246,1879.71192,2620681
16-01-2020,1901.626587,1910.290379,1881.410934,1891.561168,3117214
17-01-2020,1884.893433,1914.155063,1879.712038,1903.28276,3281059
20-01-2020,1843.485596,1904.514538,1831.466525,1864.338089,5817599
21-01-2020,1844.080444,1857.246077,1833.038301,1843.146026,1902980
22-01-2020,1874.531128,1877.164337,1846.331235,1852.531864,1773686
23-01-2020,1865.208618,1888.024147,1859.036518,1881.256162,2069866
24-01-2020,1858.781372,1865.208912,1847.37371,1865.208912,1319430
27-01-2020,1846.734741,1867.336742,1843.116614,1864.144277,1549101
28-01-2020,1859.079468,1862.527373,1832.049921,1850.779056,1743024
29-01-2020,1834.263184,1861.803396,1830.347009,1860.143356,2306761
30-01-2020,1820.003418,1843.116786,1809.063819,1838.860165,2098567
31-01-2020,1769.945435,1825.536941,1763.603112,1821.32272,3287223
03-02-2020,1789.909424,1868.401486,1781.992066,1832.049979,4728073
04-02-2020,1794.379028,1819.024828,1776.3736,1812.469672,3509339
05-02-2020,1827.410034,1836.050892,1791.441586,1800.550714,2439322
06-02-2020,1811.915649,1850.948733,1800.976052,1826.090112,2640065
07-02-2020,1818.897339,1831.198936,1803.956553,1820.983042,2083442
10-02-2020,1840.519897,1844.819125,1803.955573,1822.599486,2383032
11-02-2020,1833.241333,1851.459794,1828.303819,1841.414128,1335820
12-02-2020,1848.012329,1860.143701,1830.347349,1831.283889,1620407
13-02-2020,1866.059937,1870.359165,1848.224737,1849.884778,1645948
14-02-2020,1859.46228,1883.129135,1848.224842,1862.697354,1500115
17-02-2020,1875.680298,1887.386007,1864.570474,1870.316913,1774724
18-02-2020,1886.321777,1890.79123,1861.037488,1872.870812,2486223
19-02-2020,1869.806274,1898.453255,1864.825944,1886.321883,1760463
20-02-2020,1836.135986,1885.172133,1831.411096,1876.744107,2317278
24-02-2020,1800.848877,1854.992976,1793.484797,1835.455125,3092877
25-02-2020,1835.582642,1853.034788,1797.145436,1800.976395,2674567
26-02-2020,1807.872437,1842.180641,1798.805708,1833.752613,2686842
27-02-2020,1792.463379,1804.764974,1776.032778,1804.764974,2349001
28-02-2020,1702.776123,1761.815436,1694.135162,1760.538449,4298076
02-03-2020,1703.755249,1748.577387,1690.474508,1732.444834,2667076
03-03-2020,1733.466675,1753.728237,1712.864666,1719.675261,2757585
04-03-2020,1773.478638,1783.056036,1723.931608,1750.32266,3237002
05-03-2020,1809.106812,1828.431832,1774.202514,1775.607116,3937056
06-03-2020,1801.784912,1807.914404,1763.60315,1786.078023,2595027
09-03-2020,1679.109375,1770.669236,1647.312435,1766.497831,4940975
11-03-2020,1663.232056,1691.836632,1634.542472,1645.609686,6796449
12-03-2020,1506.716064,1624.66707,1496.925836,1620.921223,8728786
13-03-2020,1537.74707,1549.410171,1282.136958,1436.950256,8029720
16-03-2020,1444.186279,1568.351883,1426.691527,1494.073853,7844271
17-03-2020,1411.495483,1473.642148,1381.826857,1472.790824,5713248
18-03-2020,1408.43103,1458.786887,1385.743215,1427.500717,7258778
19-03-2020,1403.242798,1445.348208,1326.406838,1337.511997,5135111
20-03-2020,1541.392944,1602.75028,1395.224562,1397.797195,8547498
23-03-2020,1431.842041,1500.702908,1387.292645,1389.22212,7003490
24-03-2020,1460.526733,1517.853554,1400.241322,1417.563781,6350865
25-03-2020,1500.959839,1552.155192,1440.674432,1457.825318,2765520
26-03-2020,1535.81897,1571.064125,1477.163022,1570.678168,4556067
27-03-2020,1564.589722,1586.457103,1501.045704,1560.730772,4331250
30-03-2020,1525.142456,1633.621804,1512.322211,1514.423153,8513547
31-03-2020,1565.961914,1590.74497,1526.429135,1575.652208,3927593
01-04-2020,1465.328979,1573.379573,1459.540555,1565.790326,4941878
03-04-2020,1418.549805,1492.127151,1414.94816,1492.127151,5735369
07-04-2020,1522.312622,1531.44549,1462.113053,1466.400775,5427577
08-04-2020,1462.498901,1548.725024,1458.682871,1509.277985,6285615
09-04-2020,1514.551636,1525.39959,1484.580405,1501.08813,5307397
13-04-2020,1508.634766,1532.431619,1497.272304,1510.135468,2990438
15-04-2020,1487.96814,1553.870404,1481.665209,1530.716706,4761399
16-04-2020,1471.588867,1513.479883,1436.429553,1466.357763,6245533
17-04-2020,1548.896484,1588.129136,1503.275169,1543.579752,9895823
20-04-2020,1559.573242,1569.306351,1545.723878,1569.306351,3244282
21-04-2020,1490.111694,1538.948794,1481.579067,1513.565507,5122541
22-04-2020,1517.424561,1535.004218,1474.247228,1490.111797,3829836
23-04-2020,1610.682739,1629.33433,1510.007008,1526.429004,5934366
24-04-2020,1559.487671,1588.129575,1550.269067,1578.482199,2987102
27-04-2020,1574.965942,1607.895667,1565.018449,1571.278564,3374741
28-04-2020,1594.218018,1601.892998,1571.535905,1599.320365,2678505
29-04-2020,1634.179321,1640.096398,1586.499879,1607.038023,4241510
30-04-2020,1727.480103,1742.530047,1665.522526,1697.937743,5915544
04-05-2020,1655.446533,1685.932278,1641.03985,1685.932278,3729348
05-05-2020,1657.419067,1695.36541,1652.488187,1676.585165,2905528
06-05-2020,1632.421387,1675.384337,1623.845943,1663.464555,3517431
07-05-2020,1622.17395,1658.876789,1615.05629,1637.90987,3166754
08-05-2020,1623.674316,1663.207086,1617.542854,1662.864047,2686530
11-05-2020,1659.605591,1673.412034,1637.052133,1637.052133,2449841
12-05-2020,1671.782959,1677.78577,1638.124338,1657.976514,3256595
13-05-2020,1671.911743,1709.943823,1651.330674,1709.943823,2656665
14-05-2020,1631.349243,1649.143286,1621.701871,1637.909477,2263146
15-05-2020,1623.24585,1644.255688,1599.491806,1643.055105,3173682
18-05-2020,1668.438354,1674.741285,1605.408841,1635.337162,3727694
19-05-2020,1671.053833,1686.31806,1631.906912,1631.906912,3198693
20-05-2020,1675.298828,1683.274033,1656.518584,1672.211689,2778505
21-05-2020,1707.542236,1713.37358,1664.622205,1668.781274,3400908
22-05-2020,1732.539673,1742.530085,1681.858824,1695.45088,3663418
26-05-2020,1666.20874,1735.669835,1650.772941,1727.951936,4575317
27-05-2020,1719.633911,1723.664328,1664.708148,1679.929562,3482160
28-05-2020,1718.776245,1727.094384,1690.477281,1705.227002,3475681
29-05-2020,1691.377686,1717.361323,1682.845161,1699.65301,7237735
01-06-2020,1753.892578,1766.541357,1698.881087,1706.513253,3747773
02-06-2020,1755.522095,1784.549953,1749.43355,1766.712987,2443886
03-06-2020,1759.822266,1774.959391,1737.331542,1764.7247,3699799
04-06-2020,1798.869141,1806.136648,1760.338183,1760.338183,4048593
05-06-2020,1761.628418,1804.416659,1754.790942,1798.912326,3573289
08-06-2020,1781.84021,1801.836727,1773.540664,1787.430634,2957841
09-06-2020,1782.0979,1802.266385,1771.94909,1774.40036,2909439
10-06-2020,1813.662354,1833.658868,1783.345058,1786.398331,5168397
11-06-2020,1778.313599,1810.437116,1773.282344,1806.13679,2269513
12-06-2020,1754.102783,1762.445373,1729.590928,1729.762899,2842642
15-06-2020,1745.846069,1770.873941,1720.947123,1753.758626,2399022
16-06-2020,1759.521362,1783.732113,1746.792356,1776.034572,2146528
17-06-2020,1761.241333,1770.745094,1742.96495,1759.693174,2703527
18-06-2020,1752.898315,1771.045664,1741.803457,1758.832784,1944389
19-06-2020,1758.489014,1797.535989,1747.652215,1756.252865,5681758
22-06-2020,1744.169067,1765.068692,1736.600557,1763.133546,3196138
23-06-2020,1750.490479,1757.973003,1728.73079,1743.351896,4205944
24-06-2020,1756.425171,1775.389651,1747.3085,1749.372678,2560937
25-06-2020,1733.976929,1771.733801,1728.085505,1750.232177,3043931
26-06-2020,1822.348755,1833.658525,1737.288203,1741.631573,6300722
29-06-2020,1807.555786,1829.874644,1798.654238,1813.017284,3076341
30-06-2020,1790.784424,1816.37136,1784.678088,1806.13667,3071725
01-07-2020,1799.299316,1818.134659,1788.505457,1788.677428,2503466
02-07-2020,1855.289185,1862.040779,1804.416422,1807.856682,3758699
03-07-2020,1891.842407,1896.44384,1857.955921,1860.880059,4185208
06-07-2020,1946.49939,1952.261784,1896.44364,1896.44364,5190366
07-07-2020,1952.261475,1980.471649,1919.794021,1956.64789,5630055
08-07-2020,1908.397827,1956.131427,1898.679262,1952.347225,2793358
09-07-2020,1895.884644,1930.416174,1884.445735,1917.085165,3443998
10-07-2020,1911.366089,1935.017883,1871.501981,1896.658889,9610320
13-07-2020,1909.344482,1930.803064,1900.743832,1909.344482,2963503
14-07-2020,1868.018555,1925.685968,1862.041144,1900.744077,2976738
15-07-2020,1921.299561,1943.747346,1875.888286,1879.242456,5569321
16-07-2020,1926.342407,2011.033376,1913.714271,1934.315857,8582118
17-07-2020,1897.033936,1934.228905,1887.810639,1928.281229,4509135
20-07-2020,1903.197266,1919.575158,1888.457288,1897.249589,2952646
21-07-2020,1917.980713,1929.703711,1897.37892,1922.247543,2665286
22-07-2020,1888.58667,1923.109589,1882.768207,1923.109589,2861534
23-07-2020,1871.562256,1888.586646,1864.493944,1888.586646,2265766
24-07-2020,1859.667236,1864.494491,1831.824977,1857.167536,3665100
27-07-2020,1902.249023,1909.317334,1864.924629,1866.21762,4248480
28-07-2020,1990.991943,1999.827388,1909.317958,1909.317958,8092319
29-07-2020,1961.942627,2018.791122,1936.082792,1975.691397,6090431
30-07-2020,1964.916382,2032.582947,1958.666922,1970.433062,7098496
31-07-2020,1966.554443,2012.585082,1945.909714,1985.302826,4723290
03-08-2020,1943.065063,1985.906364,1922.851332,1974.35551,4012337
04-08-2020,1939.228394,1956.425136,1917.98032,1948.063834,2927928
05-08-2020,1947.676392,1982.587166,1942.073428,1948.107389,3800641
06-08-2020,1989.56958,1999.396233,1952.719315,1961.037478,4748047
07-08-2020,1978.578979,2006.723013,1971.381242,1989.483125,3165491
10-08-2020,1967.760986,2004.13711,1961.942524,1998.103149,2929353
11-08-2020,1965.260864,1992.930967,1961.554457,1967.933131,2774423
12-08-2020,1945.823608,1979.484329,1936.514025,1972.545441,3415751
13-08-2020,1943.32373,1982.587628,1939.918894,1959.313773,2695682
14-08-2020,1932.720825,1966.468035,1924.919944,1962.761417,2270405
17-08-2020,1942.418457,1956.727651,1929.359324,1950.693689,2625630
18-08-2020,1956.512085,1973.10548,1938.022344,1950.521265,3493374
19-08-2020,1945.176514,1969.312355,1941.642253,1962.200902,2843005
20-08-2020,1941.94458,1962.37381,1930.911007,1945.521773,2895164
21-08-2020,1938.280884,1957.589476,1931.772783,1948.107537,1975294
24-08-2020,1937.850098,1948.064607,1922.247912,1940.005084,2167966
25-08-2020,1933.151733,1939.487477,1925.30771,1935.177504,1663419
26-08-2020,1942.504272,1948.020952,1910.56734,1932.591337,2618149
27-08-2020,1938.108154,1971.683005,1932.375976,1953.27934,3579393
28-08-2020,1929.61792,1965.30441,1926.644081,1955.348331,2941136
31-08-2020,1945.736938,1962.071691,1920.523601,1930.867534,6018154
01-09-2020,1936.341553,1963.623596,1931.988438,1955.865645,3610908
02-09-2020,1952.546753,1955.650017,1932.289882,1936.901637,2084137
03-09-2020,1982.155884,2003.274744,1955.003063,1955.003063,4654146
04-09-2020,1972.933228,2003.490893,1950.650584,1961.03766,5231303
07-09-2020,2005.904297,2020.084064,1968.23518,1973.105365,4620401
08-09-2020,2024.135498,2060.554767,2005.904398,2013.576065,7453998
09-09-2020,2006.421875,2033.445493,1999.8277,2004.137673,3866535
10-09-2020,2009.437866,2024.393551,2003.533332,2012.756628,2308813
11-09-2020,2046.460693,2054.132358,2008.575877,2009.265514,4145424
14-09-2020,2147.573486,2159.943194,2053.142136,2055.081624,7512131
15-09-2020,2147.573486,2187.742523,2124.472197,2147.573486,7318770
16-09-2020,2157.572266,2161.537525,2135.419049,2145.461201,3074003
17-09-2020,2121.324951,2151.322397,2112.403436,2137.745986,4828176
18-09-2020,2111.799805,2155.330518,2100.162881,2142.05589,4183256
21-09-2020,2125.074951,2159.209805,2113.739598,2124.816311,4598809
22-09-2020,2174.768799,2202.395762,2118.782303,2142.056152,7499613
23-09-2020,2126.928467,2172.097109,2076.544926,2163.606378,7502280
24-09-2020,2010.387085,2111.886958,1984.829027,2111.886958,8424708
25-09-2020,2088.009277,2103.266538,2027.497307,2041.202935,8228267
28-09-2020,2091.457031,2106.71429,2039.478727,2103.266312,4347166
29-09-2020,2144.986328,2164.510623,2091.456613,2098.826706,6995811
30-09-2020,2148.349365,2159.296655,2120.506895,2145.504741,3917166
01-10-2020,2175.199951,2189.466002,2148.348907,2163.606167,2610337
05-10-2020,2332.38501,2351.607531,2243.815065,2258.425832,17412105
06-10-2020,2339.711426,2358.416662,2284.371428,2358.416662,9846367
07-10-2020,2358.373779,2387.724734,2329.971103,2363.588888,9656101
08-10-2020,2435.737549,2486.853859,2413.584335,2413.584335,19839329
09-10-2020,2424.747314,2439.315147,2396.344639,2422.204473,7739245
12-10-2020,2439.444092,2460.131957,2414.230756,2426.945173,4623203
13-10-2020,2436.469971,2460.907382,2424.100269,2452.373723,4209878
14-10-2020,2432.185303,2460.232912,2413.097246,2460.232912,4395936
15-10-2020,2372.454102,2447.89712,2360.680911,2433.397155,6629355
16-10-2020,2392.10498,2399.333195,2364.403552,2380.678183,5273773
19-10-2020,2347.307129,2401.368169,2343.022105,2401.368169,3331194
20-10-2020,2371.068848,2389.161256,2352.846462,2358.949474,3406273
21-10-2020,2316.012695,2379.726072,2305.321801,2371.069374,4570143
22-10-2020,2312.333496,2325.751376,2283.723282,2303.547033,5262294
23-10-2020,2325.881104,2339.039239,2311.424464,2326.746773,3499091
26-10-2020,2327.092529,2345.920839,2311.770223,2328.607451,2672752
27-10-2020,2276.841064,2353.019998,2271.603932,2337.09176,3537502
28-10-2020,2269.958496,2299.174841,2255.934693,2294.02415,3569445
29-10-2020,2279.005127,2298.352928,2250.957515,2257.666455,3105968
30-10-2020,2306.879639,2315.1035,2269.43943,2281.991639,3427003
02-11-2020,2254.723389,2306.879988,2250.784549,2302.681406,2571196
03-11-2020,2279.827637,2307.009579,2251.650048,2254.203731,2879269
04-11-2020,2296.750977,2356.222641,2259.397422,2259.397422,4893928
05-11-2020,2324.928955,2345.96477,2308.740975,2324.323029,2816502
06-11-2020,2343.75708,2348.778006,2321.119905,2336.442214,3884421
09-11-2020,2360.335205,2375.397774,2333.066608,2364.230719,3646592
10-11-2020,2293.678223,2348.691356,2283.93944,2334.883968,4760020
11-11-2020,2326.74707,2331.075419,2288.311209,2309.563442,3242441
12-11-2020,2312.24707,2348.561872,2304.1963,2325.18879,2437505
13-11-2020,2299.954102,2306.922572,2281.904808,2299.001781,2548093
14-11-2020,2311.640869,2327.785522,2302.72443,2318.219831,298819
17-11-2020,2307.917969,2332.979056,2294.067258,2332.979056,2827273
18-11-2020,2273.810791,2306.316724,2256.843795,2303.546624,2893762
19-11-2020,2282.683838,2316.661366,2277.446706,2282.770489,4167501
20-11-2020,2302.897461,2316.531757,2274.590108,2298.352696,2711471
23-11-2020,2358.300049,2363.277648,2307.009133,2328.65087,3706418
24-11-2020,2356.395508,2374.53124,2341.635802,2367.086398,3120516
25-11-2020,2338.433594,2365.831955,2327.093236,2362.412602,3302249
26-11-2020,2355.141113,2364.100668,2319.994838,2325.188857,2341099
27-11-2020,2319.692139,2352.630919,2310.516165,2341.636954,6086808
01-12-2020,2360.507324,2368.384789,2271.905978,2319.128285,3605017
02-12-2020,2380.202148,2384.660263,2339.429021,2353.755897,2509032
03-12-2020,2345.48877,2401.28114,2338.000811,2401.28114,2852548
04-12-2020,2361.157471,2370.939581,2336.442558,2346.657503,2686527
07-12-2020,2369.944092,2375.397854,2342.632168,2350.29343,1996400
08-12-2020,2421.538086,2428.679862,2365.399317,2371.935166,4277818
09-12-2020,2433.224609,2458.502124,2417.945411,2436.86038,3659996
10-12-2020,2410.283936,2447.507729,2406.777931,2439.456959,2127801
11-12-2020,2409.678223,2430.540735,2393.187173,2417.55569,1795408
14-12-2020,2421.883301,2427.33706,2386.001345,2425.605722,2483658
15-12-2020,2390.589844,2419.286705,2384.919666,2411.755422,2365509
16-12-2020,2436.166748,2441.014581,2389.637018,2405.695228,2565149
17-12-2020,2456.943115,2470.360992,2428.20293,2433.396947,2863460
18-12-2020,2476.68042,2508.710191,2463.868469,2482.740106,6076692
21-12-2020,2441.318604,2498.755879,2410.890395,2476.681299,2705195
22-12-2020,2486.635986,2496.288118,2440.019593,2453.307706,2881737
23-12-2020,2518.016357,2526.88947,2480.532823,2489.709005,2790988
24-12-2020,2518.535889,2528.923924,2495.898502,2518.23282,1807144
28-12-2020,2535.892578,2553.465714,2512.173314,2519.098672,2108994
29-12-2020,2536.844727,2555.456623,2527.755196,2527.755196,1994151
30-12-2020,2518.492432,2551.734057,2512.173002,2540.22061,2637968
31-12-2020,2478.195557,2514.770096,2462.829922,2510.441748,4040956
01-01-2021,2534.897705,2545.069326,2492.263466,2493.129135,2681440
04-01-2021,2631.159424,2640.941533,2545.890968,2553.72532,5113293
05-01-2021,2677.516113,2695.911593,2631.28944,2631.28944,5801309
06-01-2021,2641.59082,2695.262336,2629.211703,2683.575796,3726716
07-01-2021,2625.402832,2666.998299,2597.225244,2661.934047,3717827
08-01-2021,2701.667969,2707.814307,2648.948779,2674.918865,5879039
11-01-2021,2749.756348,2796.113,2723.872909,2796.113,9508039
12-01-2021,2748.371582,2778.799788,2726.859605,2749.756527,3611458
13-01-2021,2734.606689,2750.232067,2706.299338,2748.500728,3572801
14-01-2021,2819.386963,2833.090612,2706.37553,2736.384779,6931542
15-01-2021,2804.339111,2839.595458,2784.087178,2805.770099,4131692
18-01-2021,2794.278564,2824.63466,2764.486141,2818.78027,4160906
19-01-2021,2828.060059,2843.932,2803.168107,2804.035424,2975735
20-01-2021,2869.77832,2886.387355,2833.611246,2836.126381,3453446
21-01-2021,2839.465576,2870.081694,2829.274602,2866.482413,2778546
22-01-2021,2864.834473,2883.828628,2811.75451,2811.75451,3052459
25-01-2021,2854.600098,2896.664966,2843.628412,2869.908156,2272887
27-01-2021,2828.364014,2867.740119,2798.831829,2862.145967,2786662
28-01-2021,2772.422119,2840.463093,2761.363828,2801.43383,3083938
29-01-2021,2698.526855,2790.0288,2688.682723,2784.131002,5445659
01-02-2021,2722.811279,2745.057872,2640.199348,2688.682276,3985846
02-02-2021,2778.406982,2796.230392,2732.048925,2752.864536,2881837
03-02-2021,2775.45752,2806.63752,2743.01974,2786.689231,2505866
04-02-2021,2765.396973,2808.242561,2754.598918,2789.335008,2057261
05-02-2021,2738.943604,2780.488214,2713.834819,2774.5036,2366135
08-02-2021,2787.643311,2797.964297,2736.51481,2766.30723,2526592
09-02-2021,2755.379395,2815.137665,2744.19109,2771.077918,2658751
10-02-2021,2786.949707,2792.240214,2738.379956,2762.404594,2127983
11-02-2021,2780.618408,2792.153767,2762.448159,2788.424262,1165882
12-02-2021,2767.435059,2814.877255,2759.802627,2761.710682,2777404
15-02-2021,2723.245361,2783.220247,2716.046588,2783.220247,2630853
16-02-2021,2696.315186,2747.356665,2688.682753,2732.048604,3435770
17-02-2021,2665.351807,2717.173994,2641.457182,2693.105949,3678426
18-02-2021,2651.692139,2686.861679,2628.838247,2658.32703,4189909
19-02-2021,2664.267578,2677.537358,2615.957856,2652.255154,3725028
22-02-2021,2565.913818,2685.213309,2552.643827,2685.213309,5366696
23-02-2021,2584.778076,2626.235871,2574.196851,2575.931485,3832829
24-02-2021,2556.9375,2604.856767,2533.563136,2577.666293,3774549
25-02-2021,2597.874756,2627.883798,2574.587209,2579.400861,4224073
26-02-2021,2510.275391,2577.969518,2497.872716,2567.25807,5553153
01-03-2021,2536.208496,2571.595074,2516.780679,2537.769709,3265871
02-03-2021,2607.458252,2623.633627,2556.850226,2567.258029,3306469
03-03-2021,2653.209717,2657.459486,2599.262426,2632.307291,3509857
04-03-2021,2645.056152,2672.593462,2615.871025,2621.898835,3916760
05-03-2021,2608.933105,2656.765556,2599.002368,2615.91505,3203686
08-03-2021,2607.97876,2630.57241,2598.481681,2615.828021,2003125
09-03-2021,2646.140869,2659.974534,2595.099389,2607.97892,1942397
10-03-2021,2663.486328,2682.784126,2653.989252,2666.999003,3053778
12-03-2021,2652.211914,2703.427024,2637.814579,2666.999711,2938317
15-03-2021,2659.323975,2687.815423,2637.511036,2637.511036,3097083
16-03-2021,2697.398682,2724.242095,2653.989433,2653.989433,4894756
17-03-2021,2699.914307,2736.385027,2675.933077,2693.019179,3838390
18-03-2021,2633.607666,2728.969113,2590.718889,2711.189117,3656306
19-03-2021,2645.490234,2687.815346,2606.287549,2627.970474,5776626
22-03-2021,2714.398193,2722.897941,2618.12602,2644.188934,2821646
23-03-2021,2725.630127,2748.527208,2708.500618,2723.375018,3305973
24-03-2021,2706.98291,2734.043156,2698.352937,2698.396346,2207104
25-03-2021,2658.196289,2715.439205,2645.316548,2699.263617,3179786
26-03-2021,2659.887451,2704.294033,2639.288675,2680.572832,3697370
30-03-2021,2739.464111,2765.396805,2654.770481,2673.938271,4694008
31-03-2021,2756.203125,2779.750694,2716.43656,2736.384849,3530069
01-04-2021,2745.057617,2788.423456,2727.711282,2767.69467,4285076
05-04-2021,2809.152588,2830.05501,2732.915518,2750.261856,5317862
06-04-2021,2831.529541,2840.462948,2801.433686,2840.462948,2291562
07-04-2021,2837.341064,2842.675192,2805.597386,2826.586417,2491268
08-04-2021,2877.194092,2892.502152,2832.700688,2836.126548,2578118
09-04-2021,2881.444092,2909.285054,2869.084824,2908.981408,2911129
12-04-2021,2815.787842,2895.19075,2786.862737,2881.443692,3791828
13-04-2021,2692.195557,2787.557025,2665.308728,2787.557025,8654596
15-04-2021,2791.849609,2807.721551,2677.79744,2740.981559,6062760
16-04-2021,2771.208008,2816.178482,2760.323348,2800.566775,3224657
19-04-2021,2742.282715,2765.873693,2719.125395,2748.527354,2679106
20-04-2021,2727.321777,2797.401035,2711.53665,2797.097389,3141893
22-04-2021,2704.988525,2730.314142,2693.236337,2730.314142,1988980
23-04-2021,2696.922119,2705.16163,2680.920163,2693.019193,1615309
26-04-2021,2689.376953,2734.650864,2678.31866,2690.4611,2490260
27-04-2021,2716.436279,2719.992363,2691.284092,2693.886042,1471417
28-04-2021,2709.584961,2732.915702,2699.090341,2732.004977,1639037
29-04-2021,2701.90918,2738.423309,2693.452839,2728.232334,1621395
30-04-2021,2632.87085,2716.480338,2619.297423,2687.815468,3072305
03-05-2021,2634.041504,2649.653209,2605.420045,2623.546884,1545831
04-05-2021,2645.099854,2680.009361,2632.306929,2656.418382,1990777
05-05-2021,2684.953125,2688.162155,2647.398258,2662.663121,1939289
06-05-2021,2698.613281,2718.171321,2666.132304,2693.452788,1791671
07-05-2021,2717.217285,2740.591647,2698.917024,2717.304102,1912540
10-05-2021,2728.145752,2744.364538,2710.365753,2728.536002,2137153
11-05-2021,2708.283936,2713.054179,2681.006649,2710.365411,2415625
12-05-2021,2677.927979,2706.028964,2663.18359,2706.028964,1978558
14-05-2021,2646.617676,2687.381572,2636.643531,2687.381572,2043935
17-05-2021,2662.445801,2667.172635,2633.173858,2649.652878,2890462
18-05-2021,2678.968994,2709.498512,2669.601927,2688.682903,2098538
19-05-2021,2673.070801,2704.294211,2660.147863,2674.805435,1986041
20-05-2021,2653.990234,2678.969008,2647.138514,2660.14827,2329027
21-05-2021,2671.770264,2678.448563,2649.740495,2654.857581,1685566
24-05-2021,2672.637207,2693.019156,2664.397696,2672.637207,1652260
25-05-2021,2714.036133,2726.455855,2686.233471,2694.861825,1841613
26-05-2021,2752.820801,2758.485938,2705.146537,2719.265759,1923753
27-05-2021,2771.558838,2804.460205,2755.6965,2755.827148,5959785
28-05-2021,2739.834717,2787.247472,2732.905648,2779.839215,1763701
31-05-2021,2753.387207,2763.148844,2726.761234,2745.412522,1652799
01-06-2021,2748.026855,2762.799745,2729.724108,2761.623268,1377441
02-06-2021,2727.501709,2753.648493,2714.907717,2746.153209,2240078
03-06-2021,2737.786377,2749.378161,2721.575285,2749.378161,1281706
04-06-2021,2739.965088,2751.382602,2723.623348,2726.238026,1836060
07-06-2021,2774.348633,2780.66744,2731.119402,2741.055097,2559821
08-06-2021,2789.121094,2816.00879,2777.834441,2787.247326,2574057
09-06-2021,2789.208252,2806.421552,2776.962799,2790.733481,1710925
10-06-2021,2803.632568,2809.907754,2782.88941,2797.705921,1874324
11-06-2021,2853.311768,2883.990622,2798.577784,2799.057184,3452954
14-06-2021,2855.533447,2883.728263,2850.304091,2857.842994,1847360
15-06-2021,2843.680664,2874.403135,2833.919241,2874.403135,1304985
16-06-2021,2853.790527,2871.526633,2835.18265,2843.113925,1635552
17-06-2021,2891.615967,2907.565545,2841.283415,2846.076992,2273413
18-06-2021,2873.792969,2926.696584,2854.357151,2920.508427,3380431
21-06-2021,2852.701172,2863.944203,2834.049673,2845.641456,1130569
22-06-2021,2877.192139,2899.722037,2863.072918,2879.632548,1708688
23-06-2021,2842.50415,2901.421659,2838.146353,2901.421659,1467104
24-06-2021,2940.293213,2948.485787,2857.407819,2862.201397,4155204
25-06-2021,2946.568359,2962.997128,2919.724285,2941.731162,2722861
28-06-2021,2908.176025,2955.893906,2904.907677,2955.893906,1355238
29-06-2021,2911.75,2933.931149,2899.243035,2912.752208,1497322
30-06-2021,2916.020508,2947.614543,2909.701701,2916.238398,1693146
01-07-2021,2912.315918,2930.182887,2904.341234,2926.696649,990310
02-07-2021,2898.327393,2910.747115,2871.962719,2903.16459,1682274
05-07-2021,2894.449219,2940.641874,2877.889588,2912.751969,1972858
06-07-2021,2843.289063,2900.550488,2837.885435,2887.477094,2159420
07-07-2021,2854.313232,2861.067817,2825.246856,2854.356853,2640710
08-07-2021,2839.976318,2874.402915,2816.792753,2874.402915,2485811
09-07-2021,2796.09375,2860.458509,2789.862184,2832.568603,6365067
12-07-2021,2782.976074,2820.365883,2778.836168,2819.494324,1892226
13-07-2021,2778.13916,2801.191863,2767.201047,2801.191863,1809339
14-07-2021,2801.671875,2808.164951,2775.917247,2777.660366,2044279
15-07-2021,2797.653076,2822.896238,2789.835639,2819.184027,2232968
16-07-2021,2790.534424,2812.414674,2788.088689,2806.431378,1256526
19-07-2021,2781.625732,2794.902305,2774.113878,2777.607724,1597058
20-07-2021,2800.142822,2808.178625,2756.775332,2781.625482,1811945
22-07-2021,2809.358398,2816.870041,2786.342599,2786.342599,2859334
23-07-2021,2806.301025,2831.369329,2800.885393,2821.280806,1776193
26-07-2021,2792.937256,2816.258639,2787.085106,2795.077194,1259611
27-07-2021,2780.184326,2803.811503,2761.142822,2795.076888,1121367
28-07-2021,2793.154785,2798.963218,2736.030284,2784.594821,1660654
29-07-2021,2791.408203,2817.30625,2786.604165,2795.295064,1731997
30-07-2021,2766.645508,2815.603066,2762.190982,2811.67249,2999943
02-08-2021,2812.021729,2816.825767,2766.252433,2777.607432,2608669
03-08-2021,2869.233887,2873.688626,2811.629138,2820.407469,3804735
04-08-2021,2859.669678,2886.965354,2848.533042,2882.423396,2929598
05-08-2021,2868.403564,2895.524584,2849.66786,2860.586127,2534521
06-08-2021,2890.983398,2903.386511,2851.852274,2858.446952,2292362
09-08-2021,2902.250488,2914.74103,2891.15757,2903.298599,1510489
10-08-2021,2912.033203,2926.008587,2896.049028,2896.049028,2040777
11-08-2021,2921.030273,2934.83101,2906.094208,2926.096393,1929707
12-08-2021,2927.624512,2941.818261,2905.132879,2905.132879,1310205
13-08-2021,3025.146973,3039.646521,2932.64747,2935.48622,4363584
16-08-2021,3033.488037,3052.180241,3001.650408,3022.176753,2083489
17-08-2021,3103.452393,3110.221719,3024.797143,3041.480342,4336019
18-08-2021,3110.003418,3140.094124,3089.084057,3121.620499,2631309
20-08-2021,3109.086182,3122.624835,3057.115223,3062.355992,2836148
23-08-2021,3177.128418,3208.223729,3111.182082,3126.991819,3744176
24-08-2021,3155.991455,3203.289529,3139.570334,3194.249116,2511141
25-08-2021,3195.995605,3229.842238,3150.619324,3153.195992,2123263
26-08-2021,3207.219971,3220.976991,3186.300395,3196.869366,1902533
27-08-2021,3249.407959,3257.57491,3189.095608,3202.1101,3944728
30-08-2021,3232.943604,3267.052323,3220.977222,3244.909985,2033114
31-08-2021,3307.318604,3322.735329,3234.821291,3240.018345,3207480
01-09-2021,3244.865967,3333.74068,3237.92199,3315.660069,2643336
02-09-2021,3351.253174,3370.818625,3251.023474,3261.505011,3403717
03-09-2021,3355.883301,3368.854078,3323.12849,3340.990737,1746812
06-09-2021,3364.573975,3386.934676,3331.382435,3362.56497,1723693
07-09-2021,3333.042236,3380.252881,3326.36034,3375.055827,1585039
08-09-2021,3296.573975,3332.254955,3280.720737,3327.887648,4147175
09-09-2021,3311.642334,3326.753263,3288.583032,3310.157492,1441148
13-09-2021,3358.765625,3364.923359,3290.329824,3290.329824,1691473
14-09-2021,3394.184326,3403.443104,3340.9906,3362.783424,1991188
15-09-2021,3454.147461,3476.377015,3376.802397,3390.865213,2461369
16-09-2021,3409.383057,3477.906084,3399.600328,3432.704441,2946666
17-09-2021,3343.479736,3445.805667,3323.521055,3423.969129,6477148
20-09-2021,3339.679688,3381.169104,3326.010102,3327.014497,2002008
21-09-2021,3374.138184,3381.650038,3338.06418,3369.814592,1568129
22-09-2021,3373.439453,3403.74874,3364.966919,3373.74525,1744067
23-09-2021,3379.641113,3388.157363,3349.725055,3380.296209,2003869
24-09-2021,3381.431641,3445.28155,3367.194175,3397.765328,2320754
27-09-2021,3351.427979,3409.993613,3321.686573,3406.499767,1673362
28-09-2021,3300.942383,3362.827224,3276.572889,3362.827224,2253075
29-09-2021,3312.079102,3324.394996,3251.155152,3284.041111,2489161
30-09-2021,3297.797363,3323.52076,3275.567812,3323.52076,2252412
01-10-2021,3258.186035,3327.888305,3253.644078,3303.213018,1578374
04-10-2021,3295.832275,3304.872474,3238.314751,3253.469393,1356860
05-10-2021,3348.240234,3354.092384,3268.143852,3278.97469,1877966
06-10-2021,3328.674561,3369.334239,3314.786607,3350.598531,1678154
07-10-2021,3400.298584,3405.626785,3336.667034,3345.357935,1647233
08-10-2021,3437.638428,3485.023711,3406.499613,3428.336149,2934339
11-10-2021,3219.229736,3282.031532,3196.869037,3279.847878,11845402
12-10-2021,3190.624023,3237.92188,3171.189504,3237.048418,5752877
13-10-2021,3192.67627,3210.363864,3183.767005,3188.134313,3545655
14-10-2021,3160.515381,3211.754726,3157.671184,3172.373537,6442299
18-10-2021,3191.757568,3196.614624,3151.763828,3153.514103,3590107
19-10-2021,3180.380859,3229.344973,3172.548421,3210.879487,3135441
20-10-2021,3158.23999,3176.749063,3131.504497,3160.996588,2933693
21-10-2021,3091.42334,3157.014855,3072.826667,3154.083273,4871211
22-10-2021,3061.975586,3116.890476,3049.854843,3115.49017,2691670
25-10-2021,3056.812012,3075.71507,3019.224892,3065.607188,2595594
26-10-2021,3047.753418,3088.359706,3041.102289,3058.167467,3878763
27-10-2021,3054.011475,3072.826933,3048.104296,3048.104296,2510813
28-10-2021,2994.415039,3078.734648,2988.595458,3078.734648,2424942
29-10-2021,2973.498779,3028.851232,2963.172113,2975.511639,3960501
01-11-2021,3042.327637,3051.604179,2986.80021,3008.678646,2020718
02-11-2021,3049.154053,3074.883224,3036.508359,3057.730443,3087414
03-11-2021,3056.199219,3080.396687,3033.270657,3066.65707,1537639
04-11-2021,3070.550781,3074.576499,3067.356615,3074.313915,328991
08-11-2021,3065.387695,3104.987665,3046.528441,3104.987665,2526082
09-11-2021,3067.969727,3093.6113,3059.480935,3069.982586,1782692
10-11-2021,3049.241943,3080.221729,3045.653794,3061.231286,1516489
11-11-2021,3052.654541,3071.776381,3006.972407,3045.478456,1284514
12-11-2021,3085.77832,3092.866805,3050.46644,3068.231772,1747259
15-11-2021,3109.625977,3123.89076,3087.484956,3087.484956,1809157
16-11-2021,3112.338379,3129.097387,3099.736487,3123.365195,2013204
17-11-2021,3082.147217,3117.984275,3068.582583,3107.263838,1632914
18-11-2021,3041.715576,3081.228165,3020.624889,3076.23971,2136598
22-11-2021,3026.575195,3076.939397,3010.735336,3044.077944,3167936
23-11-2021,3031.694824,3046.309576,2982.293359,3014.848429,2153461
24-11-2021,3013.361328,3056.899424,2996.47113,3038.652719,2161746
25-11-2021,3015.635498,3030.600431,3005.265249,3013.885223,1849619
26-11-2021,3016.467529,3054.229624,2985.881305,2997.345691,1941251
29-11-2021,3064.731689,3088.666787,2981.112254,3016.73031,2981745
30-11-2021,3088.491455,3118.771298,3055.105045,3055.105045,5588446
01-12-2021,3131.066895,3141.743529,3093.610968,3093.610968,2102118
02-12-2021,3188.038818,3192.502106,3127.82952,3141.04397,3152938
03-12-2021,3185.894287,3208.210293,3177.493095,3191.145112,2486263
06-12-2021,3094.836426,3201.25324,3082.23453,3185.894533,1849642
07-12-2021,3136.93042,3148.744776,3084.247184,3117.677395,1484458
08-12-2021,3174.036133,3191.145114,3151.370157,3151.370157,1428660
09-12-2021,3152.0271,3180.906643,3120.740928,3159.246985,1567957
10-12-2021,3182.700195,3187.250868,3128.704253,3137.368029,1510718
13-12-2021,3158.940186,3204.753722,3151.982885,3194.252071,1883864
14-12-2021,3171.323486,3181.124984,3130.104422,3154.870858,1747007
15-12-2021,3124.547363,3170.623269,3113.870514,3167.997856,1603233
16-12-2021,3134.392822,3157.890138,3124.241141,3134.742792,2072320
17-12-2021,3136.799316,3195.433531,3127.478973,3152.682977,4333992
20-12-2021,3112.775879,3155.745207,3071.863209,3140.867873,2312310
21-12-2021,3157.758789,3186.550728,3121.090398,3135.311383,2340989
22-12-2021,3177.405762,3182.700387,3155.964891,3171.498583,1224328
23-12-2021,3205.365723,3212.191837,3176.748772,3192.501246,1792861
24-12-2021,3212.541748,3242.384018,3189.70079,3224.881271,2209923
27-12-2021,3234.595703,3238.008654,3196.964792,3212.629667,1534135
28-12-2021,3243.740723,3259.886966,3232.62652,3246.759904,1456218
29-12-2021,3233.370605,3255.467828,3224.881814,3231.226561,1456923
30-12-2021,3267.544434,3273.014043,3220.505796,3221.687317,1966475
31-12-2021,3271.570557,3290.517199,3265.400794,3275.464876,1207141
03-01-2022,3341.056396,3351.776832,3277.390139,3281.765827,2346158
04-01-2022,3399.690674,3403.541194,3335.761832,3352.739629,2488606
05-01-2022,3378.862061,3386.782098,3336.374093,3382.40641,1733031
06-01-2022,3332.041748,3356.151825,3301.018171,3336.023666,1810293
07-01-2022,3372.342529,3382.319012,3322.37209,3343.025422,2460591
10-01-2022,3395.4021,3481.296754,3378.905673,3481.296754,3937092
11-01-2022,3426.950684,3434.91452,3374.530035,3374.530035,1906106
12-01-2022,3377.943359,3438.41545,3357.509026,3434.9149,3203744
13-01-2022,3411.198486,3433.164524,3375.405447,3428.788836,6684507
14-01-2022,3472.677002,3480.422055,3378.07476,3393.652252,3348123
17-01-2022,3517.309326,3538.181444,3467.55788,3494.161979,3442604
18-01-2022,3492.324219,3537.043622,3483.047675,3530.261306,2389041
19-01-2022,3431.876953,3517.221381,3428.238836,3517.221381,3102539
20-01-2022,3354.642334,3436.567608,3341.009989,3427.800854,6176776
21-01-2022,3360.734863,3376.558896,3306.030409,3337.502967,3112358
24-01-2022,3306.249268,3374.892768,3278.853166,3366.432937,3258414
25-01-2022,3304.978271,3339.606947,3263.160901,3304.627687,3330501
27-01-2022,3199.20752,3272.979665,3178.035895,3270.875729,5718297
28-01-2022,3234.975342,3269.823181,3196.357757,3196.357757,3143862
31-01-2022,3275.478027,3294.545715,3262.459314,3286.655637,2739393
01-02-2022,3331.936035,3338.379684,3275.609645,3305.066022,2105169
02-02-2022,3380.63501,3387.473119,3331.935657,3355.825058,1984212
03-02-2022,3352.932617,3403.692034,3345.437,3376.076761,1960538
04-02-2022,3344.428467,3353.019927,3304.189157,3344.779265,2307366
07-02-2022,3312.955566,3359.24406,3292.923453,3323.475669,1919149
08-02-2022,3281.790039,3331.103024,3262.108722,3323.958206,2946443
09-02-2022,3296.780762,3312.034824,3284.112849,3287.531796,1638721
10-02-2022,3305.372803,3322.424095,3294.545777,3322.424095,2112459
11-02-2022,3239.27124,3289.723945,3234.93174,3289.723945,3851488
14-02-2022,3273.286377,3325.448557,3252.465339,3264.738793,5951745
15-02-2022,3346.970703,3362.049474,3285.77873,3319.092388,3931683
16-02-2022,3342.85083,3378.794519,3336.62635,3369.940013,3256906
17-02-2022,3317.514893,3362.050044,3312.956223,3353.28329,3134372
18-02-2022,3326.018066,3345.348798,3294.194927,3304.188939,3688883
21-02-2022,3260.705566,3355.737284,3248.563744,3340.132423,7465922
22-02-2022,3144.108154,3215.55719,3129.730765,3199.864788,5408531
23-02-2022,3124.29541,3176.106791,3117.150378,3165.674441,2426203
24-02-2022,2982.142578,3054.205462,2972.893825,3045.570124,5039136
25-02-2022,3086.555176,3094.664424,3035.050492,3040.310545,2549723
28-02-2022,3115.87915,3124.251442,3029.70193,3059.596642,3288942
02-03-2022,3108.821777,3131.440041,3073.623353,3114.388751,2761341
03-03-2022,3107.287842,3137.270308,3094.751556,3123.462672,1928039
04-03-2022,3089.711182,3122.016543,3057.011145,3069.679062,2370257
07-03-2022,3055.125488,3110.443782,3008.354992,3024.529608,3054130
08-03-2022,3155.987549,3163.921504,3033.29687,3033.29687,3300992
09-03-2022,3184.610596,3203.37136,3153.444748,3160.414273,2719654
10-03-2022,3174.397461,3229.671883,3169.181286,3229.671883,2005441
11-03-2022,3155.2854,3190.966252,3149.762518,3158.879854,1623423
14-03-2022,3193.727539,3198.417837,3138.497005,3138.497005,1765688
15-03-2022,3150.683594,3207.755247,3143.231853,3207.755247,3651133
16-03-2022,3205.036865,3215.644721,3170.276778,3191.536152,3090475
17-03-2022,3219.808594,3252.464742,3208.894031,3240.717381,3600452
21-03-2022,3179.437988,3255.927901,3169.180931,3240.191624,2413831
22-03-2022,3244.53125,3253.341879,3177.947807,3191.097936,2907611
23-03-2022,3254.569336,3269.823615,3234.931895,3250.71205,1596195
24-03-2022,3287.401367,3294.721478,3239.315635,3243.699012,1879046
25-03-2022,3250.22998,3313.394482,3219.151882,3296.21156,1690133
28-03-2022,3250.448486,3255.094908,3209.683091,3239.314754,1760990
29-03-2022,3248.388916,3262.985474,3235.80854,3239.096072,2689063
30-03-2022,3271.357422,3277.011934,3249.13362,3277.011934,1583455
31-03-2022,3278.72168,3291.608764,3261.407343,3278.765556,2168110
01-04-2022,3295.203613,3298.929484,3268.289722,3285.779353,1387014
04-04-2022,3305.372803,3313.832634,3276.223349,3298.052478,1472994
05-04-2022,3344.341064,3362.575954,3306.819318,3306.819318,2314947
06-04-2022,3292.222412,3339.518998,3271.0067,3339.518998,2051729
07-04-2022,3229.802979,3283.58709,3225.288187,3283.58709,2494829
08-04-2022,3231.118408,3248.082162,3193.289953,3234.932032,2296773
11-04-2022,3240.542236,3254.525377,3205.212396,3234.9316,2291660
12-04-2022,3235.895996,3277.888654,3198.41813,3228.794841,4483476
13-04-2022,3210.340576,3252.333445,3204.729941,3249.834835,1621672
18-04-2022,3092.954346,3164.797844,3088.088755,3164.797844,3820792
19-04-2022,3043.729004,3124.076427,3015.017887,3112.197433,3170014
20-04-2022,3118.158691,3128.985503,3050.829987,3068.363492,2640370
21-04-2022,3181.147949,3194.605002,3127.451584,3138.497779,2280996
22-04-2022,3167.033691,3170.934854,3131.046124,3139.462293,1581465
25-04-2022,3110.618652,3142.003665,3097.380986,3119.210111,1960694
26-04-2022,3108.954102,3145.423671,3084.27556,3134.246059,1943469
27-04-2022,3122.015625,3128.37152,3073.886243,3108.690205,1727648
28-04-2022,3142.26709,3159.888134,3101.72086,3145.510745,1703660
29-04-2022,3109.304443,3176.413985,3100.66932,3153.401257,2051115
02-05-2022,3105.534424,3110.400014,3062.007582,3085.80923,1324161
04-05-2022,3050.610352,3108.207866,3037.942438,3102.115017,2305825
05-05-2022,3080.110596,3097.293515,3055.520027,3078.971089,1612262
06-05-2022,3009.275635,3046.008243,3002.174479,3032.419776,2010812
09-05-2022,3020.234375,3029.790051,2934.101021,2978.94288,2481830
10-05-2022,3014.66748,3037.504917,2999.983168,3010.503272,1622685
11-05-2022,2991.216309,3023.171082,2965.047464,3011.379842,1841769
12-05-2022,2988.279053,3024.266615,2936.949887,2961.409042,2807195
13-05-2022,2993.758057,3015.674937,2965.046944,3011.379314,2187823
16-05-2022,2960.357178,3006.996261,2951.415133,2993.846131,1195813
17-05-2022,3025.932129,3039.432841,2937.21243,2954.395349,1754076
18-05-2022,3023.478027,3063.980386,3018.437144,3037.680125,1866781
19-05-2022,2859.670898,2985.079341,2831.661166,2978.065938,4642963
20-05-2022,2886.89209,2905.21452,2866.772432,2901.795572,3065125
23-05-2022,2912.096191,2927.131087,2864.098219,2897.236588,2293690
24-05-2022,2882.507813,2914.813376,2871.637127,2906.309457,1711510
25-05-2022,2795.706787,2906.206068,2783.703818,2906.206068,3548046
26-05-2022,2848.043213,2860.884803,2807.091562,2816.314486,2813186
27-05-2022,2878.360107,2893.893396,2850.029184,2871.211118,3103153
30-05-2022,2978.930176,2988.947552,2900.468846,2909.868244,2094624
31-05-2022,2969.30957,2986.122555,2934.579944,2960.307078,4840965
01-06-2022,2961.234863,2990.183555,2947.863851,2990.183555,1493835
02-06-2022,3021.07373,3029.016957,2953.379834,2961.058243,2657939
03-06-2022,3036.209473,3068.99747,3028.31042,3053.199149,1913622
06-06-2022,3028.090332,3047.55128,2980.607445,3016.660955,1084210
07-06-2022,2967.85376,3017.41079,2961.940513,3001.700812,2308256
08-06-2022,3004.436523,3013.085856,2953.55584,2983.25459,2185707
09-06-2022,3024.691895,3033.429356,2959.380934,2987.535167,1279197
10-06-2022,2965.382324,2994.595827,2958.410024,2984.887441,1527582
13-06-2022,2841.556885,2906.338221,2817.59469,2903.690479,3030921
14-06-2022,2833.569092,2858.590122,2801.928492,2815.432018,2611493
15-06-2022,2829.818115,2854.265554,2825.140395,2840.585555,1404536
16-06-2022,2773.068359,2863.841864,2765.169306,2859.561262,2032028
17-06-2022,2726.203369,2752.548489,2668.791668,2728.939455,5240434
20-06-2022,2746.943604,2770.199687,2708.639694,2730.704208,1502769
21-06-2022,2834.804932,2857.575556,2758.417532,2762.477489,2964461
22-06-2022,2844.513184,2868.872495,2809.254131,2824.169657,3336315
23-06-2022,2920.282715,2928.402413,2844.513085,2844.513085,3692578
24-06-2022,2906.42627,2952.232117,2892.657926,2946.936633,2132118
27-06-2022,2925.489502,2968.029838,2918.252385,2956.644636,2037686
28-06-2022,2928.535156,2938.993824,2888.333776,2918.694467,1400046
29-06-2022,2904.131836,2941.641516,2886.921512,2886.921512,2133994
30-06-2022,2883.479248,2922.136107,2872.799936,2887.803807,2719603
01-07-2022,2925.843018,2941.641124,2870.196268,2877.212741,1502879
04-07-2022,2855.192627,2928.358478,2846.36682,2923.107166,2622535
05-07-2022,2838.643799,2887.803491,2830.391585,2872.799622,2170627
06-07-2022,2877.874268,2884.714266,2826.24331,2840.585243,2182144
07-07-2022,2901.79248,2929.637724,2881.669601,2886.920912,1989921
08-07-2022,2882.022949,2916.929057,2868.387121,2912.516154,2136916
11-07-2022,2748.179199,2846.322108,2741.295028,2829.685379,6974600
12-07-2022,2722.496582,2767.949487,2718.569141,2749.150475,3734815
13-07-2022,2681.941895,2744.825765,2678.632217,2739.530281,3863530
14-07-2022,2653.624756,2705.170781,2625.528854,2704.28587,4764908
15-07-2022,2649.952637,2680.304889,2613.14028,2671.146197,4574806
18-07-2022,2710.922607,2722.824607,2667.385065,2675.083742,3202795
19-07-2022,2720.435059,2724.594093,2681.322073,2681.322073,1865074
20-07-2022,2800.564209,2806.891231,2741.496445,2750.124321,3402251
21-07-2022,2811.625488,2817.554344,2782.202221,2802.510869,2420640
22-07-2022,2806.050537,2829.058205,2781.715504,2818.439281,2075886
25-07-2022,2802.289551,2819.72224,2786.670971,2800.740958,1797504
26-07-2022,2757.291504,2804.191743,2740.124333,2800.475163,2639367
27-07-2022,2821.846436,2826.492215,2752.071169,2756.49572,1389808
28-07-2022,2885.250244,2888.34743,2833.173183,2845.871733,2106333
29-07-2022,2921.884766,2935.512512,2898.080769,2911.354421,2430257
01-08-2022,2919.141846,2944.09627,2894.541299,2944.09627,1306913
02-08-2022,2912.947754,2931.619232,2895.116682,2911.354872,1269114
03-08-2022,2955.158203,2963.564852,2899.895593,2902.506036,2895824
04-08-2022,2968.830078,2997.987832,2926.708473,2964.449815,2150567
05-08-2022,2977.767578,2988.342213,2968.874186,2974.360587,1106933
08-08-2022,2986.085449,2990.023257,2952.060692,2977.72309,1068836
10-08-2022,2968.210205,2995.421195,2951.175683,2995.421195,1878359
11-08-2022,3028.605713,3034.092114,2986.616759,3008.69523,1449248
12-08-2022,3010.06665,3025.508292,2992.102928,3025.508292,1472354
16-08-2022,3002.235352,3021.836246,2997.633861,3018.429254,839942
17-08-2022,3009.667969,3024.578575,2983.120665,2995.509406,1622326
18-08-2022,2992.103271,3001.616058,2975.068746,2999.846237,1430659
19-08-2022,2996.085205,3027.72075,2983.254005,2997.191343,1398410
22-08-2022,2968.476074,2994.625218,2962.148836,2977.723344,1536532
23-08-2022,2906.57666,2957.281851,2893.656882,2937.858112,1849256
24-08-2022,2880.692383,2927.282816,2876.134966,2913.124254,1691923
25-08-2022,2847.818115,2900.868441,2844.765218,2898.965971,1946930
26-08-2022,2851.357666,2882.152585,2846.579237,2862.065166,1457962
29-08-2022,2772.025391,2781.007142,2726.408228,2765.344276,2539173
30-08-2022,2841.579102,2855.162559,2780.476229,2791.891484,3431525
01-09-2022,2771.273682,2822.863998,2761.805184,2822.863998,3546935
02-09-2022,2770.123291,2798.971455,2761.185826,2798.971455,2052900
05-09-2022,2772.777832,2785.65332,2754.062066,2764.149957,2147912
06-09-2022,2767.158936,2779.370742,2748.841335,2774.636385,1936453
07-09-2022,2787.113525,2797.997749,2744.991709,2744.991709,1291534
08-09-2022,2804.855957,2817.112052,2796.405236,2805.165762,1346113
09-09-2022,2847.331787,2861.357703,2803.838529,2827.288653,1561185
12-09-2022,2869.719727,2893.479654,2853.83563,2867.020707,1785928
13-09-2022,2857.685059,2887.860369,2853.835613,2887.860369,1972678
14-09-2022,2761.273682,2779.856796,2755.433404,2774.193457,5090269
15-09-2022,2747.071289,2776.627206,2743.221843,2769.769151,2138023
16-09-2022,2662.429199,2738.221885,2654.730524,2721.983697,5322221
19-09-2022,2680.216064,2691.896836,2643.934746,2686.587375,2072220
20-09-2022,2690.392822,2725.479429,2681.278203,2698.976409,1544295
21-09-2022,2655.792725,2691.366075,2653.093705,2679.508364,2253818
22-09-2022,2661.279297,2681.234068,2636.413446,2645.881943,2017983
23-09-2022,2638.84668,2674.641256,2636.14766,2658.270417,2652374
26-09-2022,2649.775146,2677.605746,2589.33595,2619.20167,2925489
27-09-2022,2670.172852,2676.853968,2633.493359,2663.04928,2227447
28-09-2022,2686.277832,2698.932092,2637.032661,2637.032661,2739767
29-09-2022,2652.341553,2704.153091,2645.881665,2702.515921,2493902
30-09-2022,2658.757324,2672.163629,2610.574001,2646.634096,2817353
03-10-2022,2641.413086,2673.048631,2631.723361,2650.306478,1763331
04-10-2022,2735.390625,2741.452347,2675.084069,2681.234153,2145875
06-10-2022,2744.94751,2764.459825,2736.540862,2752.955991,1790816
07-10-2022,2712.161621,2747.646612,2706.144404,2740.921207,1939879
10-10-2022,2759.636963,2767.114411,2659.155359,2663.57991,3064063
11-10-2022,2716.276611,2783.043054,2701.941107,2743.222088,4730645
12-10-2022,2743.885742,2751.982585,2709.639755,2729.859827,1665247
13-10-2022,2746.142334,2752.07119,2701.056195,2743.885769,2054781
14-10-2022,2742.469727,2787.467503,2717.559588,2783.042951,2245977
17-10-2022,2760.746338,2775.518141,2724.992112,2726.056709,1517005
18-10-2022,2789.97876,2799.427573,2775.650561,2794.680965,1793722
19-10-2022,2769.706787,2802.666197,2760.967776,2802.666197,1194289
20-10-2022,2801.157959,2803.553357,2754.757333,2754.757333,1587601
21-10-2022,2783.502686,2803.908296,2774.275887,2801.601705,1021913
24-10-2022,2805.061279,2819.522688,2799.11708,2812.513892,260949
25-10-2022,2805.416748,2825.068152,2795.701729,2821.74115,2069643
27-10-2022,2801.246582,2815.974196,2780.796785,2804.174387,2438421
28-10-2022,2806.437012,2819.966819,2790.245602,2794.681605,1355739
31-10-2022,2832.963867,2838.154076,2819.345471,2838.154076,1919414
01-11-2022,2892.00708,2894.580091,2842.102058,2851.905666,2991060
02-11-2022,2876.037842,2901.145659,2858.604438,2901.145659,1405955
03-11-2022,2845.029785,2863.927196,2834.605181,2863.927196,1422652
04-11-2022,2854.478516,2856.829727,2809.009495,2854.123722,1464013
07-11-2022,2868.940186,2877.013797,2834.694377,2864.770387,1474498
09-11-2022,2853.280762,2883.223774,2840.504947,2883.223774,1162267
10-11-2022,2844.053955,2861.22137,2812.425347,2812.425347,1573092
11-11-2022,2941.912598,2964.669422,2887.882171,2900.790982,3265394
14-11-2022,2959.256836,2971.234041,2935.746026,2949.054032,1342074
15-11-2022,2956.68457,2963.205364,2920.664142,2946.392958,1400708
16-11-2022,2976.86792,2988.002112,2946.791697,2962.2733,1748235
17-11-2022,2971.234375,2980.99358,2943.50936,2963.249571,1417986
18-11-2022,2966.310303,2983.433315,2946.392696,2972.121509,1164540
21-11-2022,2913.123047,2957.660472,2903.807441,2947.723869,1304194
22-11-2022,2941.025391,2944.574193,2888.059562,2910.017775,1149739
23-11-2022,2935.125244,2954.37745,2919.776633,2954.37745,1150011
24-11-2022,2998.870605,3010.226815,2935.125381,2942.178582,1296591
25-11-2022,3007.298828,3019.453647,2970.347017,3001.399032,1588981
28-11-2022,3012.267334,3031.563944,2985.917524,2986.316721,2195437
29-11-2022,3014.130615,3042.210424,3001.399202,3001.399202,1576028
30-11-2022,3008.319336,3029.700737,2994.301525,3001.399129,3410702
01-12-2022,3083.598633,3087.458042,3034.226007,3038.66201,2180856
02-12-2022,3051.215576,3077.609792,3028.015369,3068.028199,2411749
05-12-2022,3039.459717,3051.215122,3022.691716,3045.758926,1475065
06-12-2022,3003.484375,3023.534977,2988.091359,3016.526179,1166999
07-12-2022,2999.27002,3010.892216,2975.6704,2988.35741,1167505
08-12-2022,2972.609619,2999.270037,2962.761607,2980.99362,1285619
09-12-2022,2921.329346,2993.503191,2906.779345,2993.503191,1797896
12-12-2022,2915.739746,2924.212553,2871.069335,2888.280937,1527610
13-12-2022,2956.240723,2960.099915,2899.19369,2907.533288,1378016
14-12-2022,2985.740967,2996.076768,2964.048736,2971.057752,1213311
15-12-2022,2932.286377,2985.207799,2926.829964,2979.928999,1415694
16-12-2022,2874.751465,2920.664091,2861.399054,2905.581683,2703680
19-12-2022,2840.859863,2879.408674,2834.161457,2862.995468,2120965
20-12-2022,2878.03418,2882.514586,2806.791932,2838.065752,1529971
21-12-2022,2899.858887,2912.723292,2874.529272,2882.514076,1432566
22-12-2022,2892.00708,2922.438097,2879.054084,2922.438097,1384101
23-12-2022,2864.193848,2898.351067,2854.124035,2854.124035,1360281
26-12-2022,2885.974365,2902.919981,2861.265962,2864.193767,870157
27-12-2022,2891.830566,2904.517579,2866.988948,2900.43637,835883
28-12-2022,2889.700439,2897.685243,2862.108421,2883.223833,910795
29-12-2022,2900.036377,2902.476178,2863.88296,2866.633368,1037927
30-12-2022,2889.345459,2926.874079,2880.029855,2915.384877,1163131
02-01-2023,2893.560059,2898.351071,2870.271045,2893.160862,709547
03-01-2023,2937.831055,2945.505251,2879.231426,2885.175626,1245178
04-01-2023,2940.759277,2952.026898,2915.518464,2933.706076,1231668
05-01-2023,2937.609619,2960.854229,2911.747595,2954.555018,1826057
06-01-2023,2849.288818,2929.136864,2839.041609,2927.76166,2488376
09-01-2023,2945.460938,2951.715744,2857.805494,2864.770104,2885060
10-01-2023,2915.695557,2925.987169,2865.746343,2914.453563,3864655
11-01-2023,2953.223877,2971.677688,2902.165451,2918.978072,2720512
12-01-2023,2958.237305,2972.121907,2941.557891,2953.490695,2250391
13-01-2023,2993.902588,2997.850587,2932.197748,2965.822561,1742837
16-01-2023,3025.206787,3042.401346,2992.541577,3009.736136,1843607
17-01-2023,3065.447998,3068.533178,3013.365231,3021.531532,1688475
18-01-2023,3075.973633,3093.16819,3059.867871,3066.899964,2421189
19-01-2023,3060.639648,3073.251961,3049.660419,3066.900392,1585044
20-01-2023,3051.56543,3080.192676,3044.760179,3053.289338,1529349
23-01-2023,3098.567139,3102.287432,3044.760459,3074.159058,1067916
24-01-2023,3117.985107,3132.185312,3100.745135,3107.731817,1387863
25-01-2023,3112.041748,3116.805424,3089.584416,3108.004009,874110
27-01-2023,3095.07373,3126.786157,3068.986934,3108.638821,1785879
30-01-2023,3115.579834,3138.082574,3071.935625,3103.194366,1953798
31-01-2023,3047.572998,3129.508269,3040.586318,3129.508269,2820375
01-02-2023,3092.623779,3102.287147,3044.215671,3051.474606,2205161
02-02-2023,3139.852295,3147.655739,3103.285587,3109.546329,1813847
03-02-2023,3159.723633,3179.413449,3133.046914,3179.413449,1804469
06-02-2023,3139.444336,3151.421536,3118.484292,3151.421536,1138714
07-02-2023,3150.876953,3169.432562,3140.759679,3147.564931,1455647
08-02-2023,3194.021973,3211.987658,3155.867154,3155.867154,1986946
09-02-2023,3212.849854,3218.974579,3180.592919,3189.394333,1655427
10-02-2023,3209.855713,3214.211118,3183.178994,3193.93138,1187821
13-02-2023,3159.814941,3220.245676,3151.648638,3220.245676,1087939
14-02-2023,3175.875,3198.332331,3171.24734,3180.321009,1579818
15-02-2023,3194.52124,3199.375742,3139.625542,3163.988432,1429449
16-02-2023,3228.456543,3243.836366,3200.282759,3200.464188,1618931
17-02-2023,3176.827393,3211.080492,3166.710341,3199.511564,1061369
20-02-2023,3164.260498,3195.746084,3153.145254,3177.598747,1296082
21-02-2023,3131.323242,3183.859698,3125.652199,3170.34002,1139541
22-02-2023,3086.454102,3127.693885,3080.510804,3098.61273,1218430
23-02-2023,3097.568848,3132.593073,3092.306076,3104.101844,1441570
24-02-2023,3085.455566,3115.852356,3068.986947,3105.46305,977592
27-02-2023,3023.210938,3075.974242,3008.829081,3075.974242,1128022
28-02-2023,3005.970703,3077.788709,2994.220124,3020.170907,4116217
01-03-2023,3072.072266,3075.066621,3007.921466,3015.180402,1669307
02-03-2023,3013.773682,3057.735563,3010.64331,3049.660086,1556538
03-03-2023,3032.556152,3046.938006,3022.529925,3043.308539,1043190
06-03-2023,3059.505127,3089.538838,3047.845374,3050.476649,1334132
08-03-2023,3076.33667,3081.418013,3022.303148,3052.382272,1844590
09-03-2023,3027.74707,3071.436694,3022.302869,3071.436694,1648500
10-03-2023,3022.439453,3028.110497,2985.237406,3006.016022,1024404
13-03-2023,2977.932861,3057.645135,2968.904605,3024.253988,1901233
14-03-2023,2917.138916,2998.302834,2912.102986,2976.163172,2670334
15-03-2023,2902.575684,2958.333553,2896.314941,2948.942218,1780522
16-03-2023,2889.963623,2921.540036,2878.167853,2910.833062,1901060
17-03-2023,2884.791748,2922.991763,2852.761651,2858.659536,6739966
20-03-2023,2852.126465,2876.03545,2808.346011,2876.03545,2289468
21-03-2023,2818.372314,2864.330358,2810.523458,2852.126318,1815297
22-03-2023,2840.784424,2852.30794,2818.372505,2840.103899,1123939
23-03-2023,2835.203857,2854.893896,2813.744719,2826.35703,1372218
24-03-2023,2831.437988,2876.352643,2818.28117,2857.207116,1329577
27-03-2023,2833.071777,2860.701056,2818.281652,2844.595293,1524217
28-03-2023,2827.264648,2857.79768,2822.047288,2837.33651,1303530
29-03-2023,2848.133789,2858.20565,2816.557599,2839.150946,1740616
31-03-2023,2908.927734,2915.370129,2860.020742,2894.455275,2382581
03-04-2023,2903.573975,2926.212734,2879.755594,2926.212734,1521830
05-04-2023,2939.687012,2961.962911,2890.41695,2890.41695,2655065
06-04-2023,2922.356689,2955.611821,2917.184742,2926.258412,1703464
10-04-2023,2961.101074,2968.904518,2917.184605,2921.721439,2203187
11-04-2023,2916.095703,2969.766365,2896.451077,2961.645476,2348779
12-04-2023,2941.365967,2958.878193,2902.666855,2928.935084,2417727
13-04-2023,2893.456787,2930.794843,2885.426502,2912.647507,4174070
17-04-2023,2848.678223,2870.364202,2785.843068,2843.77853,5505048
18-04-2023,2840.738281,2864.420641,2822.454931,2862.696511,2617302
19-04-2023,2803.400879,2849.132082,2786.977449,2840.738938,3298034
20-04-2023,2817.192627,2824.632991,2792.875151,2803.763553,2419999
21-04-2023,2868.050537,2871.316925,2813.563115,2821.910845,1929184
24-04-2023,2880.707764,2886.28798,2836.564242,2859.203218,1640676
25-04-2023,2881.797363,2895.589296,2855.937406,2888.148932,2024090
26-04-2023,2901.895264,2911.195774,2886.33401,2886.33401,2000029
27-04-2023,2892.640381,2902.848259,2876.942889,2889.963693,2434446
28-04-2023,2921.041016,2928.299951,2900.171576,2903.93706,2931312
02-05-2023,2921.176758,2935.331769,2912.647598,2935.331769,2321159
03-05-2023,2885.335693,2918.091725,2879.210967,2918.091725,2468285
04-05-2023,2922.356689,2925.759316,2883.612165,2885.562915,1953253
05-05-2023,2931.429932,2943.497955,2912.692895,2921.721151,1710027
08-05-2023,2949.486816,2953.343126,2931.974592,2944.405473,928235
09-05-2023,2979.112061,2992.495721,2945.312647,2951.301357,1107375
10-05-2023,2982.333496,3000.208579,2963.505633,2985.237026,1559987
11-05-2023,2978.11377,3003.111768,2968.904085,3002.476656,1719623
12-05-2023,2970.991699,2985.237316,2958.016307,2975.392296,1027479
15-05-2023,2953.524414,2987.051574,2947.445101,2979.792639,1150390
16-05-2023,2956.337402,2980.700292,2949.350721,2954.568081,986306
17-05-2023,2911.467773,2976.16307,2901.985835,2954.340854,1588815
18-05-2023,2903.4375,2929.841739,2899.036683,2927.119639,1369364
19-05-2023,2924.307617,2934.878353,2906.341708,2912.647863,1152449
22-05-2023,2993.131104,3001.977931,2919.044686,2930.795043,1333243
23-05-2023,2991.634033,3019.671581,2985.327878,2999.754923,1687418
24-05-2023,2997.350342,3009.91724,2972.53377,2972.53377,1016555
25-05-2023,2988.412598,2999.754683,2964.458202,2988.866281,1374917
26-05-2023,3020.533691,3029.380519,2986.144573,2988.412991,1791115
29-05-2023,3012.776123,3059.64154,3005.19952,3049.479074,1210372
30-05-2023,3009.010254,3018.764449,2995.535988,3007.921458,1344224
31-05-2023,2984.783691,3019.445066,2962.689217,3002.477348,5815424
01-06-2023,3016.087158,3030.605027,2992.041939,3007.01349,1177314
02-06-2023,2999.391846,3026.884883,2991.996673,3018.128882,2030661
05-06-2023,2984.238525,3018.809288,2980.745296,3007.920887,1861468
06-06-2023,2932.882324,2984.193971,2922.266175,2976.163685,2022849
07-06-2023,2971.535645,2975.119921,2940.775997,2951.664399,1567196
08-06-2023,2936.647949,2967.090157,2933.517577,2958.923854,1759366
09-06-2023,2912.012695,2948.942485,2908.42864,2944.40565,1775689
12-06-2023,2946.12915,2952.934401,2913.554771,2917.184238,2324605
13-06-2023,2943.22583,2962.552788,2938.96125,2958.015954,1371928
14-06-2023,2949.895264,2954.250669,2927.029662,2943.226028,1658544
15-06-2023,2940.068848,2968.543448,2934.309877,2966.578189,2273810
16-06-2023,2902.223877,2924.619696,2884.947191,2922.425909,4156189
19-06-2023,2934.674561,2938.788078,2902.31498,2916.026705,1468186
20-06-2023,2950.489502,2954.877299,2926.128422,2937.966169,1528452
21-06-2023,2978.369629,2981.294752,2947.061188,2970.87393,1645987
22-06-2023,2960.362061,2987.008429,2952.683582,2980.015537,1529603
23-06-2023,2940.114014,2970.325337,2933.532207,2959.264679,1119505
26-06-2023,2915.707275,2937.874568,2900.487348,2929.739032,1978803
27-06-2023,2922.74585,2933.989286,2908.988373,2926.996395,863542
28-06-2023,2939.29126,2953.460043,2919.134978,2932.481147,1575872
30-06-2023,3018.637207,3025.721601,2938.058034,2943.451225,2672406
03-07-2023,2991.259033,3033.765387,2988.01388,3029.651869,1687264
04-07-2023,3024.669434,3030.291151,2995.829061,3007.438277,1656681
05-07-2023,3034.816162,3043.088948,3021.150187,3034.861912,1453008
06-07-2023,3037.512939,3042.586323,3018.408023,3022.567292,1848238
07-07-2023,3043.317627,3068.59282,3018.407991,3018.407991,1789326
10-07-2023,2990.938721,3039.20404,2984.768444,3039.20404,1407431
11-07-2023,2991.350342,3012.009434,2980.74674,3012.009434,1110172
12-07-2023,2979.92334,3006.661203,2970.965192,2999.165505,1515240
13-07-2023,3053.647217,3078.236824,2991.670169,3001.953964,4585146
14-07-2023,3212.794434,3222.118586,3064.113707,3075.997203,6306101
17-07-2023,3191.81543,3245.01688,3178.423734,3208.543779,2743228
18-07-2023,3196.522949,3221.341081,3167.408299,3177.463563,2600090
19-07-2023,3172.025146,3214.805778,3149.720604,3199.402849,2405370
20-07-2023,3174.087402,3188.384546,3149.112991,3164.739227,1715404
21-07-2023,3087.020508,3148.05875,3078.542956,3119.785102,3770223
24-07-2023,3111.261719,3128.400077,3090.503261,3098.659952,1680132
25-07-2023,3115.293945,3122.305244,3097.926465,3113.781823,1272980
26-07-2023,3105.350098,3135.181959,3102.325629,3116.393872,1066803
27-07-2023,3113.232422,3126.750683,3102.372123,3111.445307,1701769
28-07-2023,3075.197266,3110.298955,3052.83495,3102.325519,2599831
31-07-2023,3135.731689,3140.497403,3080.238051,3083.445773,2743678
01-08-2023,3163.7771,3171.063168,3129.821017,3129.821017,1956167
02-08-2023,3153.328613,3158.598443,3128.53768,3148.104653,1914899
03-08-2023,3116.0271,3146.54633,3086.745223,3134.40281,2026351
04-08-2023,3155.986572,3181.144237,3117.21891,3117.21891,2248493
07-08-2023,3193.104736,3196.724836,3153.878825,3165.518231,1853889
08-08-2023,3180.777588,3198.511576,3167.946698,3193.104362,1634225
09-08-2023,3173.354248,3177.478463,3139.03166,3175.55374,1794589
10-08-2023,3154.657227,3175.553065,3143.613453,3161.897424,1096701
11-08-2023,3160.798096,3177.157346,3128.904125,3150.991675,1679974
14-08-2023,3161.760254,3166.480099,3126.154448,3153.374217,1190425
16-08-2023,3169.596191,3176.561621,3148.333619,3161.897747,1328445
17-08-2023,3148.837891,3171.796064,3128.170948,3166.480364,1843241
18-08-2023,3085.920898,3125.238323,3076.205992,3125.238323,2526749
21-08-2023,3117.585449,3125.009125,3090.411546,3093.161023,1375579
22-08-2023,3099.713867,3126.154755,3084.041986,3116.073342,1222012
23-08-2023,3114.469482,3117.906328,3094.077532,3105.075438,1330046
24-08-2023,3104.845947,3128.033241,3096.001888,3123.404911,1152881
25-08-2023,3098.934814,3103.059029,3070.47769,3093.160869,1158046
28-08-2023,3093.665039,3110.574274,3079.50528,3110.574274,1037485
29-08-2023,3094.2146,3106.495728,3083.995803,3098.705545,944517
30-08-2023,3107.779053,3123.497028,3100.538854,3114.240367,1188200
31-08-2023,3076.480957,3132.020248,3064.428951,3116.989866,3417652
01-09-2023,3097.010254,3105.991922,3076.480919,3084.912602,1277950
04-09-2023,3133.02832,3146.180072,3088.624322,3095.910389,1828332
05-09-2023,3142.972412,3159.148409,3120.793123,3134.403121,1501842
06-09-2023,3143.476074,3156.306963,3114.331805,3147.233781,1314818
07-09-2023,3166.708984,3171.062321,3136.510618,3144.3008,1885092
08-09-2023,3154.474121,3175.645178,3148.196284,3166.70938,1518917
11-09-2023,3189.988281,3194.616611,3157.315426,3172.895792,1783604
12-09-2023,3281.774658,3290.114601,3192.141694,3200.390122,4476016
13-09-2023,3269.906494,3289.152829,3248.96456,3272.885094,1754929
14-09-2023,3262.758057,3297.263898,3249.514789,3271.922979,2604721
15-09-2023,3297.813721,3306.108019,3264.957388,3269.90658,2952897
18-09-2023,3305.007568,3317.059573,3276.688055,3281.087261,1395753
20-09-2023,3304.916504,3322.283985,3281.041839,3281.041839,1649396
21-09-2023,3285.89917,3303.95402,3233.384128,3288.877769,2004073
22-09-2023,3302.716797,3330.3033,3267.340335,3284.707816,1989083
25-09-2023,3278.429688,3317.701464,3261.474583,3301.662852,1238778
26-09-2023,3286.265869,3294.743422,3240.716254,3269.677495,1726062
27-09-2023,3289.564941,3312.20225,3258.770719,3290.206441,1541134
28-09-2023,3241.403564,3301.937915,3232.788628,3299.371692,1755753
29-09-2023,3233.934082,3270.456158,3212.808895,3241.81578,2243791
03-10-2023,3220.41626,3239.066742,3189.484648,3239.066742,1948148
04-10-2023,3242.320313,3251.714358,3186.918403,3195.166833,1788138
05-10-2023,3289.611084,3321.367446,3254.646775,3257.212998,2990768
06-10-2023,3318.984863,3331.403378,3276.505583,3291.123589,2075691
09-10-2023,3334.519287,3371.774603,3327.78298,3340.65974,4233074
10-10-2023,3325.858398,3343.363489,3300.609218,3336.077421,1848148
11-10-2023,3308.445068,3345.196495,3303.954346,3345.196495,2426417
12-10-2023,3246.719238,3288.969391,3242.640893,3276.459363,4241281
13-10-2023,3272.655762,3278.292098,3230.634511,3235.216972,2890357
16-10-2023,3229.763672,3276.138033,3225.227081,3268.210466,1671104
17-10-2023,3214.183838,3239.020641,3210.792862,3235.217288,1672065
18-10-2023,3196.037354,3228.526957,3193.058754,3217.804043,1408245
19-10-2023,3175.270752,3194.750839,3171.825014,3187.997102,1514545
20-10-2023,3211.014404,3215.562734,3164.611799,3170.446447,1481211
23-10-2023,3133.462891,3196.680757,3125.331082,3191.213563,1106272
25-10-2023,3115.039307,3147.107554,3103.185833,3115.406762,1518537
26-10-2023,3066.017822,3099.969784,3059.815494,3094.778295,1984471
27-10-2023,3079.065674,3089.219161,3066.247573,3078.192798,1108851
30-10-2023,3104.426758,3108.377916,3063.261622,3078.193156,910972
31-10-2023,3095.421387,3123.217007,3078.238684,3123.217007,999811
01-11-2023,3060.412354,3098.03999,3042.356777,3082.786767,1563475
02-11-2023,3087.473389,3102.037241,3071.944461,3071.944461,1245384
03-11-2023,3079.019775,3113.017727,3072.955411,3107.596521,1402598
06-11-2023,3105.988525,3117.060876,3086.462675,3101.164492,1099852
07-11-2023,3096.983398,3127.949053,3092.894501,3103.920863,1191144
08-11-2023,3107.183594,3125.928324,3096.157229,3097.902981,992899
09-11-2023,3075.849609,3116.325592,3070.887836,3115.039273,2112352
10-11-2023,3062.985596,3075.849685,3052.786345,3067.16647,1338557
13-11-2023,3061.23999,3083.70616,3057.059116,3083.70616,1030990
15-11-2023,3128.086914,3136.080981,3083.751752,3108.607054,2059802
16-11-2023,3214.046875,3242.991076,3137.183806,3151.747883,3951984
17-11-2023,3218.273926,3238.534914,3209.177265,3214.047288,2021292
20-11-2023,3234.032227,3247.171796,3207.982355,3207.982355,1475621
21-11-2023,3225.394775,3251.904078,3216.941276,3234.032227,1807236
22-11-2023,3243.726318,3246.023477,3198.656237,3216.02267,1798051
23-11-2023,3223.602783,3256.452152,3216.02216,3243.588064,2729804
24-11-2023,3176.603271,3220.203302,3172.835841,3210.738963,1989733
28-11-2023,3188.594238,3198.793713,3154.458547,3176.603248,1689195
29-11-2023,3228.656494,3232.561664,3193.785671,3198.563716,1441634
30-11-2023,3204.628174,3231.320977,3198.563585,3215.516571,3266235
01-12-2023,3226.726563,3231.596583,3206.879248,3216.021894,1172141
04-12-2023,3227.462646,3259.944567,3214.185111,3257.050012,1625213
05-12-2023,3245.058838,3250.939475,3218.595521,3250.939475,1377656
06-12-2023,3311.676025,3319.716081,3239.131573,3245.977285,1896572
07-12-2023,3321.599121,3335.979467,3300.281536,3312.502463,1967653
08-12-2023,3332.442383,3349.257631,3309.792486,3338.231268,1641155
11-12-2023,3347.327393,3356.608003,3321.691193,3328.950125,1102503
12-12-2023,3374.158936,3398.324867,3336.393554,3343.698474,2236866
13-12-2023,3301.981934,3353.851733,3273.910609,3347.925108,3850968
14-12-2023,3369.701904,3379.579686,3333.269059,3335.474242,3290396
15-12-2023,3547.731934,3579.846168,3369.196713,3369.196713,8531230
18-12-2023,3546.078125,3610.214845,3519.385094,3545.06751,2521612
19-12-2023,3506.567139,3542.311066,3482.492958,3533.030455,2004435
20-12-2023,3473.350342,3582.465393,3460.945683,3516.720658,2586083
21-12-2023,3480.195801,3497.837937,3439.628064,3451.481314,1517562
22-12-2023,3513.734131,3533.90314,3456.764592,3491.681406,2413058
26-12-2023,3487.592773,3522.923034,3482.630775,3509.921204,1285231
27-12-2023,3501.9729,3508.404946,3462.278038,3490.762809,1293976
28-12-2023,3491.589355,3526.598145,3484.4224,3513.734056,1682889
29-12-2023,3485.616943,3512.447939,3459.888764,3484.330624,1574996
01-01-2024,3501.880859,3521.085017,3466.872069,3482.492749,825907
02-01-2024,3476.244629,3501.881057,3461.5888,3501.881057,1344068
03-01-2024,3392.2146,3465.815662,3387.895986,3461.359084,1803075
04-01-2024,3369.288818,3417.253449,3354.77073,3401.403054,3598144
05-01-2024,3434.620117,3443.671013,3376.685947,3376.823687,1963127
08-01-2024,3379.855469,3436.319583,3374.43404,3434.619596,1067805
09-01-2024,3390.514404,3447.89761,3383.94462,3408.937663,1370944
10-01-2024,3411.786377,3426.671922,3388.7688,3390.606527,1292227
11-01-2024,3432.460938,3466.872334,3406.227337,3421.848018,1777909
12-01-2024,3567.763672,3588.392115,3511.529264,3535.787173,6813450
15-01-2024,3587.05957,3643.293975,3569.784891,3638.699657,2801505
16-01-2024,3548.007813,3582.648923,3542.724347,3582.648923,1432672
17-01-2024,3569.417236,3592.710291,3503.213076,3509.139701,3458696
18-01-2024,3585.957275,3591.654185,3548.651322,3581.730413,2239110
19-01-2024,3648.366211,3667.334143,3622.458791,3650.170433,2941975
23-01-2024,3569.903809,3639.900018,3555.562201,3608.533624,2618854
24-01-2024,3554.683105,3593.40531,3521.188558,3590.028183,2657709
25-01-2024,3525.537354,3572.448245,3496.298889,3552.925063,2205154
29-01-2024,3516.932129,3534.512163,3498.28813,3516.747121,1646747
30-01-2024,3516.516113,3560.234887,3503.978727,3522.900352,1411621
31-01-2024,3530.764648,3547.465726,3512.721982,3526.36964,2459358
01-02-2024,3566.109619,3613.066813,3520.679248,3534.511913,2363107
02-02-2024,3669.878418,3686.625578,3582.625888,3585.447991,2826510
05-02-2024,3676.355469,3721.415829,3665.992546,3685.330494,1691523
06-02-2024,3826.895508,3839.756599,3691.806837,3698.283691,4474396
07-02-2024,3778.227051,3844.476116,3769.483342,3842.625586,2124267
08-02-2024,3825.137939,3847.251682,3780.678913,3784.333665,2345173
09-02-2024,3824.768066,3872.002663,3793.586456,3827.40471,2100596
12-02-2024,3812.73999,3848.732711,3798.721863,3821.344775,1013716
13-02-2024,3839.387207,3858.35514,3776.469186,3817.134764,1257415
14-02-2024,3793.678955,3807.372696,3746.860458,3800.063193,1391283
15-02-2024,3796.547607,3836.426168,3777.857073,3819.493999,1091582
16-02-2024,3819.77124,3837.953059,3793.679039,3805.846183,1307556
19-02-2024,3797.102295,3819.771287,3751.949544,3814.913646,772291
20-02-2024,3729.419189,3791.735876,3710.312558,3777.024253,1193648
21-02-2024,3693.195313,3759.675694,3683.110014,3713.08851,1885939
22-02-2024,3781.650391,3788.913585,3674.227042,3674.227042,2982052
23-02-2024,3749.266357,3821.34441,3743.992166,3821.34441,2538072
26-02-2024,3702.031494,3747.32317,3685.0991,3734.36946,1379284
27-02-2024,3797.657471,3815.792755,3700.134633,3700.134633,2960475
28-02-2024,3811.120361,3844.383366,3783.408495,3789.515334,1939225
29-02-2024,3789.052734,3828.839129,3760.785844,3792.661177,3772719
01-03-2024,3788.358887,3830.597144,3781.373091,3800.248632,2043265
04-03-2024,3775.729004,3810.148818,3771.287687,3798.21299,1749271
05-03-2024,3712.255615,3760.276776,3682.55452,3758.426246,2070859
06-03-2024,3760.554443,3767.678938,3662.615056,3695.55458,1744204
07-03-2024,3801.543457,3815.792446,3735.94204,3761.201817,2688905
11-03-2024,3814.266357,3842.62564,3783.408679,3783.408679,2304068
12-03-2024,3878.942139,3913.824809,3813.063091,3814.266206,4039801
13-03-2024,3838.923828,3924.048194,3823.101709,3890.738659,2837260
14-03-2024,3893.144775,3909.244295,3780.632471,3843.04177,2919608
15-03-2024,3903.924316,3922.1983,3864.831871,3879.266095,3373143
18-03-2024,3842.162842,3936.771186,3810.1025,3900.223219,1526904
19-03-2024,3680.056396,3754.725234,3670.156107,3748.479696,8931209
20-03-2024,3674.134766,3717.714838,3664.234475,3688.106358,1817913
21-03-2024,3676.031494,3708.832093,3652.946178,3691.853616,3829582
22-03-2024,3618.618652,3643.693423,3566.896431,3605.75756,5852485
26-03-2024,3587.714844,3651.743133,3582.116946,3585.401681,3440925
27-03-2024,3553.850586,3603.907518,3543.210037,3597.893294,1968575
28-03-2024,3586.60498,3622.412693,3553.480446,3562.363081,4311783
01-04-2024,3624.031494,3639.344674,3597.476435,3606.405152,1569676
02-04-2024,3593.544189,3617.647387,3583.551282,3599.280787,2142666
03-04-2024,3652.298584,3683.479969,3563.195519,3563.195519,3973090
04-04-2024,3704.113525,3727.568858,3641.149195,3678.761128,3394637
05-04-2024,3681.860596,3702.910374,3664.511878,3680.704015,1636819
08-04-2024,3675.661621,3731.269914,3664.0495,3685.330595,2302538
09-04-2024,3651.604248,3715.725151,3631.711053,3686.255373,1876992
10-04-2024,3686.856934,3691.992199,3625.188114,3660.718198,2101965
12-04-2024,3702.35498,3713.412077,3650.632762,3674.227017,4354821
15-04-2024,3646.654297,3760.46189,3626.159768,3702.355204,4200329
16-04-2024,3583.365967,3635.088185,3574.159626,3610.383657,3051420
18-04-2024,3573.373291,3641.842898,3562.270111,3587.067258,3476284
19-04-2024,3540.249023,3564.629847,3516.839773,3551.167196,2957749
22-04-2024,3575.778809,3588.177268,3527.109785,3550.241407,1728883
23-04-2024,3585.124268,3603.907192,3572.078167,3587.298731,1807586
24-04-2024,3544.736328,3606.682771,3538.629489,3599.280652,1317312
25-04-2024,3564.305664,3584.152552,3526.184793,3526.3698,2856271
26-04-2024,3535.761475,3587.067373,3518.366448,3567.035251,2039178
29-04-2024,3580.960693,3587.992798,3533.772177,3551.167204,1110693
30-04-2024,3535.113525,3591.647306,3525.259544,3582.625972,2203078
02-05-2024,3574.576416,3581.793528,3495.697573,3495.697573,2491044
03-05-2024,3556.16333,3602.611813,3513.786375,3599.419468,2962234
06-05-2024,3628.01001,3645.497426,3565.045688,3565.045688,2053831
07-05-2024,3681.583252,3689.956946,3621.024701,3637.031831,2062112
08-05-2024,3679.732666,3686.533454,3644.248888,3664.974734,1247685
09-05-2024,3664.234375,3674.227282,3617.832426,3665.899897,1726486
10-05-2024,3602.88916,3676.632959,3594.700701,3666.455044,1672489
13-05-2024,3652.76123,3659.423093,3580.775568,3594.19191,931326
14-05-2024,3609.643555,3650.910462,3601.96381,3641.84282,1058317
15-05-2024,3590.398193,3633.469324,3585.864485,3612.69717,1115021
16-05-2024,3635.64624,3643.6148,3582.103462,3626.466276,2599399
17-05-2024,3573.343018,3653.400869,3569.521767,3652.468879,2765804
21-05-2024,3560.388428,3583.26883,3550.92882,3570.081261,1908117
22-05-2024,3571.385742,3580.00665,3557.918532,3574.181712,1311168
23-05-2024,3628.65625,3639.42078,3565.327578,3579.726777,2095742
24-05-2024,3587.695557,3619.66286,3582.849254,3614.49027,1309452
27-05-2024,3585.412109,3642.543141,3580.099812,3592.821384,1841538
28-05-2024,3578.748535,3606.801527,3569.521925,3595.617646,1801993
29-05-2024,3544.964111,3587.136664,3541.562438,3587.136664,1568095
30-05-2024,3482.008057,3536.342894,3462.762326,3520.126358,2919230
31-05-2024,3421.288574,3494.776075,3405.258392,3485.642528,10956800
03-06-2024,3451.019043,3496.406908,3444.634821,3478.932096,2156773
04-06-2024,3462.342773,3490.302473,3347.242011,3448.362924,3395997
05-06-2024,3491.654053,3526.463972,3448.363161,3463.275001,2799670
06-06-2024,3569.894775,3578.748681,3487.040947,3523.854556,4328036
07-06-2024,3629.122314,3648.740749,3576.325173,3576.325173,4552445
10-06-2024,3596.269531,3640.259411,3580.612055,3630.100812,1734661
11-06-2024,3590.118652,3616.074436,3579.773473,3583.501433,1419898
12-06-2024,3571.059326,3628.702998,3567.145014,3610.901898,2177001
13-06-2024,3614.397217,3625.44139,3590.025767,3594.499365,1932323
14-06-2024,3571.432129,3624.508911,3567.657524,3624.508911,1860730
18-06-2024,3555.63501,3580.705449,3536.948565,3565.840254,1774045
19-06-2024,3543.146484,3573.110101,3534.991572,3567.33158,1509050
20-06-2024,3529.678711,3550.834836,3522.968429,3537.833622,2846526
21-06-2024,3551.580811,3614.070784,3539.744583,3566.725648,4642195
24-06-2024,3557.219482,3594.685435,3533.453737,3549.716917,1702154
25-06-2024,3577.396729,3585.97099,3534.944541,3557.40559,1338808
26-06-2024,3593.613525,3603.958477,3579.773384,3583.035348,1639845
27-06-2024,3666.588379,3673.904591,3558.431121,3570.453701,4526556
28-06-2024,3638.628906,3690.680642,3632.757551,3651.350707,2731571
01-07-2024,3707.642578,3729.544343,3619.849165,3619.849165,2658723
02-07-2024,3744.17627,3749.768209,3711.696557,3721.995091,2307449
03-07-2024,3695.573242,3752.284923,3686.020345,3746.599693,1821198
04-07-2024,3747.485107,3772.08978,3711.277433,3727.820255,2518001
05-07-2024,3738.95752,3752.890724,3716.776112,3737.279892,1668616
08-07-2024,3721.622559,3757.084825,3707.503001,3748.463917,1758882
09-07-2024,3714.445801,3734.436939,3704.753197,3713.979806,1305801
10-07-2024,3643.28833,3731.035318,3636.624693,3712.768225,2669716
11-07-2024,3656.848877,3709.319956,3630.660096,3663.652449,4872189
12-07-2024,3899.400146,3914.311988,3701.212316,3709.320584,13509164
15-07-2024,3885.652832,3951.637541,3874.32879,3947.630166,4848030
16-07-2024,3894.273926,3909.278601,3863.005387,3888.262408,2029521
18-07-2024,4022.049316,4030.856804,3877.078452,3877.078452,5613364
19-07-2024,4019.106934,4071.74664,4003.086272,4033.119254,3903354
22-07-2024,4005.048096,4035.501629,3984.169648,4016.818536,1896386
23-07-2024,4019.060059,4074.502224,3985.383512,4000.984076,2365208
24-07-2024,4022.703125,4053.390194,3987.065219,4005.187727,1809793
25-07-2024,4037.883301,4057.03347,3992.763816,4012.194049,2810342
26-07-2024,4098.930176,4131.252015,4051.47485,4063.572334,3552210
29-07-2024,4092.625,4139.239225,4083.189947,4124.292751,1746803
30-07-2024,4077.911621,4108.411676,4042.366767,4101.966101,1797906
31-07-2024,4096.595215,4123.358655,4058.901983,4063.572757,2330091
01-08-2024,4107.571289,4128.309248,4077.63136,4109.719662,2202244
02-08-2024,4001.030273,4108.411516,3988.83974,4077.584418,2811282
05-08-2024,3881.45874,3959.881198,3839.842337,3959.881198,2787771
06-08-2024,3896.545654,3977.863626,3886.830082,3896.312116,2203067
07-08-2024,3923.869873,3965.439753,3905.046293,3949.60565,1237666
08-08-2024,3897.806641,3953.342315,3886.083183,3905.70043,2441283
09-08-2024,3950.306641,3973.567001,3928.634069,3939.330323,1302536
12-08-2024,3919.385254,3959.880943,3910.697799,3951.473552,936912
13-08-2024,3920.600586,3955.210834,3907.568946,3935.593586,1495593
14-08-2024,4012.427246,4022.656421,3912.379205,3931.856418,3226545
16-08-2024,4125.273438,4135.502613,4040.312346,4063.572706,3457058
19-08-2024,4194.354004,4198.324161,4101.265593,4129.897339,2055210
20-08-2024,4225.460938,4264.415363,4203.69532,4208.366092,2212298
21-08-2024,4251.804688,4259.745002,4196.736091,4220.510508,1896990
22-08-2024,4205.563965,4260.63256,4201.080205,4259.744931,1829872
23-08-2024,4169.972656,4209.300656,4161.658771,4203.695729,1809253
26-08-2024,4205.984863,4252.412077,4189.683682,4193.420301,1844164
27-08-2024,4201.033691,4213.03767,4191.365099,4208.366897,930697
28-08-2024,4209.347168,4262.080378,4163.807131,4202.528022,1848058
29-08-2024,4214.718262,4256.008075,4166.329239,4166.329239,2133641
30-08-2024,4253.90625,4289.8712,4192.298575,4203.695443,3637222
02-09-2024,4223.358887,4285.900711,4214.904971,4274.690857,1216500
03-09-2024,4215.231934,4255.914178,4199.86491,4223.358804,1717263
04-09-2024,4184.312012,4191.55171,4144.563916,4182.163639,1265505
05-09-2024,4181.229492,4202.761573,4160.864648,4185.94679,1688793
06-09-2024,4163.292969,4221.39756,4147.645881,4179.360608,1649179
09-09-2024,4156.567383,4194.587657,4138.77192,4161.658708,1184938
10-09-2024,4211.02832,4241.01477,4148.0664,4149.934709,1385591
11-09-2024,4184.405273,4249.796092,4176.83853,4223.733271,1325919
12-09-2024,4220.22998,4234.148791,4139.518667,4213.270347,2742216
13-09-2024,4224.808105,4247.601389,4208.366892,4231.720759,1458786
16-09-2024,4216.073242,4246.713331,4198.511318,4228.917868,1155120
17-09-2024,4208.974121,4237.138795,4171.934978,4216.073788,1699364
18-09-2024,4059.97583,4200.939665,4036.481934,4200.939665,2961779
19-09-2024,4013.268311,4131.018775,3999.8631,4100.985339,2927551
20-09-2024,4002.759033,4045.543588,3949.138649,4032.651981,5447908
23-09-2024,3987.438965,4025.645797,3972.959568,4016.864835,1702319
24-09-2024,3990.054688,4008.457717,3960.815829,3971.698639,3012026
25-09-2024,3993.277588,4007.149876,3960.815714,3972.352615,2713073
26-09-2024,4009.858398,4032.558172,3979.498376,3979.498376,3964251
27-09-2024,4024.991943,4089.728672,4016.911141,4049.560026,3012477
30-09-2024,3987.438965,4015.697142,3979.545176,4004.627318,2503416
01-10-2024,4005.561279,4012.894484,3963.571305,3975.341288,1823365
03-10-2024,3954.043213,3997.247867,3932.791194,3981.927821,3350119
04-10-2024,3972.259033,4014.996608,3945.91569,3946.803319,2965463
07-10-2024,3991.502441,4014.295722,3950.913243,3992.483121,1472619
08-10-2024,3973.193115,3997.621167,3927.139475,3991.269098,1541867
09-10-2024,3972.912842,4012.193859,3967.074376,3979.498449,1082504
10-10-2024,3949.045166,4011.119923,3922.141695,3973.193154,2378875
11-10-2024,3875.994385,3962.637222,3841.664204,3870.202444,5759183
14-10-2024,3864.270752,3891.127698,3850.772491,3867.400261,2137590
15-10-2024,3845.727295,3895.377974,3825.362908,3859.038997,2759474
16-10-2024,3825.316406,3844.046252,3799.393616,3816.021613,2359151
17-10-2024,3838.441162,3858.011883,3823.447936,3841.990767,2522659
18-10-2024,3860.962158,3882.593865,3820.648877,3830.013212,2361000
21-10-2024,3820.508301,3876.788045,3811.284339,3869.905168,1595450
22-10-2024,3760.248779,3829.825835,3751.680504,3807.538672,1928049
23-10-2024,3807.773193,3852.066321,3741.192672,3745.359984,1966476
24-10-2024,3790.589111,3819.712285,3749.479772,3749.479772,2676744
25-10-2024,3799.625977,3831.886066,3776.355512,3799.15776,1759676
28-10-2024,3830.80957,3871.21659,3793.492599,3810.301537,1532534
29-10-2024,3816.200928,3842.655176,3802.014051,3835.491551,1445885
30-10-2024,3825.003174,3845.932555,3801.967046,3815.966682,1935002
31-10-2024,3716.189941,3819.057266,3708.277123,3811.284821,3740372
01-11-2024,3730.938477,3744.750871,3723.306635,3736.229463,154895
04-11-2024,3712.162842,3738.148872,3664.498467,3714.176311,2269192
05-11-2024,3718.905273,3732.623933,3690.57816,3690.57816,967590
06-11-2024,3876.50708,3886.011789,3722.557495,3749.105478,3792017
07-11-2024,3887.042236,3938.452351,3825.378219,3904.647463,3724349
08-11-2024,3883.390137,3904.694001,3855.905719,3890.881606,1648039
11-11-2024,3931.803711,3965.140379,3855.905498,3865.785146,1406487
12-11-2024,3930.585693,3949.876314,3899.636751,3948.003447,1587640
13-11-2024,3886.526855,3929.977278,3868.453415,3912.512885,1098813
14-11-2024,3882.359863,3895.563668,3854.782169,3872.152829,1825432
18-11-2024,3763.994629,3945.19452,3736.55708,3945.19452,3313944
19-11-2024,3782.77002,3869.483625,3758.937832,3764.368964,1776233
21-11-2024,3813.953369,3832.307329,3768.2085,3787.779869,2384347
22-11-2024,3974.785889,3984.478067,3796.301565,3812.220935,3096553
25-11-2024,4040.804443,4052.978079,3981.902865,4007.935535,4052167
26-11-2024,4076.01416,4089.030494,4036.028268,4046.375675,2060669
27-11-2024,4057.14502,4099.144156,4049.185334,4081.867231,1558993
28-11-2024,3975.06665,4064.074933,3963.923183,4044.456467,2558544
29-11-2024,3999.367432,4025.447198,3928.947444,3951.749693,2017425
02-12-2024,4004.798584,4015.614666,3961.160688,3998.571392,1670944
03-12-2024,4029.239502,4050.075149,3994.310713,4040.102223,2010905
04-12-2024,4077.606445,4108.087634,4016.410417,4039.353041,3302642
05-12-2024,4180.286133,4203.650333,4082.850402,4121.056709,3746747
06-12-2024,4162.914551,4181.175002,4132.246358,4169.937801,1842087
09-12-2024,4169.143066,4185.296547,4134.869503,4148.82273,2066639
10-12-2024,4150.788574,4208.145132,4131.638781,4144.795491,2087828
11-12-2024,4146.013184,4165.865302,4126.862933,4150.1334,1635256
12-12-2024,4171.765137,4199.904784,4144.655201,4148.447574,1914642
13-12-2024,4189.510254,4209.17536,4115.063782,4153.036439,1967048
16-12-2024,4134.541504,4190.540046,4117.498231,4175.55711,1646224
17-12-2024,4053.352295,4151.162954,4043.519743,4129.671623,3225027
18-12-2024,4071.4729,4084.723344,4016.925643,4037.620917,1575404
19-12-2024,4000.350586,4086.596212,3991.079985,4009.808657,3015763
20-12-2024,3905.208496,4103.451654,3888.540162,4053.820677,4116989
23-12-2024,3893.971191,3948.94002,3853.330069,3933.06729,2195338
24-12-2024,3913.824463,3949.877159,3893.971886,3893.971886,1181886
26-12-2024,3904.084961,3932.974026,3879.784329,3913.823778,1208464
27-12-2024,3900.105469,3915.182141,3883.624146,3898.372975,858100
30-12-2024,3894.439697,3932.365256,3850.61479,3887.135698,1527169
31-12-2024,3834.508301,3876.788414,3775.747093,3872.152885,1555429
01-01-2025,3851.036621,3871.216583,3825.752685,3834.13372,763161
02-01-2025,3910.3125,3917.101643,3836.521717,3858.106328,1720835
03-01-2025,3839.283691,3914.245469,3832.166934,3914.245469,1791953
06-01-2025,3834.695313,3885.871314,3807.913222,3844.527865,2085593
07-01-2025,3772.235107,3877.162527,3756.549846,3853.377207,2669054
08-01-2025,3847.243408,3863.72473,3762.3558,3778.415544,2181277
09-01-2025,3782.114746,3874.727933,3769.426026,3840.314,2392472
10-01-2025,3994.498291,4023.855579,3904.9285,3933.021511,7894300
13-01-2025,4018.330322,4048.155824,3958.679319,3975.160642,4003771
14-01-2025,3963.969971,4039.680717,3950.859901,4028.537249,3441709
15-01-2025,3979.468018,3985.882679,3939.997436,3949.876627,1653474
16-01-2025,3938.920166,4021.045569,3925.388976,3989.206829,2637705
17-01-2025,3933.197998,3967.816296,3910.071636,3967.148545,1761466
20-01-2025,3888.853271,3953.702227,3879.602772,3953.702227,1287799
21-01-2025,3848.846924,3920.514717,3843.267893,3905.542231,1971591
22-01-2025,3964.001953,3970.248269,3856.809924,3862.341224,2409223
23-01-2025,3953.368896,3997.142006,3948.218735,3974.873846,1822998
24-01-2025,3959.94873,3984.410131,3913.838961,3913.838961,1910099
27-01-2025,3876.789063,3963.763449,3853.805888,3911.931692,1551782
28-01-2025,3853.090576,3911.931627,3841.646603,3882.177342,2468272
29-01-2025,3909.83374,3917.511019,3866.15609,3866.15609,1217089
30-01-2025,3910.071777,3938.538755,3870.447205,3909.928821,1531251
31-01-2025,3921.849854,3937.156448,3895.957955,3919.561152,1492943
01-02-2025,3884.418213,3944.260656,3868.062961,3922.421834,437172
03-02-2025,3880.126709,3888.0899,3813.417928,3844.125877,1265713
04-02-2025,3916.747559,3928.001079,3877.647547,3894.479632,2547132
05-02-2025,3901.536621,3957.707363,3887.136195,3957.707363,1693912
06-02-2025,3893.57373,3947.694191,3863.819445,3915.174138,2284536
07-02-2025,3842.695557,3900.487717,3822.28723,3900.487717,1548940
10-02-2025,3849.895508,3864.248204,3828.342832,3852.804231,1339511
11-02-2025,3779.896729,3852.804328,3771.742851,3832.205083,1810908
12-02-2025,3767.117676,3835.400146,3757.581031,3787.097133,1678002
13-02-2025,3728.971191,3799.828511,3721.437335,3784.140776,2277310
14-02-2025,3752.526855,3765.067451,3719.291554,3743.133167,1681975
17-02-2025,3723.583008,3751.71611,3677.520966,3677.807112,1799806
18-02-2025,3693.733398,3742.560976,3685.436564,3717.765698,2149879
19-02-2025,3608.762207,3695.402494,3593.551071,3692.779916,4366672
20-02-2025,3604.279541,3612.481149,3577.481708,3587.209039,2888572
21-02-2025,3610.57373,3640.137329,3600.083421,3601.132545,1833931
24-02-2025,3505.289307,3588.830177,3499.948692,3569.709157,2508516
25-02-2025,3461.373047,3488.504755,3453.457585,3457.033827,4101954
27-02-2025,3445.160645,3469.431359,3433.859627,3444.349937,3823856
28-02-2025,3321.851563,3433.191883,3296.817872,3418.839187,7085018
03-03-2025,3331.197998,3359.998621,3315.080927,3323.520952,4990439
04-03-2025,3368.390625,3386.46252,3303.779857,3313.030356,2797737
05-03-2025,3382.695557,3433.525919,3357.709594,3357.709594,2501894
06-03-2025,3434.718018,3442.204144,3372.252995,3392.184489,2786513
07-03-2025,3443.873291,3457.033908,3408.77839,3433.192295,2051315
10-03-2025,3423.321533,3454.268131,3416.598385,3439.390872,1004626
11-03-2025,3409.636719,3422.46346,3373.731111,3393.138276,1995450
12-03-2025,3343.738525,3403.867121,3325.285256,3399.814046,3174167
13-03-2025,3348.363525,3360.999579,3322.662316,3340.018962,1693004
17-03-2025,3335.63208,3366.864591,3316.225148,3327.335246,2690906
18-03-2025,3335.63208,3335.63208,3335.63208,3335.63208,0
19-03-2025,3335.060059,3382.647822,3302.301591,3382.647822,3051244
20-03-2025,3398.049316,3413.117261,3349.269474,3349.269474,2845192
21-03-2025,3412.307129,3448.689337,3304.447578,3313.984223,4161925
24-03-2025,3460.800537,3480.636804,3401.339699,3433.191998,1834751
25-03-2025,3488.266357,3538.095328,3469.431483,3476.107135,3135390
26-03-2025,3467.333496,3509.962253,3457.844581,3478.729741,1734499
27-03-2025,3482.019775,3493.273063,3443.205677,3447.354211,2528474
28-03-2025,3439.056641,3491.317494,3425.466923,3481.82858,2051919
01-04-2025,3386.271973,3417.933588,3361.667382,3407.157132,2618493
02-04-2025,3379.739258,3398.955737,3366.483414,3379.786988,1764313
03-04-2025,3245.463135,3339.73296,3238.787484,3329.242651,4537821
04-04-2025,3146.520508,3242.125372,3142.801309,3206.79229,5317367
07-04-2025,3122.345459,3138.891399,2914.446588,2956.360098,6623955
08-04-2025,3140.369629,3193.822573,3104.464252,3149.048069,5557558
09-04-2025,3096.167236,3118.482892,3063.218082,3109.470809,2990265
11-04-2025,3081.766846,3146.09147,3057.448401,3137.127117,7108961
15-04-2025,3097.693115,3160.825661,3088.538075,3160.825661,3512160
16-04-2025,3122.106689,3126.207493,3079.382476,3097.692787,2384391
17-04-2025,3146.043701,3150.526111,3068.892337,3095.11811,2932346
21-04-2025,3167.692139,3198.590776,3131.929719,3137.651707,2432946
22-04-2025,3160.825439,3179.421897,3142.324442,3168.645674,2710498
23-04-2025,3254.856689,3262.390545,3182.664339,3209.080797,3543923
24-04-2025,3243.984863,3254.379712,3230.728789,3243.508031,2252175
25-04-2025,3288.235107,3316.654355,3247.227535,3261.532502,2742991
28-04-2025,3283.943848,3297.581297,3247.227763,3275.837699,1593296
29-04-2025,3311.600098,3333.05755,3271.450728,3294.910968,1578332
30-04-2025,3293.670898,3347.266795,3210.034572,3311.123005,2809332
02-05-2025,3272.022949,3329.719652,3261.53264,3311.123194,1721761
05-05-2025,3294.243164,3342.117073,3286.709075,3290.14236,1284443
06-05-2025,3299.679443,3312.077083,3277.745158,3299.679443,1324763
07-05-2025,3285.469482,3299.202157,3262.104703,3262.104703,1477128
08-05-2025,3289.093262,3315.891326,3269.829286,3288.235057,2543591
09-05-2025,3280.89209,3286.518617,3240.647494,3241.505699,2531757
12-05-2025,3452.646729,3462.278833,3339.923636,3342.593943,2228678
13-05-2025,3352.130615,3455.126378,3347.839125,3452.646757,3062887
14-05-2025,3384.269287,3395.999407,3346.027479,3357.852826,2119499
15-05-2025,3414.023438,3433.192187,3351.2725,3398.860265,3548330
16-05-2025,3396.285645,3427.374969,3381.78999,3427.374969,1666727
19-05-2025,3355.754395,3385.508678,3341.353969,3385.508678,2537377
20-05-2025,3336.20459,3393.138314,3332.103786,3368.152351,2038374
21-05-2025,3362.429932,3373.110926,3336.204161,3345.454659,1440153
22-05-2025,3315.891357,3335.727625,3291.382227,3333.057318,2034383
23-05-2025,3351.749268,3371.20393,3305.019708,3315.89139,1274331
26-05-2025,3373.397461,3380.740631,3347.457833,3357.852683,967470
27-05-2025,3336.585938,3375.972328,3321.708911,3368.343012,2467680
28-05-2025,3335.63208,3365.481824,3331.149904,3356.898844,1222933
29-05-2025,3336.013916,3368.819882,3324.951315,3342.307962,3188072
30-05-2025,3302.921875,3344.215599,3293.099316,3328.289446,3404365
02-06-2025,3289.951904,3299.679236,3260.197618,3290.142591,1877585
03-06-2025,3247.418213,3312.553543,3242.936036,3286.32777,2848125
04-06-2025,3252.9021,3266.275999,3242.414858,3260.695535,2544807
05-06-2025,3243.473633,3279.938683,3236.353648,3279.938683,3584683
06-06-2025,3256.077637,3262.523935,3231.54304,3243.47373,2070390
09-06-2025,3292.350342,3303.992342,3262.523969,3271.279547,1718678
10-06-2025,3331.798096,3353.831266,3293.601144,3309.76516,2419874
11-06-2025,3340.457275,3356.909981,3318.520648,3338.629301,2847013
12-06-2025,3304.18457,3343.151281,3293.601019,3340.457239,4060134
13-06-2025,3315.249023,3319.867347,3264.736624,3264.736624,2178493
16-06-2025,3363.933594,3376.152737,3296.487416,3309.765009,1934088
17-06-2025,3382.214355,3386.736371,3356.044167,3377.114961,2111940
18-06-2025,3320.733154,3404.054654,3312.747572,3385.870284,2696327
19-06-2025,3294.37085,3320.348657,3283.787298,3319.386516,2672768
20-06-2025,3305.62793,3315.826719,3281.766785,3295.333068,2351248
23-06-2025,3265.121826,3295.33296,3242.415204,3285.71155,3123421
24-06-2025,3262.042725,3311.785602,3253.960834,3304.569544,3403048
25-06-2025,3314.383301,3319.386387,3271.279338,3278.303014,1757699
26-06-2025,3311.49707,3320.733483,3286.000333,3314.383493,2879106
27-06-2025,3310.823486,3335.165466,3301.105768,3324.197152,1778433
30-06-2025,3330.932129,3333.722244,3300.143617,3309.668719,1468351
01-07-2025,3299.854736,3353.061177,3284.2681,3324.196949,2375183
02-07-2025,3293.697266,3357.775714,3290.522153,3355.17798,3090585
03-07-2025,3272.049316,3305.243182,3268.970512,3300.143788,2531870
04-07-2025,3290.329834,3297.257202,3261.754293,3278.976523,1109320
07-07-2025,3282.536621,3296.391593,3279.361509,3288.886846,1639174
08-07-2025,3277.244629,3295.332927,3264.929177,3276.090107,2325242
09-07-2025,3255.692627,3284.749237,3239.528612,3280.900673,2034938
10-07-2025,3253.960938,3270.317335,3228.945271,3252.036655,3035012
11-07-2025,3142.352539,3208.740269,3137.638142,3174.969025,7635550
14-07-2025,3100.691895,3148.125495,3078.85134,3142.352649,3924009
15-07-2025,3129.171143,3136.002203,3084.623968,3084.623968,2590889
16-07-2025,3121.254883,3132.646487,3109.187305,3115.365811,2540733
17-07-2025,3098.181641,3129.847012,3093.25821,3112.566335,2947640
18-07-2025,3079.549072,3117.103514,3076.749489,3113.434923,3432645
21-07-2025,3048.945801,3086.982946,3042.96033,3079.645765,3844346
22-07-2025,3050.297363,3070.088189,3045.470333,3050.297363,3198036
23-07-2025,3069.123047,3071.922631,3048.366813,3050.297625,1922875
24-07-2025,3039.098633,3063.909524,3031.375383,3055.607173,2934778
25-07-2025,3027.320801,3047.69073,3017.473705,3031.37546,2568917
28-07-2025,2972.775635,3010.136811,2963.700674,3002.413561,3374473
29-07-2025,2950.28125,2967.658561,2935.993192,2954.142875,4785312
30-07-2025,2947.9646,2962.831761,2941.785858,2954.143105,2880121
31-07-2025,2931.745605,2953.949948,2910.699703,2936.476002,2968371
01-08-2025,2899.11499,2931.745769,2896.218771,2925.084324,2053847
04-08-2025,2968.044678,2972.871709,2888.109234,2905.003842,2519252
05-08-2025,2957.907959,2971.037578,2936.765658,2968.044724,1927996
06-08-2025,2927.401367,2960.707882,2921.319261,2957.039291,1487081
07-08-2025,2941.592773,2946.033736,2906.741514,2911.66518,2543076
08-08-2025,2931.359131,2953.949776,2920.353595,2942.654571,2762140
11-08-2025,2935.607178,2944.392233,2916.781757,2931.359249,1884215
12-08-2025,2930.393799,2989.283575,2922.187846,2935.800168,3358232
13-08-2025,2931.16626,2939.082543,2923.829314,2931.069861,2148166
14-08-2025,2917.74707,2950.184576,2914.657818,2929.042275,3342174
18-08-2025,2907.031006,2943.523406,2899.500791,2941.109891,2945609
19-08-2025,2911.85791,2920.353531,2906.93448,2907.03088,2650784
20-08-2025,2991.407715,2996.041476,2906.741403,2906.741403,4952358
21-08-2025,2995.269531,3021.721568,2976.444109,3021.721568,3230726
22-08-2025,2948.350586,2988.607978,2944.488961,2979.243585,1593791
25-08-2025,3031.955078,3042.960616,2970.651779,2980.498876,3448370
26-08-2025,3047.980469,3052.614466,3012.067405,3020.756061,5522097
28-08-2025,2986.677246,3037.650743,2979.726368,3036.202633,3116051
29-08-2025,2977.988525,3007.240381,2970.747979,2986.001444,2271789
01-09-2025,3004.92334,3022.783354,2983.105066,2983.105066,1246862
02-09-2025,3003.861572,3045.856744,2995.752254,3013.129567,2185229
03-09-2025,2990.345703,3033.209644,2981.174344,3021.62477,1799774
04-09-2025,2988.60791,3010.136515,2983.877514,3008.205703,1481391
05-09-2025,2942.8479,2996.041643,2923.829445,2989.959772,2802055
08-09-2025,2914.561279,2958.873329,2911.665061,2944.488871,2626187
09-09-2025,2943.909668,2954.143068,2925.953253,2927.208329,2489301
10-09-2025,3002.41333,3014.673942,2947.771244,2950.667463,2079428
11-09-2025,3016.12207,3030.41013,3002.509984,3030.41013,2263446
12-09-2025,3025.003662,3039.774424,3013.03272,3035.237062,1447167
15-09-2025,3004.247559,3025.583131,2988.897694,3025.583131,1732539
16-09-2025,3036.878174,3041.029468,3001.544449,3019.790532,2573429
17-09-2025,3063.041016,3072.308774,3033.692524,3042.960518,2418271
18-09-2025,3066.805908,3092.196139,3052.035146,3074.818827,2633138
19-09-2025,3059.565186,3070.474322,3035.236997,3060.337558,4901694
22-09-2025,2967.46582,2999.420626,2958.970198,2987.932386,3634901
23-09-2025,2956.459961,2974.126942,2946.41983,2963.797143,3177741
24-09-2025,2930.393799,2951.246666,2928.076918,2944.488823,1625714
25-09-2025,2855.092285,2924.794803,2848.91378,2917.457622,4974361
26-09-2025,2798.809082,2852.582158,2791.278867,2839.259506,3934636
29-09-2025,2795.913086,2827.964526,2793.885639,2815.124576,3110035
30-09-2025,2788.479004,2814.448571,2785.293352,2810.297277,2253458
01-10-2025,2813.386963,2823.620364,2767.433765,2790.989584,1952902
03-10-2025,2801.512207,2822.847779,2791.086008,2822.847779,2899519
06-10-2025,2885.019531,2890.039832,2795.430033,2801.608537,2112774
07-10-2025,2870.828369,2900.562927,2853.258023,2891.391568,3062943
08-10-2025,2922.477539,2937.731004,2865.32554,2872.083384,4121889
09-10-2025,2955.78418,2959.935474,2915.526787,2929.042475,3211304
10-10-2025,2923.539551,2963.796941,2902.879717,2944.488818,8817365
13-10-2025,2903.169434,2930.490476,2894.480778,2922.284523,2866865
14-10-2025,2857.89209,2922.477672,2853.258093,2916.4922,3611416
15-10-2025,2877.756592,2887.349665,2859.539216,2878.919353,4282226
16-10-2025,2878.628662,2882.795439,2851.884214,2877.853409,3251495
17-10-2025,2870.391846,2896.167521,2863.802552,2877.950146,4374683
20-10-2025,2921.749268,2929.307568,2886.186765,2892.969813,3133039
21-10-2025,2913.512939,2937.835107,2903.144613,2937.156849,310644
23-10-2025,2977.951904,3001.983322,2942.001891,2960.316026,5564758
24-10-2025,2968.261719,2994.231149,2963.51368,2984.541081,2684318
27-10-2025,2989.289063,2998.300873,2965.354641,2971.459432,1946312
28-10-2025,2963.125977,2994.424945,2945.974602,2980.665095,3470737
29-10-2025,2962.835449,2980.665081,2951.69187,2963.125962,2895420
30-10-2025,2941.226318,2968.843012,2938.803801,2954.598659,2241536
31-10-2025,2963.2229,2972.33147,2931.34267,2940.935743,1868085
03-11-2025,2923.299805,2963.222838,2916.710511,2952.466768,2194877
04-11-2025,2897.524414,2935.412679,2883.764563,2926.013359,2670720
06-11-2025,2917.582764,2930.276849,2897.330614,2897.42761,2542721
07-11-2025,2899.074951,2910.896788,2868.744987,2907.989768,1830520
10-11-2025,2931.439453,2953.435861,2899.268473,2900.23748,1556656
11-11-2025,2952.563965,2960.994277,2924.462765,2950.625951,2806868
12-11-2025,3034.735596,3039.192885,2962.350834,2965.160859,4460315
13-11-2025,3009.44458,3034.832513,3005.859302,3034.735754,1740435
14-11-2025,3009.735352,3016.615395,2981.924902,2994.231242,2210794
17-11-2025,3006.052979,3026.692872,2990.936614,3009.735252,2232853
18-11-2025,2991.421143,3008.766271,2982.603086,3005.85925,2548350
19-11-2025,3050.142822,3057.21662,2987.93263,3001.014222,3151053
20-11-2025,3047.333008,3066.422397,3040.840709,3050.433783,2700767
21-11-2025,3052.952881,3071.751518,3038.030034,3047.332594,4177037
24-11-2025,3043.844238,3080.375749,3033.960416,3060.123601,6703764
25-11-2025,3022.526123,3052.177827,3018.456342,3047.817296,2737920
26-11-2025,3064.871582,3079.50368,3020.394264,3022.138523,2508527
27-11-2025,3039.386963,3081.441765,3028.146389,3081.441765,2836233
28-11-2025,3040.258789,3049.755103,3028.146204,3042.681306,1616690
01-12-2025,3036.285889,3056.247524,3025.43306,3040.646419,1747647
02-12-2025,3038.514648,3046.557452,3023.688797,3033.960364,2512003
03-12-2025,3081.44165,3112.352873,3041.712371,3042.681378,3952112
04-12-2025,3129.116699,3149.272088,3088.612168,3095.007707,5025905
05-12-2025,3137.837891,3170.202861,3122.527535,3129.892082,5244013
08-12-2025,3136.190674,3158.86534,3109.155477,3142.489218,2544725
09-12-2025,3108.864746,3133.477426,3082.604566,3129.892148,2734893
10-12-2025,3090.356689,3125.047183,3079.600855,3125.047183,1386849
11-12-2025,3092.9729,3108.961514,3055.375623,3105.666985,1914362
12-12-2025,3120.686523,3123.109041,3086.965038,3098.59312,1146554
15-12-2025,3130.085938,3137.837992,3098.205706,3111.578048,1562190
16-12-2025,3105.763916,3120.202023,3092.19782,3120.202023,1734623
17-12-2025,3118.070313,3136.578202,3101.306447,3101.306447,1376350
18-12-2025,3179.11792,3185.900968,3121.171259,3127.954308,2307422
19-12-2025,3180.280518,3215.067769,3177.179743,3196.753634,3902511
22-12-2025,3221.85083,3225.436345,3189.001592,3207.412722,2632816
23-12-2025,3207.412598,3217.005671,3191.423985,3217.005671,2365420
24-12-2025,3216.133789,3223.982839,3193.943626,3201.695681,1367708
26-12-2025,3178.342529,3217.102804,3170.39672,3210.416751,1176664
29-12-2025,3150.725586,3186.094334,3142.392033,3178.34228,2079473
30-12-2025,3146.171387,3166.229781,3139.09759,3149.272161,2807593
31-12-2025,3106.82959,3145.396108,3099.368285,3139.582067,3362634
01-01-2026,3127.372559,3133.865094,3099.077606,3115.356968,1255735
02-01-2026,3149.950439,3153.438959,3119.717474,3133.768073,1184324
05-01-2026,3116.422852,3146.365067,3092.100686,3140.066523,2341703
06-01-2026,3154.892578,3162.063134,3105.666982,3110.512017,2912325
07-01-2026,3193.458984,3198.304018,3123.302748,3142.392135,1989442
08-01-2026,3104.60083,3185.028395,3083.379676,3185.028395,4159336
09-01-2026,3108.380127,3129.601282,3092.100765,3092.100765,1938673
12-01-2026,3139.194824,3151.210415,3075.918627,3103.729077,2228342
13-01-2026,3166.714355,3178.342438,3110.996462,3144.427198,5645341
14-01-2026,3093.554443,3158.962407,3084.348878,3158.962407,3539511
15-01-2026,3093.554443,3093.554443,3093.554443,3093.554443,0
16-01-2026,3163.801758,3178.798369,3128.579389,3176.331813,4293470
19-01-2026,3121.278564,3176.923969,3109.932407,3145.352053,3387562
20-01-2026,3060.798584,3117.726646,3049.748462,3109.439114,4499273
21-01-2026,3080.826904,3096.514103,3040.769942,3058.529144,2015150
22-01-2026,3108.254883,3117.726554,3080.53094,3107.86033,2269827
23-01-2026,3120.193115,3151.76503,3109.833581,3147.621264,2068857
27-01-2026,3115.753418,3132.525998,3088.127992,3132.525998,4279874
28-01-2026,3157.290283,3162.321913,3128.184924,3133.512588,2751234
29-01-2026,3102.335205,3157.290262,3083.786898,3157.290262,2457641
30-01-2026,3082.109375,3098.980713,3050.636219,3098.980713,3022068
02-02-2026,3127.198242,3155.21822,3092.074391,3155.21822,2636272
03-02-2026,3182.153076,3305.184834,3143.674805,3305.184834,4366060
04-02-2026,2958.979248,3078.261796,2946.054399,3078.261796,10852595
05-02-2026,2951.480713,2989.169638,2932.537612,2950.000779,3521545
06-02-2026,2902.248291,2945.067603,2876.990663,2936.780072,4687389
09-02-2026,2908.76001,2937.174782,2898.203199,2919.514338,2380318
10-02-2026,2944.673096,2971.311899,2904.122822,2910.338591,3547763
11-02-2026,2870.873779,2957.893823,2865.348598,2940.134621,3363513
12-02-2026,2713.310059,2841.472198,2703.345077,2831.408699,10612156
13-02-2026,2656.18457,2676.706363,2550.418705,2550.418705,11168735
16-02-2026,2670.39209,2683.415456,2635.268239,2663.880286,2918730
17-02-2026,2681.047363,2723.07757,2659.144396,2679.666188,4209118
18-02-2026,2658.848389,2693.478928,2621.751534,2693.478928,2950820
19-02-2026,2642.075928,2711.928839,2630.927288,2671.773357,3238849
20-02-2026,2650.264893,2666.445644,2612.082656,2631.321792,2293482
23-02-2026,2640.497314,2667.826704,2624.612599,2650.067503,4699596
24-02-2026,2539.269775,2612.08255,2527.035755,2605.669505,7798833
25-02-2026,2594.126221,2618.693021,2560.285026,2561.271648,3621285
26-02-2026,2612.279785,2635.268133,2599.74973,2614.549065,3464267
27-02-2026,2602.117676,2652.632933,2590.969036,2645.726576,5083717
02-03-2026,2578.537354,2588.699611,2545.781542,2557.324974,3374385
04-03-2026,2553.181396,2599.749924,2545.880246,2589.8837,3446434
05-03-2026,2544.301758,2574.591016,2512.335049,2565.218103,2960636
06-03-2026,2523.385498,2584.161292,2519.439009,2537.592764,3998643
09-03-2026,2493.589111,2525.753095,2471.488868,2496.154426,3653428
10-03-2026,2479.480713,2511.151146,2456.788399,2507.00738,4323710
11-03-2026,2431.925293,2487.274902,2427.189698,2474.54757,2720664
12-03-2026,2409.726318,2439.8183,2403.412032,2426.893692,2752075
13-03-2026,2378.253174,2413.179509,2364.933772,2404.398666,2466488
16-03-2026,2376.970459,2392.55914,2334.447181,2377.759805,3807907
17-03-2026,2359.70459,2387.62605,2328.42871,2387.62605,2993367
18-03-2026,2408.147949,2449.684607,2377.759932,2377.759932,3082388
19-03-2026,2324.482178,2391.572495,2318.75972,2384.666139,2757060
20-03-2026,2358.619385,2375.58924,2332.572411,2354.080826,4206320
23-03-2026,2351.9104,2374.602714,2316.589272,2333.361852,3860515
24-03-2026,2366.709717,2402.81995,2347.273305,2371.938863,3420182
25-03-2026,2345.595947,2389.204849,2338.097762,2368.781573,5843778
27-03-2026,2357.830078,2389.698027,2353.094243,2371.741308,4979411
30-03-2026,2327.343262,2365.92029,2314.813207,2343.326736,6804756
01-04-2026,2375.983887,2438.930441,2365.821628,2396.50568,4132661
02-04-2026,2417.915283,2436.858384,2343.918609,2354.080867,5378361
06-04-2026,2440.804932,2448.796669,2415.448785,2440.90369,2572417
07-04-2026,2505.823486,2509.868493,2415.251507,2428.077597,4516550
08-04-2026,2524.963867,2545.781695,2506.119525,2537.592681,4769337
09-04-2026,2554.365234,2570.151192,2497.239897,2519.833453,5628261
10-04-2026,2490.530762,2531.475588,2467.641172,2531.475588,10480239
13-04-2026,2439.522461,2471.390169,2436.957147,2456.590834,3739587
15-04-2026,2520.721191,2524.766439,2460.043921,2468.43021,5261384
16-04-2026,2542.427002,2559.29834,2523.779936,2537.592649,3905403
17-04-2026,2546.965576,2554.365244,2521.707948,2535.619419,2718206
20-04-2026,2545.091064,2559.29833,2526.937069,2552.490732,2288558
21-04-2026,2575.577637,2579.030815,2525.753208,2525.753208,2719959
22-04-2026,2504.540771,2545.485598,2470.107749,2545.485598,5232045
23-04-2026,2488.064209,2525.259822,2482.637786,2495.167841,2509050
24-04-2026,2364.834961,2471.488931,2356.843465,2454.716351,5107719
27-04-2026,2414.856934,2426.104332,2364.834988,2364.834988,5853425
28-04-2026,2411.995605,2453.729779,2394.926991,2411.305018,4508363
29-04-2026,2441.594238,2454.617605,2414.856918,2418.211337,2835961
30-04-2026,2440.804932,2457.67627,2405.385286,2445.836802,3970446
01-05-2026,2440.804932,2440.804932,2440.804932,2440.804932,0
04-05-2026,2398.774902,2464.878598,2392.559134,2460.636074,2632358
05-05-2026,2394.828369,2427.485423,2379.930276,2397.492201,3385720
06-05-2026,2402.819824,2437.943674,2374.306536,2409.232869,3147628
07-05-2026,2369.274658,2407.06234,2365.920239,2405.582406,5829594
08-05-2026,2362.368408,2374.799946,2343.32679,2365.920345,3792199
11-05-2026,2360.888428,2382.692877,2339.281496,2339.281496,1975188
12-05-2026,2269.527344,2343.227982,2252.45873,2343.227982,6347884
13-05-2026,2242.395264,2278.30822,2238.646051,2275.151077,3171843
14-05-2026,2215.953857,2234.699683,2176.883515,2234.699683,5633313
15-05-2026,2233.712891,2274.065646,2221.873423,2221.873423,3410637
18-05-2026,2252.656006,2262.226194,2222.070714,2233.712906,3773336
19-05-2026,2295.968994,2345.793423,2266.370323,2269.231432,10394707
20-05-2026,2296.264648,2310.66943,2286.793219,2292.81147,2537422
21-05-2026,2296.067383,2304.650949,2283.044017,2299.816596,3299087
22-05-2026,2286.300049,2308.696328,2277.223171,2299.915486,2617262
25-05-2026,2308.199951,2326.100098,2293,2325,3298364
26-05-2026,2276.199951,2327.899902,2272.399902,2308.199951,3587597
27-05-2026,2284.199951,2295.600098,2260.899902,2275,2653950
28-05-2026,2284.199951,2284.199951,2284.199951,2284.199951,0
29-05-2026,2258.899902,2334,2235,2291,16331582
01-06-2026,2297.399902,2335,2280,2284,7505095
02-06-2026,2446.899902,2457.399902,2316.199951,2320,11306127
03-06-2026,2241.699951,2393,2224.800049,2393,15660062
04-06-2026,2241,2253.100098,2216.600098,2241.699951,4867263
05-06-2026,2198.899902,2271.800049,2192,2262.899902,5019717
08-06-2026,2151.399902,2177,2143.300049,2170,6536734
09-06-2026,2151,2174,2132.800049,2174,4148655
10-06-2026,2153.899902,2180.800049,2144.800049,2151.300049,2848650
11-06-2026,2135.600098,2154.600098,2110,2127,3079815
12-06-2026,2161.399902,2168,2138,2150,2124656
15-06-2026,2162,2192,2159.300049,2192,3337083
16-06-2026,2199,2209,2160.600098,2167,3079898
17-06-2026,2223,2231,2200.699951,2209,2864465
